{
  "type": "FeatureCollection",
  "features": [
    {
      "type": "Feature",
      "properties": {
        "AREA": 508103837.284,
        "PERIMETER": 132579.245551,
        "WCOLGEN02_": 151,
        "WCOLGEN021": 306,
        "DPTO": "05",
        "NOMBRE_DPT": "ANTIOQUIA",
        "MPIO": "051",
        "NOMBRE_MPI": "ARBOLETES",
        "NOMBRE_CAB": "ARBOLETES",
        "CLASEMUN": "CM",
        "MPIOS": "05051",
        "ZONA": "ZONA02",
        "OF_REG": "DAMED",
        "REG_ZONAS": "DAMEDZONA02",
        "HECTARES": 50810.384
      },
      "geometry": {
        "type": "Polygon",
        "coordinates": [
          [
            [
              -76.4482382117841,
              8.88451980324443
            ],
            [
              -76.4384418218678,
              8.87351986640541
            ],
            [
              -76.43374202184266,
              8.865420143814267
            ],
            [
              -76.4182386424779,
              8.854419202589847
            ],
            [
              -76.41183741170816,
              8.848018938782134
            ],
            [
              -76.40143825742236,
              8.839319295310021
            ],
            [
              -76.39573897668159,
              8.830618740517078
            ],
            [
              -76.39393844914564,
              8.822519044791601
            ],
            [
              -76.39103928599525,
              8.81041861459393
            ],
            [
              -76.38823934534254,
              8.794218277207957
            ],
            [
              -76.3864387967904,
              8.788417925683902
            ],
            [
              -76.38413474707366,
              8.776318455112827
            ],
            [
              -76.38013690718368,
              8.764717748929714
            ],
            [
              -76.37784050301764,
              8.75081771445319
            ],
            [
              -76.37663513531189,
              8.737517560157446
            ],
            [
              -76.37373596131755,
              8.726516734658073
            ],
            [
              -76.37083685867881,
              8.707517321968188
            ],
            [
              -76.36163561810427,
              8.692416533600033
            ],
            [
              -76.35643994049092,
              8.678516475091092
            ],
            [
              -76.3460409595485,
              8.650215672525556
            ],
            [
              -76.33394044066729,
              8.63571568438664
            ],
            [
              -76.33043845051485,
              8.632815486604025
            ],
            [
              -76.32703563626625,
              8.631014892680684
            ],
            [
              -76.32873717873844,
              8.616615163428193
            ],
            [
              -76.33503936256503,
              8.607414984715337
            ],
            [
              -76.33854148073567,
              8.595815301053445
            ],
            [
              -76.34773538282026,
              8.57801478396241
            ],
            [
              -76.35113828427745,
              8.569914182891173
            ],
            [
              -76.3534349597975,
              8.55321416251643
            ],
            [
              -76.35464063414608,
              8.531814355822561
            ],
            [
              -76.35803600594303,
              8.51221417871618
            ],
            [
              -76.36384236169076,
              8.491413328861993
            ],
            [
              -76.37704170099103,
              8.489114099663295
            ],
            [
              -76.39433826935124,
              8.475413559486139
            ],
            [
              -76.40353972461652,
              8.46621340554982
            ],
            [
              -76.41224527244013,
              8.454613766987642
            ],
            [
              -76.41504545368029,
              8.443713131430076
            ],
            [
              -76.42944285539762,
              8.417712845291044
            ],
            [
              -76.4433440391442,
              8.425312907688411
            ],
            [
              -76.4525452751617,
              8.44151329326635
            ],
            [
              -76.4571457277131,
              8.468714437458603
            ],
            [
              -76.4646455426501,
              8.485514679890079
            ],
            [
              -76.48144588439554,
              8.50631477315461
            ],
            [
              -76.50214502952795,
              8.52201552798536
            ],
            [
              -76.51664130224127,
              8.532515765597035
            ],
            [
              -76.50274748557767,
              8.55491588522942
            ],
            [
              -76.49994730724883,
              8.565315836198536
            ],
            [
              -76.48493957290142,
              8.586115656412074
            ],
            [
              -76.46184436938364,
              8.609616252282049
            ],
            [
              -76.446340746938,
              8.625816426950319
            ],
            [
              -76.43134074956845,
              8.634416660435374
            ],
            [
              -76.4065365471262,
              8.65271677549652
            ],
            [
              -76.39854051469268,
              8.668916061629206
            ],
            [
              -76.40253827390504,
              8.689717001645114
            ],
            [
              -76.41643937868338,
              8.70591743519045
            ],
            [
              -76.4319427282682,
              8.72041745650258
            ],
            [
              -76.44353973592891,
              8.729717932406029
            ],
            [
              -76.45734175808619,
              8.734417833185866
            ],
            [
              -76.47114375445094,
              8.742017901916865
            ],
            [
              -76.48614361381692,
              8.749018111223416
            ],
            [
              -76.49254483586047,
              8.756518931122017
            ],
            [
              -76.49824413854802,
              8.762919187940144
            ],
            [
              -76.50173841666157,
              8.775018670254699
            ],
            [
              -76.50294380485425,
              8.786019482772659
            ],
            [
              -76.50813950263826,
              8.79761924768858
            ],
            [
              -76.51274009722353,
              8.808019266835098
            ],
            [
              -76.51794351838873,
              8.80922000769942
            ],
            [
              -76.49374211606869,
              8.820619235706367
            ],
            [
              -76.48853862177778,
              8.82752008249727
            ],
            [
              -76.47003651643779,
              8.84591943793732
            ],
            [
              -76.45514324176533,
              8.864419916498708
            ],
            [
              -76.45514317901743,
              8.871319856223382
            ],
            [
              -76.4660382518808,
              8.881120062317887
            ],
            [
              -76.46084242883184,
              8.88342031338444
            ],
            [
              -76.4482382117841,
              8.88451980324443
            ]
          ]
        ]
      }
    },
    {
      "type": "Feature",
      "properties": {
        "AREA": 349663268.341,
        "PERIMETER": 83583.69578,
        "WCOLGEN02_": 159,
        "WCOLGEN021": 381,
        "DPTO": "05",
        "NOMBRE_DPT": "ANTIOQUIA",
        "MPIO": "659",
        "NOMBRE_MPI": "SAN JUAN DE URABA",
        "NOMBRE_CAB": "SAN JUAN DE URABA",
        "CLASEMUN": "CM",
        "MPIOS": "05659",
        "ZONA": "ZONA02",
        "OF_REG": "DAMED",
        "REG_ZONAS": "DAMEDZONA02",
        "HECTARES": 34966.327
      },
      "geometry": {
        "type": "Polygon",
        "coordinates": [
          [
            [
              -76.51794351838873,
              8.80922000769942
            ],
            [
              -76.51274009722353,
              8.808019266835098
            ],
            [
              -76.50813950263826,
              8.79761924768858
            ],
            [
              -76.50294380485425,
              8.786019482772659
            ],
            [
              -76.50173841666157,
              8.775018670254699
            ],
            [
              -76.49824413854802,
              8.762919187940144
            ],
            [
              -76.49254483586047,
              8.756518931122017
            ],
            [
              -76.48614361381692,
              8.749018111223416
            ],
            [
              -76.47114375445094,
              8.742017901916865
            ],
            [
              -76.45734175808619,
              8.734417833185866
            ],
            [
              -76.44353973592891,
              8.729717932406029
            ],
            [
              -76.4319427282682,
              8.72041745650258
            ],
            [
              -76.41643937868338,
              8.70591743519045
            ],
            [
              -76.40253827390504,
              8.689717001645114
            ],
            [
              -76.39854051469268,
              8.668916061629206
            ],
            [
              -76.4065365471262,
              8.65271677549652
            ],
            [
              -76.43134074956845,
              8.634416660435374
            ],
            [
              -76.446340746938,
              8.625816426950319
            ],
            [
              -76.46184436938364,
              8.609616252282049
            ],
            [
              -76.48493957290142,
              8.586115656412074
            ],
            [
              -76.49994730724883,
              8.565315836198536
            ],
            [
              -76.50274748557767,
              8.55491588522942
            ],
            [
              -76.51664130224127,
              8.532515765597035
            ],
            [
              -76.53274739431163,
              8.547615658223757
            ],
            [
              -76.54144510728261,
              8.559716136194238
            ],
            [
              -76.54834222872103,
              8.570716042063347
            ],
            [
              -76.55644484168458,
              8.581216225775595
            ],
            [
              -76.56394470221254,
              8.592716824069193
            ],
            [
              -76.5644481325852,
              8.607216712987354
            ],
            [
              -76.56214385625621,
              8.62051683708657
            ],
            [
              -76.55934365675454,
              8.633217086702519
            ],
            [
              -76.55524639883426,
              8.647617752262306
            ],
            [
              -76.56274623732122,
              8.661517833046853
            ],
            [
              -76.56854468056969,
              8.673118555398485
            ],
            [
              -76.56914730693134,
              8.68631856859486
            ],
            [
              -76.56914718860132,
              8.699618714019902
            ],
            [
              -76.57664703183106,
              8.712918925827193
            ],
            [
              -76.57954626838513,
              8.717018860142785
            ],
            [
              -76.61704581367027,
              8.746619789966765
            ],
            [
              -76.61294866221084,
              8.748920051554434
            ],
            [
              -76.6101485692721,
              8.74951989713189
            ],
            [
              -76.59854373385593,
              8.762119933324822
            ],
            [
              -76.59394303970399,
              8.762719762883826
            ],
            [
              -76.58364291849615,
              8.770720168435536
            ],
            [
              -76.57784434616809,
              8.773619331464417
            ],
            [
              -76.56744503396112,
              8.782219606346912
            ],
            [
              -76.55764084021592,
              8.790320153387711
            ],
            [
              -76.53524004377472,
              8.801119527854597
            ],
            [
              -76.51794351838873,
              8.80922000769942
            ]
          ]
        ]
      }
    },
    {
      "type": "Feature",
      "properties": {
        "AREA": 1292389463.51,
        "PERIMETER": 167152.803608,
        "WCOLGEN02_": 164,
        "WCOLGEN021": 363,
        "DPTO": "05",
        "NOMBRE_DPT": "ANTIOQUIA",
        "MPIO": "490",
        "NOMBRE_MPI": "NECOCLI",
        "NOMBRE_CAB": "NECOCLI",
        "CLASEMUN": "CM",
        "MPIOS": "05490",
        "ZONA": "ZONA02",
        "OF_REG": "DAMED",
        "REG_ZONAS": "DAMEDZONA02",
        "HECTARES": 129238.946
      },
      "geometry": {
        "type": "Polygon",
        "coordinates": [
          [
            [
              -76.51664130224127,
              8.532515765597035
            ],
            [
              -76.50214502952795,
              8.52201552798536
            ],
            [
              -76.48144588439554,
              8.50631477315461
            ],
            [
              -76.4646455426501,
              8.485514679890079
            ],
            [
              -76.4571457277131,
              8.468714437458603
            ],
            [
              -76.4525452751617,
              8.44151329326635
            ],
            [
              -76.4433440391442,
              8.425312907688411
            ],
            [
              -76.42944285539762,
              8.417712845291044
            ],
            [
              -76.43414275818199,
              8.414312985979944
            ],
            [
              -76.43923940870842,
              8.410313259975231
            ],
            [
              -76.44504559398457,
              8.409112615710168
            ],
            [
              -76.45084419349503,
              8.402812598999091
            ],
            [
              -76.45254563369701,
              8.399913400495738
            ],
            [
              -76.46464635105502,
              8.391913010820218
            ],
            [
              -76.47674708905573,
              8.381513140756425
            ],
            [
              -76.48304157735127,
              8.379812767673315
            ],
            [
              -76.49344839005582,
              8.385713326921167
            ],
            [
              -76.50904334178936,
              8.395513562885519
            ],
            [
              -76.53674662615023,
              8.399113973002885
            ],
            [
              -76.54704660427109,
              8.407313875112457
            ],
            [
              -76.56034513136198,
              8.405013691518494
            ],
            [
              -76.57074439504458,
              8.40161388020927
            ],
            [
              -76.58514933292545,
              8.38661343469269
            ],
            [
              -76.59544945564629,
              8.378014112033439
            ],
            [
              -76.61044942790745,
              8.372314042479724
            ],
            [
              -76.61685069299728,
              8.37521426384791
            ],
            [
              -76.62834851524649,
              8.385114603099384
            ],
            [
              -76.65025325223884,
              8.389214696638229
            ],
            [
              -76.67215043885054,
              8.384114555505128
            ],
            [
              -76.68025319872739,
              8.377814556797558
            ],
            [
              -76.6848539911463,
              8.36571419381304
            ],
            [
              -76.69055340168748,
              8.359914861214213
            ],
            [
              -76.70095266651484,
              8.356514095343195
            ],
            [
              -76.71655534976726,
              8.354814754008126
            ],
            [
              -76.73675107750209,
              8.354915062010488
            ],
            [
              -76.76615576463581,
              8.360814829044212
            ],
            [
              -76.76665166827897,
              8.363715000726167
            ],
            [
              -76.7695584878965,
              8.373515131001986
            ],
            [
              -76.77995756555343,
              8.392115965086603
            ],
            [
              -76.79495715992711,
              8.430816784973327
            ],
            [
              -76.80185427449766,
              8.443016431652177
            ],
            [
              -76.8134588939633,
              8.455217072569223
            ],
            [
              -76.82325513262687,
              8.484717615480797
            ],
            [
              -76.83945273745432,
              8.505517710475386
            ],
            [
              -76.86015953511998,
              8.519518042815038
            ],
            [
              -76.87915731780214,
              8.530018322433275
            ],
            [
              -76.89705645461527,
              8.537519240980588
            ],
            [
              -76.92245552987485,
              8.548019576697614
            ],
            [
              -76.93515895789997,
              8.544619784644613
            ],
            [
              -76.93396115038033,
              8.538819437241488
            ],
            [
              -76.932862507651,
              8.53541952617193
            ],
            [
              -76.94436041330019,
              8.536019495650407
            ],
            [
              -76.94896100791162,
              8.547019385458375
            ],
            [
              -76.9449629359331,
              8.561420056662628
            ],
            [
              -76.93686010716543,
              8.575219868299158
            ],
            [
              -76.91845722985691,
              8.588519857523124
            ],
            [
              -76.90405991461643,
              8.603420171556316
            ],
            [
              -76.90465494715224,
              8.612720553170341
            ],
            [
              -76.88616048476239,
              8.629320305377373
            ],
            [
              -76.87115287157074,
              8.635620244998528
            ],
            [
              -76.84695917418676,
              8.637820194778538
            ],
            [
              -76.83145565865581,
              8.641219961141042
            ],
            [
              -76.80605642881328,
              8.648619412957316
            ],
            [
              -76.78534948047962,
              8.652020087182294
            ],
            [
              -76.7605529901149,
              8.660019414048001
            ],
            [
              -76.7386481751614,
              8.664519680797882
            ],
            [
              -76.71845239547528,
              8.670219703099683
            ],
            [
              -76.69534968730696,
              8.678818914234489
            ],
            [
              -76.68675097097707,
              8.688019076564487
            ],
            [
              -76.68095232724698,
              8.698919690972684
            ],
            [
              -76.67355145783104,
              8.709319604524524
            ],
            [
              -76.66425078614644,
              8.721419928796257
            ],
            [
              -76.64184992576406,
              8.739219382761753
            ],
            [
              -76.61704581367027,
              8.746619789966765
            ],
            [
              -76.57954626838513,
              8.717018860142785
            ],
            [
              -76.57664703183106,
              8.712918925827193
            ],
            [
              -76.56914718860132,
              8.699618714019902
            ],
            [
              -76.56914730693134,
              8.68631856859486
            ],
            [
              -76.56854468056969,
              8.673118555398485
            ],
            [
              -76.56274623732122,
              8.661517833046853
            ],
            [
              -76.55524639883426,
              8.647617752262306
            ],
            [
              -76.55934365675454,
              8.633217086702519
            ],
            [
              -76.56214385625621,
              8.62051683708657
            ],
            [
              -76.5644481325852,
              8.607216712987354
            ],
            [
              -76.56394470221254,
              8.592716824069193
            ],
            [
              -76.55644484168458,
              8.581216225775595
            ],
            [
              -76.54834222872103,
              8.570716042063347
            ],
            [
              -76.54144510728261,
              8.559716136194238
            ],
            [
              -76.53274739431163,
              8.547615658223757
            ],
            [
              -76.51664130224127,
              8.532515765597035
            ]
          ]
        ]
      }
    },
    {
      "type": "Feature",
      "properties": {
        "AREA": 716404308.026,
        "PERIMETER": 127954.638187,
        "WCOLGEN02_": 168,
        "WCOLGEN021": 384,
        "DPTO": "05",
        "NOMBRE_DPT": "ANTIOQUIA",
        "MPIO": "665",
        "NOMBRE_MPI": "SAN PEDRO DE URABA",
        "NOMBRE_CAB": "SAN PEDRO DE URABA",
        "CLASEMUN": "CM",
        "MPIOS": "05665",
        "ZONA": "ZONA02",
        "OF_REG": "DAMED",
        "REG_ZONAS": "DAMEDZONA02",
        "HECTARES": 71640.431
      },
      "geometry": {
        "type": "Polygon",
        "coordinates": [
          [
            [
              -76.32703563626625,
              8.631014892680684
            ],
            [
              -76.31894063438027,
              8.62291514449241
            ],
            [
              -76.30393314196263,
              8.616514809034964
            ],
            [
              -76.29473942264049,
              8.613614561649872
            ],
            [
              -76.28833812498152,
              8.614715062216089
            ],
            [
              -76.27283472518985,
              8.606014426025014
            ],
            [
              -76.25953626833443,
              8.600714662651303
            ],
            [
              -76.2485343809203,
              8.590814326219403
            ],
            [
              -76.23643377003742,
              8.586813497391345
            ],
            [
              -76.22373043262961,
              8.580913869690212
            ],
            [
              -76.22433321654569,
              8.576313281853555
            ],
            [
              -76.21393405160224,
              8.5688133853022
            ],
            [
              -76.21283544694067,
              8.561213432649906
            ],
            [
              -76.21103495798914,
              8.548513148347078
            ],
            [
              -76.20873094615096,
              8.531813090780012
            ],
            [
              -76.20813594358563,
              8.519112817430843
            ],
            [
              -76.2047332964117,
              8.49821270750448
            ],
            [
              -76.20183414039367,
              8.484912544839565
            ],
            [
              -76.1983322651806,
              8.468811394665765
            ],
            [
              -76.19723365974845,
              8.461211443064435
            ],
            [
              -76.19433449804626,
              8.448511151072308
            ],
            [
              -76.19253401283905,
              8.435210998831394
            ],
            [
              -76.192030554577,
              8.423711421378297
            ],
            [
              -76.193136925695,
              8.415610802788818
            ],
            [
              -76.19713488373613,
              8.4139113645388
            ],
            [
              -76.21613286881454,
              8.399510834280727
            ],
            [
              -76.23063697720924,
              8.38571108894868
            ],
            [
              -76.2432336646145,
              8.372511197077506
            ],
            [
              -76.25073367340782,
              8.366710928907498
            ],
            [
              -76.26223937368802,
              8.347110825638483
            ],
            [
              -76.28013883401032,
              8.315510517292985
            ],
            [
              -76.2956425120438,
              8.291809588226275
            ],
            [
              -76.3089411863428,
              8.271709767180967
            ],
            [
              -76.32443721873642,
              8.249809401094616
            ],
            [
              -76.33943730327138,
              8.23020932662055
            ],
            [
              -76.35153822695102,
              8.197309092276916
            ],
            [
              -76.36134243660739,
              8.186409471623142
            ],
            [
              -76.36934616168448,
              8.161608877152092
            ],
            [
              -76.37935639876478,
              8.147498190022738
            ],
            [
              -76.38384254195047,
              8.159408838680582
            ],
            [
              -76.3849410355407,
              8.180709473437265
            ],
            [
              -76.39073939093961,
              8.203310024921006
            ],
            [
              -76.40114602441093,
              8.230510254187845
            ],
            [
              -76.4017407827368,
              8.272610828571269
            ],
            [
              -76.40524255785537,
              8.301010742644134
            ],
            [
              -76.4058448931673,
              8.348911653275978
            ],
            [
              -76.40414309658664,
              8.393412647525228
            ],
            [
              -76.41454222533643,
              8.405513135180653
            ],
            [
              -76.42143939655543,
              8.41081284082473
            ],
            [
              -76.42944285539762,
              8.417712845291044
            ],
            [
              -76.41504545368029,
              8.443713131430076
            ],
            [
              -76.41224527244013,
              8.454613766987642
            ],
            [
              -76.40353972461652,
              8.46621340554982
            ],
            [
              -76.39433826935124,
              8.475413559486139
            ],
            [
              -76.37704170099103,
              8.489114099663295
            ],
            [
              -76.36384236169076,
              8.491413328861993
            ],
            [
              -76.35803600594303,
              8.51221417871618
            ],
            [
              -76.35464063414608,
              8.531814355822561
            ],
            [
              -76.3534349597975,
              8.55321416251643
            ],
            [
              -76.35113828427745,
              8.569914182891173
            ],
            [
              -76.34773538282026,
              8.57801478396241
            ],
            [
              -76.33854148073567,
              8.595815301053445
            ],
            [
              -76.33503936256503,
              8.607414984715337
            ],
            [
              -76.32873717873844,
              8.616615163428193
            ],
            [
              -76.32703563626625,
              8.631014892680684
            ]
          ]
        ]
      }
    },
    {
      "type": "Feature",
      "properties": {
        "AREA": 3332523774.08,
        "PERIMETER": 478772.870184,
        "WCOLGEN02_": 181,
        "WCOLGEN021": 399,
        "DPTO": "05",
        "NOMBRE_DPT": "ANTIOQUIA",
        "MPIO": "837",
        "NOMBRE_MPI": "TURBO",
        "NOMBRE_CAB": "TURBO",
        "CLASEMUN": "CM",
        "MPIOS": "05837",
        "ZONA": "ZONA02",
        "OF_REG": "DAMED",
        "REG_ZONAS": "DAMEDZONA02",
        "HECTARES": 333252.377
      },
      "geometry": {
        "type": "Polygon",
        "coordinates": [
          [
            [
              -76.76615576463581,
              8.360814829044212
            ],
            [
              -76.73675107750209,
              8.354915062010488
            ],
            [
              -76.71655534976726,
              8.354814754008126
            ],
            [
              -76.70095266651484,
              8.356514095343195
            ],
            [
              -76.69055340168748,
              8.359914861214213
            ],
            [
              -76.6848539911463,
              8.36571419381304
            ],
            [
              -76.68025319872739,
              8.377814556797558
            ],
            [
              -76.67215043885054,
              8.384114555505128
            ],
            [
              -76.65025325223884,
              8.389214696638229
            ],
            [
              -76.62834851524649,
              8.385114603099384
            ],
            [
              -76.61685069299728,
              8.37521426384791
            ],
            [
              -76.61044942790745,
              8.372314042479724
            ],
            [
              -76.59544945564629,
              8.378014112033439
            ],
            [
              -76.58514933292545,
              8.38661343469269
            ],
            [
              -76.57074439504458,
              8.40161388020927
            ],
            [
              -76.56034513136198,
              8.405013691518494
            ],
            [
              -76.54704660427109,
              8.407313875112457
            ],
            [
              -76.53674662615023,
              8.399113973002885
            ],
            [
              -76.50904334178936,
              8.395513562885519
            ],
            [
              -76.49344839005582,
              8.385713326921167
            ],
            [
              -76.48304157735127,
              8.379812767673315
            ],
            [
              -76.47674708905573,
              8.381513140756425
            ],
            [
              -76.46464635105502,
              8.391913010820218
            ],
            [
              -76.45254563369701,
              8.399913400495738
            ],
            [
              -76.45084419349503,
              8.402812598999091
            ],
            [
              -76.44504559398457,
              8.409112615710168
            ],
            [
              -76.43923940870842,
              8.410313259975231
            ],
            [
              -76.43414275818199,
              8.414312985979944
            ],
            [
              -76.42944285539762,
              8.417712845291044
            ],
            [
              -76.42143939655543,
              8.41081284082473
            ],
            [
              -76.41454222533643,
              8.405513135180653
            ],
            [
              -76.40414309658664,
              8.393412647525228
            ],
            [
              -76.4058448931673,
              8.348911653275978
            ],
            [
              -76.40524255785537,
              8.301010742644134
            ],
            [
              -76.4017407827368,
              8.272610828571269
            ],
            [
              -76.40114602441093,
              8.230510254187845
            ],
            [
              -76.39073939093961,
              8.203310024921006
            ],
            [
              -76.3849410355407,
              8.180709473437265
            ],
            [
              -76.38384254195047,
              8.159408838680582
            ],
            [
              -76.37935639876478,
              8.147498190022738
            ],
            [
              -76.38204207213968,
              8.143708255499053
            ],
            [
              -76.38954214194021,
              8.130508319731216
            ],
            [
              -76.38894704725885,
              8.128208019002551
            ],
            [
              -76.39184641604358,
              8.116608334027408
            ],
            [
              -76.39584449363856,
              8.100508203891634
            ],
            [
              -76.39764513747616,
              8.095307757354712
            ],
            [
              -76.4022459110862,
              8.084907826203132
            ],
            [
              -76.40334462076346,
              8.080308197442946
            ],
            [
              -76.42414320474812,
              8.065907677363162
            ],
            [
              -76.44254600669855,
              8.059707901475855
            ],
            [
              -76.47195094745264,
              8.03380787934182
            ],
            [
              -76.48975108760973,
              8.01770786124124
            ],
            [
              -76.53124909914558,
              7.985507394973161
            ],
            [
              -76.5624545469145,
              7.971207570480101
            ],
            [
              -76.5854504288289,
              7.962607873184028
            ],
            [
              -76.60795040560528,
              7.951207666189747
            ],
            [
              -76.63615734050308,
              7.943807749808221
            ],
            [
              -76.64655660288713,
              7.940407935030022
            ],
            [
              -76.65695591711739,
              7.930607918628769
            ],
            [
              -76.6707580293964,
              7.92490783501805
            ],
            [
              -76.68745939649321,
              7.921508070504562
            ],
            [
              -76.70075791402576,
              7.92040809776759
            ],
            [
              -76.71335454917478,
              7.913507787467085
            ],
            [
              -76.72315881491743,
              7.895607614561263
            ],
            [
              -76.73585464945084,
              7.88700783230607
            ],
            [
              -76.76175746474428,
              7.875007779712414
            ],
            [
              -76.76755602047088,
              7.873907746506932
            ],
            [
              -76.77855806923066,
              7.865307950267629
            ],
            [
              -76.79175749014259,
              7.853207658624243
            ],
            [
              -76.80616239369276,
              7.841707723116405
            ],
            [
              -76.8061624901385,
              7.829607326603197
            ],
            [
              -76.80966466808172,
              7.80940728378724
            ],
            [
              -76.80955799950006,
              7.790907162067451
            ],
            [
              -76.80495741068832,
              7.778206860106741
            ],
            [
              -76.80266095911736,
              7.768306605014963
            ],
            [
              -76.80205829751283,
              7.757906630762958
            ],
            [
              -76.8003646799956,
              7.73650585529073
            ],
            [
              -76.79286477145314,
              7.729605862966409
            ],
            [
              -76.78596011815777,
              7.704705489274136
            ],
            [
              -76.79455892427323,
              7.682805062881302
            ],
            [
              -76.79915974851271,
              7.665505196876921
            ],
            [
              -76.78415988694795,
              7.657304793860776
            ],
            [
              -76.76455937143872,
              7.644604378625389
            ],
            [
              -76.73855763414275,
              7.623103758810093
            ],
            [
              -76.7143564852662,
              7.603303579982188
            ],
            [
              -76.71515779184489,
              7.578489580310569
            ],
            [
              -76.70526226295497,
              7.559215472281255
            ],
            [
              -76.69397051953321,
              7.538031594459286
            ],
            [
              -76.66375718143435,
              7.519798760390571
            ],
            [
              -76.6614989263854,
              7.503302805615832
            ],
            [
              -76.6442485271845,
              7.467151233351379
            ],
            [
              -76.74920984680134,
              7.466927910412767
            ],
            [
              -76.7492861417774,
              7.467150597095717
            ],
            [
              -76.75875431180853,
              7.499531708969738
            ],
            [
              -76.80083898454531,
              7.57392445617707
            ],
            [
              -76.81757838684783,
              7.585273471613971
            ],
            [
              -76.84396176986067,
              7.586124840536031
            ],
            [
              -76.8575806803684,
              7.592083111064215
            ],
            [
              -76.8938979443701,
              7.586125223418399
            ],
            [
              -76.95149406976789,
              7.617051387310713
            ],
            [
              -76.95381348435052,
              7.617643168659938
            ],
            [
              -76.98043334491084,
              7.624428388083348
            ],
            [
              -76.99830942091761,
              7.655070051800578
            ],
            [
              -77.01767337373164,
              7.673906975422305
            ],
            [
              -77.03496972404587,
              7.687907253754326
            ],
            [
              -77.06437428286718,
              7.711707728459412
            ],
            [
              -77.08517264787704,
              7.726208245444638
            ],
            [
              -77.09837188507085,
              7.737808537405
            ],
            [
              -77.11167019482166,
              7.763809049502568
            ],
            [
              -77.12956917600819,
              7.792209556257555
            ],
            [
              -77.14567519384659,
              7.819409833683692
            ],
            [
              -77.13307087850787,
              7.832110004830831
            ],
            [
              -77.12206892248051,
              7.828609881033161
            ],
            [
              -77.11227240437299,
              7.831409833285055
            ],
            [
              -77.10537506857972,
              7.845809998937286
            ],
            [
              -77.09617361781582,
              7.854509949892681
            ],
            [
              -77.08227230979595,
              7.860809906291649
            ],
            [
              -77.06786743974713,
              7.867610068181683
            ],
            [
              -77.05987144485893,
              7.880310274920316
            ],
            [
              -77.03626503127157,
              7.907410577398868
            ],
            [
              -77.0333656927698,
              7.915410570628191
            ],
            [
              -77.0264682812033,
              7.939110629809241
            ],
            [
              -77.03046611163025,
              7.953510882493428
            ],
            [
              -77.02707078763976,
              7.968511423067604
            ],
            [
              -77.01606873444543,
              7.977211358797225
            ],
            [
              -77.01556509198642,
              7.987611328922941
            ],
            [
              -77.0183651147776,
              7.99571150570814
            ],
            [
              -77.01836505384999,
              8.003211313012677
            ],
            [
              -77.0022662601589,
              8.026812115315767
            ],
            [
              -76.98906682525822,
              8.040012012692895
            ],
            [
              -76.97997221876953,
              8.045062673876586
            ],
            [
              -76.97586741380967,
              8.05034130710865
            ],
            [
              -76.96410998802875,
              8.063324728543234
            ],
            [
              -76.9602874881816,
              8.06769831349887
            ],
            [
              -76.95919636706027,
              8.077265709026705
            ],
            [
              -76.96082902406812,
              8.088472517660719
            ],
            [
              -76.9652083661747,
              8.099132885310329
            ],
            [
              -76.96875606077359,
              8.111433590906577
            ],
            [
              -76.96821416468438,
              8.134394595558277
            ],
            [
              -76.96903033320066,
              8.159269665220389
            ],
            [
              -76.97039590543552,
              8.175943970491597
            ],
            [
              -76.97313492471731,
              8.17977019238912
            ],
            [
              -76.98215301117477,
              8.201638350556163
            ],
            [
              -76.98953077782585,
              8.216398653259523
            ],
            [
              -76.99062935874915,
              8.227332704691989
            ],
            [
              -76.993085981698,
              8.242913139601262
            ],
            [
              -76.99336060623476,
              8.24810693134698
            ],
            [
              -76.99336056036165,
              8.25357442953915
            ],
            [
              -76.99445156172496,
              8.258494519446849
            ],
            [
              -76.99664123540727,
              8.263414618549463
            ],
            [
              -76.99776273706051,
              8.270515795249457
            ],
            [
              -76.9908654725052,
              8.275715249441829
            ],
            [
              -76.98046631697261,
              8.265815872244081
            ],
            [
              -76.97016634213071,
              8.256515412763381
            ],
            [
              -76.97476711889895,
              8.246214657980234
            ],
            [
              -76.98336586719357,
              8.232914585076683
            ],
            [
              -76.9816645714755,
              8.21851482351527
            ],
            [
              -76.9672598686075,
              8.20511442290367
            ],
            [
              -76.95045948815235,
              8.187114362210249
            ],
            [
              -76.94356240666062,
              8.17041330815168
            ],
            [
              -76.94986455113121,
              8.165813719397745
            ],
            [
              -76.95446525543802,
              8.164113330314944
            ],
            [
              -76.96362088697686,
              8.160605738590982
            ],
            [
              -76.95966117510015,
              8.150213359966768
            ],
            [
              -76.95166533537592,
              8.143813089283315
            ],
            [
              -76.94986485272634,
              8.129413328888997
            ],
            [
              -76.96206486633409,
              8.108399852444176
            ],
            [
              -76.94986508624939,
              8.101112617536868
            ],
            [
              -76.9463630972031,
              8.097612551543763
            ],
            [
              -76.93486507304115,
              8.11141233227578
            ],
            [
              -76.92216163221133,
              8.116612692420642
            ],
            [
              -76.91356283893681,
              8.135612960898309
            ],
            [
              -76.8997607789795,
              8.134413107190225
            ],
            [
              -76.88875877430453,
              8.137213046635042
            ],
            [
              -76.86345876696312,
              8.140612738578739
            ],
            [
              -76.86576300369477,
              8.131312386174132
            ],
            [
              -76.87606309270124,
              8.126812014205536
            ],
            [
              -76.88706506907808,
              8.127412928354742
            ],
            [
              -76.89276452207474,
              8.116412176856056
            ],
            [
              -76.90606312861365,
              8.104912708414979
            ],
            [
              -76.90606317145894,
              8.099714151762386
            ],
            [
              -76.87036384556846,
              8.112911956054909
            ],
            [
              -76.86396259790864,
              8.10761225612013
            ],
            [
              -76.85356343647473,
              8.098411937318708
            ],
            [
              -76.86106343788113,
              8.093811405037249
            ],
            [
              -76.8749647307274,
              8.089211878705484
            ],
            [
              -76.86976136875096,
              8.08051133540661
            ],
            [
              -76.85766075410923,
              8.075811459458752
            ],
            [
              -76.85296101583407,
              8.059111381243302
            ],
            [
              -76.86506168788998,
              8.056811183039398
            ],
            [
              -76.8829608315169,
              8.063811402703353
            ],
            [
              -76.86966242925818,
              8.050511154042164
            ],
            [
              -76.86735843070599,
              8.030810791600029
            ],
            [
              -76.89155970322686,
              8.035011032240844
            ],
            [
              -76.90486579703128,
              8.040811473990146
            ],
            [
              -76.91586010150417,
              8.04661189713035
            ],
            [
              -76.9331641884825,
              8.046712175025112
            ],
            [
              -76.94176291392331,
              8.03581158430629
            ],
            [
              -76.94346445240865,
              8.020811030474345
            ],
            [
              -76.94806529802375,
              8.001711546846568
            ],
            [
              -76.94686765603073,
              7.975110779568563
            ],
            [
              -76.944067749804,
              7.952610383953532
            ],
            [
              -76.93936799113898,
              7.93810998958753
            ],
            [
              -76.9341646177856,
              7.930610141732235
            ],
            [
              -76.90306619323634,
              7.917809486519732
            ],
            [
              -76.8909655542094,
              7.916009302857329
            ],
            [
              -76.87596563670324,
              7.914809442892412
            ],
            [
              -76.84946016280635,
              7.915809173160508
            ],
            [
              -76.83845816839587,
              7.917509034645422
            ],
            [
              -76.82586155989829,
              7.920908832811915
            ],
            [
              -76.81025887629832,
              7.92260865733515
            ],
            [
              -76.79645676214385,
              7.928308741927802
            ],
            [
              -76.77275897956478,
              7.932808530225044
            ],
            [
              -76.76525898453197,
              7.936808715667335
            ],
            [
              -76.75785808134691,
              7.952409089695717
            ],
            [
              -76.75205939907718,
              7.969109079311365
            ],
            [
              -76.75096050183573,
              7.996809425334312
            ],
            [
              -76.75096029870994,
              8.021709751928844
            ],
            [
              -76.74925877011934,
              8.0355096091522
            ],
            [
              -76.74515381991667,
              8.058610770061389
            ],
            [
              -76.74515373940744,
              8.068410872302113
            ],
            [
              -76.74575632095184,
              8.088111219311083
            ],
            [
              -76.75505688999674,
              8.087510471677202
            ],
            [
              -76.75735340988874,
              8.088711184235862
            ],
            [
              -76.75735329029047,
              8.10321106370982
            ],
            [
              -76.75565932313664,
              8.125111552205926
            ],
            [
              -76.75215712853338,
              8.146511339770017
            ],
            [
              -76.75155423605482,
              8.164412068393553
            ],
            [
              -76.75905398213705,
              8.190412541358207
            ],
            [
              -76.7706584349606,
              8.222813253787796
            ],
            [
              -76.77465612368421,
              8.253413340428397
            ],
            [
              -76.78045448047673,
              8.276013902761795
            ],
            [
              -76.78625289597767,
              8.291614390846298
            ],
            [
              -76.78565766518247,
              8.305414261389071
            ],
            [
              -76.77415203354637,
              8.316414010293315
            ],
            [
              -76.76725469715159,
              8.33021478162724
            ],
            [
              -76.76665188459789,
              8.338314454861306
            ],
            [
              -76.76665181568438,
              8.34641508693184
            ],
            [
              -76.76615576463581,
              8.360814829044212
            ]
          ]
        ]
      }
    },
    {
      "type": "Feature",
      "properties": {
        "AREA": 491576176.836,
        "PERIMETER": 115760.471841,
        "WCOLGEN02_": 195,
        "WCOLGEN021": 364,
        "DPTO": "05",
        "NOMBRE_DPT": "ANTIOQUIA",
        "MPIO": "495",
        "NOMBRE_MPI": "NECHI",
        "NOMBRE_CAB": "NECHI",
        "CLASEMUN": "CM",
        "MPIOS": "05495",
        "ZONA": "ZONA04",
        "OF_REG": "DAMED",
        "REG_ZONAS": "DAMEDZONA04",
        "HECTARES": 49157.618
      },
      "geometry": {
        "type": "Polygon",
        "coordinates": [
          [
            [
              -74.83052787871992,
              8.182526581841536
            ],
            [
              -74.81639018493313,
              8.176496301633875
            ],
            [
              -74.8030918054262,
              8.164295676069115
            ],
            [
              -74.79158633983766,
              8.158495257022794
            ],
            [
              -74.78468921868372,
              8.148594978157245
            ],
            [
              -74.77828804853117,
              8.135894679854962
            ],
            [
              -74.78518540483138,
              8.117994994136977
            ],
            [
              -74.79389090062472,
              8.11049527575739
            ],
            [
              -74.79328826009544,
              8.098394895429017
            ],
            [
              -74.79268560511494,
              8.087994938406462
            ],
            [
              -74.7903891186424,
              8.083394335296536
            ],
            [
              -74.77938728280361,
              8.068894393437205
            ],
            [
              -74.77188738401931,
              8.063094009573708
            ],
            [
              -74.76499029554361,
              8.049193971432112
            ],
            [
              -74.7701862043777,
              8.035294034017287
            ],
            [
              -74.78398838742952,
              8.018093459016784
            ],
            [
              -74.79438769412307,
              8.007093725187666
            ],
            [
              -74.79608926931735,
              7.987493574932463
            ],
            [
              -74.80239143290697,
              7.978893282383786
            ],
            [
              -74.81508727356592,
              7.96679348993329
            ],
            [
              -74.81968809659367,
              7.949493178671541
            ],
            [
              -74.82258746410567,
              7.937392828905015
            ],
            [
              -74.8248917046257,
              7.92699289725096
            ],
            [
              -74.8242890953635,
              7.910792621162394
            ],
            [
              -74.82079489943199,
              7.888292269556921
            ],
            [
              -74.82199295839153,
              7.863392005024178
            ],
            [
              -74.81389045661174,
              7.84029174879171
            ],
            [
              -74.81099135808496,
              7.819491350010336
            ],
            [
              -74.80699351961175,
              7.807291285854344
            ],
            [
              -74.8045902636127,
              7.79689084078238
            ],
            [
              -74.82998948073008,
              7.783691073232341
            ],
            [
              -74.85189422408872,
              7.782091440396834
            ],
            [
              -74.86809193245954,
              7.787391682183053
            ],
            [
              -74.87609531134115,
              7.802991670796799
            ],
            [
              -74.88309156622178,
              7.819791866099354
            ],
            [
              -74.88539567411289,
              7.825592205234204
            ],
            [
              -74.8830913174569,
              7.85039232439826
            ],
            [
              -74.8801919648425,
              7.860792251184591
            ],
            [
              -74.88019188484614,
              7.870592809646468
            ],
            [
              -74.8905910861604,
              7.872392500361676
            ],
            [
              -74.9089938541922,
              7.866692942698235
            ],
            [
              -74.91829436300127,
              7.871293124764886
            ],
            [
              -74.91999565700547,
              7.885792987644277
            ],
            [
              -74.91879770740468,
              7.897293483178556
            ],
            [
              -74.91369341331655,
              7.904193363339046
            ],
            [
              -74.90729201586076,
              7.91869363740655
            ],
            [
              -74.90909251927631,
              7.930193680830127
            ],
            [
              -74.91139661258012,
              7.937693490440545
            ],
            [
              -74.9217957614122,
              7.945893849218873
            ],
            [
              -74.92809779755461,
              7.952793823025507
            ],
            [
              -74.93159207771633,
              7.964994363864972
            ],
            [
              -74.93159203059336,
              7.970694071659552
            ],
            [
              -74.93039408904669,
              7.981094490800183
            ],
            [
              -74.92289409741551,
              7.986294405168461
            ],
            [
              -74.91539411575754,
              7.990294581764573
            ],
            [
              -74.91369265512137,
              7.996094412684915
            ],
            [
              -74.92059740931931,
              8.005895029895928
            ],
            [
              -74.9251903970237,
              8.013494996383045
            ],
            [
              -74.92639582473159,
              8.02039492901327
            ],
            [
              -74.92699088933806,
              8.026195255979609
            ],
            [
              -74.93159151740981,
              8.032495347950375
            ],
            [
              -74.9361921446303,
              8.038895577119538
            ],
            [
              -74.94949823410022,
              8.041895031920058
            ],
            [
              -74.9551975363832,
              8.047695401501283
            ],
            [
              -74.92988982914694,
              8.065495753117856
            ],
            [
              -74.90738981499464,
              8.085595466054192
            ],
            [
              -74.90399449859204,
              8.099996106509211
            ],
            [
              -74.89248879814491,
              8.121895517656505
            ],
            [
              -74.87568813290763,
              8.142096368319908
            ],
            [
              -74.86019216345113,
              8.159295977643701
            ],
            [
              -74.85099071465999,
              8.169695853612334
            ],
            [
              -74.83658584905237,
              8.179396633237669
            ],
            [
              -74.83052787871992,
              8.182526581841536
            ]
          ]
        ]
      }
    },
    {
      "type": "Feature",
      "properties": {
        "AREA": 1927940154.25,
        "PERIMETER": 217296.281471,
        "WCOLGEN02_": 198,
        "WCOLGEN021": 336,
        "DPTO": "05",
        "NOMBRE_DPT": "ANTIOQUIA",
        "MPIO": "250",
        "NOMBRE_MPI": "EL BAGRE",
        "NOMBRE_CAB": "EL BAGRE",
        "CLASEMUN": "CM",
        "MPIOS": "05250",
        "ZONA": "ZONA05",
        "OF_REG": "DAMED",
        "REG_ZONAS": "DAMEDZONA05",
        "HECTARES": 192794.015
      },
      "geometry": {
        "type": "Polygon",
        "coordinates": [
          [
            [
              -74.78468921868372,
              8.148594978157245
            ],
            [
              -74.7753887767044,
              8.136395340966633
            ],
            [
              -74.7459842961841,
              8.113194761232123
            ],
            [
              -74.7257887754933,
              8.093494289799606
            ],
            [
              -74.70448698488215,
              8.070293781045402
            ],
            [
              -74.67388466006696,
              8.045893459018888
            ],
            [
              -74.64738713521513,
              8.015792989836381
            ],
            [
              -74.6231860734349,
              7.993092194110841
            ],
            [
              -74.59948091415288,
              7.973391701053352
            ],
            [
              -74.56608621984465,
              7.939190807891911
            ],
            [
              -74.55174259794859,
              7.92471850254336
            ],
            [
              -74.54418167811261,
              7.917090381915405
            ],
            [
              -74.53548400120273,
              7.902090258447777
            ],
            [
              -74.53488141095241,
              7.883590173580298
            ],
            [
              -74.53607950763248,
              7.854089811742601
            ],
            [
              -74.53137995438243,
              7.815989062394947
            ],
            [
              -74.53078502048822,
              7.793988951796921
            ],
            [
              -74.52038605623004,
              7.763388422843535
            ],
            [
              -74.51178000795753,
              7.739087959103888
            ],
            [
              -74.49738297673758,
              7.724587526396752
            ],
            [
              -74.47717981078813,
              7.706587497698122
            ],
            [
              -74.47367789976562,
              7.694386966667863
            ],
            [
              -74.48638141243272,
              7.675987130011748
            ],
            [
              -74.51168156711513,
              7.646086895584383
            ],
            [
              -74.52958083862715,
              7.631686857900296
            ],
            [
              -74.54918148954023,
              7.621386728728642
            ],
            [
              -74.56008432676462,
              7.612786952577942
            ],
            [
              -74.56758436797895,
              7.600686645643577
            ],
            [
              -74.56698182213304,
              7.57578638079917
            ],
            [
              -74.5709874967509,
              7.561986101668677
            ],
            [
              -74.5761834780579,
              7.537785888381807
            ],
            [
              -74.59458654919084,
              7.492185546356469
            ],
            [
              -74.60788523464953,
              7.465685583332321
            ],
            [
              -74.61248602506683,
              7.451285441035981
            ],
            [
              -74.61068562397563,
              7.425884961744519
            ],
            [
              -74.60608499912458,
              7.418884873383119
            ],
            [
              -74.59748641546693,
              7.41478491262952
            ],
            [
              -74.59229070409525,
              7.404384453686628
            ],
            [
              -74.58878874796305,
              7.397484511117004
            ],
            [
              -74.58479086073675,
              7.391084296131385
            ],
            [
              -74.58769022500717,
              7.378384086628411
            ],
            [
              -74.6031860871209,
              7.372684502668468
            ],
            [
              -74.61708735262584,
              7.366984429547537
            ],
            [
              -74.6273874067066,
              7.3634844816726
            ],
            [
              -74.63668791862958,
              7.367584447204921
            ],
            [
              -74.64759057289581,
              7.382684712655389
            ],
            [
              -74.65798967936908,
              7.396585238186844
            ],
            [
              -74.6700902070139,
              7.409285086893831
            ],
            [
              -74.68969076028608,
              7.411685664113762
            ],
            [
              -74.70529339476117,
              7.411785443815528
            ],
            [
              -74.72199469918276,
              7.411885708760584
            ],
            [
              -74.7328898088803,
              7.415985687518678
            ],
            [
              -74.74099237326206,
              7.432186010818268
            ],
            [
              -74.74849229770459,
              7.435086227072931
            ],
            [
              -74.75779277969603,
              7.443186429386738
            ],
            [
              -74.76468986751009,
              7.458286667818373
            ],
            [
              -74.77619519772516,
              7.481986805055881
            ],
            [
              -74.78259637175525,
              7.495286958600692
            ],
            [
              -74.79009615231672,
              7.516687252801191
            ],
            [
              -74.79928978227467,
              7.529487697498755
            ],
            [
              -74.8096965228342,
              7.542787883526071
            ],
            [
              -74.82239198143063,
              7.578688540029532
            ],
            [
              -74.8085898332455,
              7.592488746192431
            ],
            [
              -74.79879326620998,
              7.604488424307575
            ],
            [
              -74.78839392343988,
              7.620688607904347
            ],
            [
              -74.78148899324164,
              7.632788922506599
            ],
            [
              -74.7779944940186,
              7.647788946580594
            ],
            [
              -74.77289015643849,
              7.660489144008094
            ],
            [
              -74.76648875091219,
              7.676589222179448
            ],
            [
              -74.76479483910418,
              7.69278947485709
            ],
            [
              -74.76769399144129,
              7.707189681725595
            ],
            [
              -74.77519393781404,
              7.707289878464414
            ],
            [
              -74.78439529729556,
              7.70728995169386
            ],
            [
              -74.78849242007804,
              7.707289984298868
            ],
            [
              -74.79648824834292,
              7.713089890406787
            ],
            [
              -74.80059289826856,
              7.725890299130706
            ],
            [
              -74.80578862194511,
              7.734490205930767
            ],
            [
              -74.80519338375443,
              7.750090600323676
            ],
            [
              -74.80399545360132,
              7.759390462001837
            ],
            [
              -74.80639093095711,
              7.788290989335272
            ],
            [
              -74.8045902636127,
              7.79689084078238
            ],
            [
              -74.80699351961175,
              7.807291285854344
            ],
            [
              -74.81099135808496,
              7.819491350010336
            ],
            [
              -74.81389045661174,
              7.84029174879171
            ],
            [
              -74.82199295839153,
              7.863392005024178
            ],
            [
              -74.82079489943199,
              7.888292269556921
            ],
            [
              -74.8242890953635,
              7.910792621162394
            ],
            [
              -74.8248917046257,
              7.92699289725096
            ],
            [
              -74.82258746410567,
              7.937392828905015
            ],
            [
              -74.81968809659367,
              7.949493178671541
            ],
            [
              -74.81508727356592,
              7.96679348993329
            ],
            [
              -74.80239143290697,
              7.978893282383786
            ],
            [
              -74.79608926931735,
              7.987493574932463
            ],
            [
              -74.79438769412307,
              8.007093725187666
            ],
            [
              -74.78398838742952,
              8.018093459016784
            ],
            [
              -74.7701862043777,
              8.035294034017287
            ],
            [
              -74.76499029554361,
              8.049193971432112
            ],
            [
              -74.77188738401931,
              8.063094009573708
            ],
            [
              -74.77938728280361,
              8.068894393437205
            ],
            [
              -74.7903891186424,
              8.083394335296536
            ],
            [
              -74.79268560511494,
              8.087994938406462
            ],
            [
              -74.79328826009544,
              8.098394895429017
            ],
            [
              -74.79389090062472,
              8.11049527575739
            ],
            [
              -74.78518540483138,
              8.117994994136977
            ],
            [
              -74.77828804853117,
              8.135894679854962
            ],
            [
              -74.78468921868372,
              8.148594978157245
            ]
          ]
        ]
      }
    },
    {
      "type": "Feature",
      "properties": {
        "AREA": 574896917.532,
        "PERIMETER": 117191.417353,
        "WCOLGEN02_": 205,
        "WCOLGEN021": 305,
        "DPTO": "05",
        "NOMBRE_DPT": "ANTIOQUIA",
        "MPIO": "045",
        "NOMBRE_MPI": "APARTADO",
        "NOMBRE_CAB": "APARTADO",
        "CLASEMUN": "CM",
        "MPIOS": "05045",
        "ZONA": "ZONA02",
        "OF_REG": "DAMED",
        "REG_ZONAS": "DAMEDZONA02",
        "HECTARES": 57489.692
      },
      "geometry": {
        "type": "Polygon",
        "coordinates": [
          [
            [
              -76.40334462076346,
              8.080308197442946
            ],
            [
              -76.40964680442364,
              8.07050815008709
            ],
            [
              -76.41024199411692,
              8.061307925818117
            ],
            [
              -76.41144749592365,
              8.05950737255105
            ],
            [
              -76.41314143778331,
              8.040507058570434
            ],
            [
              -76.41194371842697,
              8.023706879721312
            ],
            [
              -76.41314163721356,
              8.016207086572068
            ],
            [
              -76.41424810385394,
              7.996006552200874
            ],
            [
              -76.41714749388397,
              7.981606363290857
            ],
            [
              -76.4182461892004,
              7.978706683754626
            ],
            [
              -76.41944411252018,
              7.970606544257755
            ],
            [
              -76.42514360281604,
              7.954506429334237
            ],
            [
              -76.4286456894563,
              7.945805961952431
            ],
            [
              -76.44474450999938,
              7.917606014458906
            ],
            [
              -76.45224455430693,
              7.907205630373531
            ],
            [
              -76.45744811544196,
              7.8911055116572
            ],
            [
              -76.46034746691801,
              7.881305437302996
            ],
            [
              -76.46494821502606,
              7.873805195100378
            ],
            [
              -76.48454879558153,
              7.877305386597755
            ],
            [
              -76.49085086092809,
              7.882005688234036
            ],
            [
              -76.51104660252403,
              7.879706031072836
            ],
            [
              -76.51335087705525,
              7.86530583743706
            ],
            [
              -76.51854680403468,
              7.849705450648059
            ],
            [
              -76.51965321590349,
              7.835905117510222
            ],
            [
              -76.52774844306273,
              7.816805195962091
            ],
            [
              -76.53344790808092,
              7.803604769215018
            ],
            [
              -76.54325208273114,
              7.796704914400562
            ],
            [
              -76.5599534565908,
              7.792104932503618
            ],
            [
              -76.57155063927334,
              7.780604977676556
            ],
            [
              -76.59915480880827,
              7.775605009232592
            ],
            [
              -76.61875543349151,
              7.77390521480226
            ],
            [
              -76.62745319705608,
              7.780905353372818
            ],
            [
              -76.64765654770574,
              7.781505382404421
            ],
            [
              -76.66255723876614,
              7.78740596787397
            ],
            [
              -76.67355913485729,
              7.797806023141008
            ],
            [
              -76.68685755974663,
              7.80830623415086
            ],
            [
              -76.70065954828279,
              7.818106442441841
            ],
            [
              -76.71625453487316,
              7.824606904284357
            ],
            [
              -76.72666124780577,
              7.843706976566408
            ],
            [
              -76.74446115402795,
              7.857007253567723
            ],
            [
              -76.75486038435791,
              7.857707343392737
            ],
            [
              -76.76696095771378,
              7.867507539935279
            ],
            [
              -76.76755602047088,
              7.873907746506932
            ],
            [
              -76.76175746474428,
              7.875007779712414
            ],
            [
              -76.73585464945084,
              7.88700783230607
            ],
            [
              -76.72315881491743,
              7.895607614561263
            ],
            [
              -76.71335454917478,
              7.913507787467085
            ],
            [
              -76.70075791402576,
              7.92040809776759
            ],
            [
              -76.68745939649321,
              7.921508070504562
            ],
            [
              -76.6707580293964,
              7.92490783501805
            ],
            [
              -76.65695591711739,
              7.930607918628769
            ],
            [
              -76.64655660288713,
              7.940407935030022
            ],
            [
              -76.63615734050308,
              7.943807749808221
            ],
            [
              -76.60795040560528,
              7.951207666189747
            ],
            [
              -76.5854504288289,
              7.962607873184028
            ],
            [
              -76.5624545469145,
              7.971207570480101
            ],
            [
              -76.53124909914558,
              7.985507394973161
            ],
            [
              -76.48975108760973,
              8.01770786124124
            ],
            [
              -76.47195094745264,
              8.03380787934182
            ],
            [
              -76.44254600669855,
              8.059707901475855
            ],
            [
              -76.42414320474812,
              8.065907677363162
            ],
            [
              -76.40334462076346,
              8.080308197442946
            ]
          ]
        ]
      }
    },
    {
      "type": "Feature",
      "properties": {
        "AREA": 1320915901.88,
        "PERIMETER": 192458.577308,
        "WCOLGEN02_": 206,
        "WCOLGEN021": 326,
        "DPTO": "05",
        "NOMBRE_DPT": "ANTIOQUIA",
        "MPIO": "154",
        "NOMBRE_MPI": "CAUCASIA",
        "NOMBRE_CAB": "CAUCASIA",
        "CLASEMUN": "CM",
        "MPIOS": "05154",
        "ZONA": "ZONA04",
        "OF_REG": "DAMED",
        "REG_ZONAS": "DAMEDZONA04",
        "HECTARES": 132091.59
      },
      "geometry": {
        "type": "Polygon",
        "coordinates": [
          [
            [
              -75.21114969138141,
              8.029085367601377
            ],
            [
              -75.19849972433263,
              8.028997523999811
            ],
            [
              -75.17260467205882,
              8.029497042153986
            ],
            [
              -75.15120349192514,
              8.02939672831381
            ],
            [
              -75.12590352482773,
              8.03339628190116
            ],
            [
              -75.101702243529,
              8.035596237326397
            ],
            [
              -75.08670235874439,
              8.033796506311436
            ],
            [
              -75.07000105223833,
              8.033096362118982
            ],
            [
              -75.05320051138294,
              8.038295723400893
            ],
            [
              -75.02609996438554,
              8.040395517294462
            ],
            [
              -74.99099589187593,
              8.044895674151801
            ],
            [
              -74.96679462808241,
              8.045395205384947
            ],
            [
              -74.9551975363832,
              8.047695401501283
            ],
            [
              -74.94949823410022,
              8.041895031920058
            ],
            [
              -74.9361921446303,
              8.038895577119538
            ],
            [
              -74.93159151740981,
              8.032495347950375
            ],
            [
              -74.92699088933806,
              8.026195255979609
            ],
            [
              -74.92639582473159,
              8.02039492901327
            ],
            [
              -74.9251903970237,
              8.013494996383045
            ],
            [
              -74.92059740931931,
              8.005895029895928
            ],
            [
              -74.91369265512137,
              7.996094412684915
            ],
            [
              -74.91539411575754,
              7.990294581764573
            ],
            [
              -74.92289409741551,
              7.986294405168461
            ],
            [
              -74.93039408904669,
              7.981094490800183
            ],
            [
              -74.93159203059336,
              7.970694071659552
            ],
            [
              -74.93159207771633,
              7.964994363864972
            ],
            [
              -74.92809779755461,
              7.952793823025507
            ],
            [
              -74.9217957614122,
              7.945893849218873
            ],
            [
              -74.91139661258012,
              7.937693490440545
            ],
            [
              -74.90909251927631,
              7.930193680830127
            ],
            [
              -74.90729201586076,
              7.91869363740655
            ],
            [
              -74.91369341331655,
              7.904193363339046
            ],
            [
              -74.91879770740468,
              7.897293483178556
            ],
            [
              -74.91999565700547,
              7.885792987644277
            ],
            [
              -74.91829436300127,
              7.871293124764886
            ],
            [
              -74.9089938541922,
              7.866692942698235
            ],
            [
              -74.8905910861604,
              7.872392500361676
            ],
            [
              -74.88019188484614,
              7.870592809646468
            ],
            [
              -74.8801919648425,
              7.860792251184591
            ],
            [
              -74.8830913174569,
              7.85039232439826
            ],
            [
              -74.88539567411289,
              7.825592205234204
            ],
            [
              -74.88309156622178,
              7.819791866099354
            ],
            [
              -74.87609531134115,
              7.802991670796799
            ],
            [
              -74.86809193245954,
              7.787391682183053
            ],
            [
              -74.85189422408872,
              7.782091440396834
            ],
            [
              -74.82998948073008,
              7.783691073232341
            ],
            [
              -74.8045902636127,
              7.79689084078238
            ],
            [
              -74.80639093095711,
              7.788290989335272
            ],
            [
              -74.80399545360132,
              7.759390462001837
            ],
            [
              -74.80519338375443,
              7.750090600323676
            ],
            [
              -74.80578862194511,
              7.734490205930767
            ],
            [
              -74.80059289826856,
              7.725890299130706
            ],
            [
              -74.79648824834292,
              7.713089890406787
            ],
            [
              -74.78849242007804,
              7.707289984298868
            ],
            [
              -74.79999035035738,
              7.701589893531872
            ],
            [
              -74.81499041525055,
              7.680289908921274
            ],
            [
              -74.82529053172519,
              7.669389834515874
            ],
            [
              -74.83449191949796,
              7.665889879107611
            ],
            [
              -74.8396953419848,
              7.665889920274933
            ],
            [
              -74.8477904017446,
              7.665989644521418
            ],
            [
              -74.8604937442834,
              7.669489773347077
            ],
            [
              -74.87259435322603,
              7.671889820447308
            ],
            [
              -74.88639640258418,
              7.670790329465514
            ],
            [
              -74.90549345386484,
              7.666790243624978
            ],
            [
              -74.91639637308388,
              7.648389907519041
            ],
            [
              -74.92499512434662,
              7.631589838704105
            ],
            [
              -74.93139648414052,
              7.62129007787172
            ],
            [
              -74.9405979223895,
              7.611489593721597
            ],
            [
              -74.94519863913388,
              7.606890001192836
            ],
            [
              -74.96360144238733,
              7.596589857388408
            ],
            [
              -74.97059782449814,
              7.597789649451967
            ],
            [
              -74.979196443192,
              7.597789716787953
            ],
            [
              -74.99189991505503,
              7.585090053359181
            ],
            [
              -75.00689985284252,
              7.579989856524922
            ],
            [
              -75.01950409384678,
              7.573090034883918
            ],
            [
              -75.02700407894602,
              7.568489987725187
            ],
            [
              -75.03860119178965,
              7.563389763991496
            ],
            [
              -75.04890127773783,
              7.556489924070324
            ],
            [
              -75.05810266629638,
              7.553090104115339
            ],
            [
              -75.05640120433068,
              7.559390142402997
            ],
            [
              -75.0535019000472,
              7.563990225584056
            ],
            [
              -75.05350182329497,
              7.573790305833437
            ],
            [
              -75.0616044556492,
              7.581390295161319
            ],
            [
              -75.06160433786191,
              7.596390350315651
            ],
            [
              -75.05299796207484,
              7.612490892270745
            ],
            [
              -75.04380413433991,
              7.624590715431168
            ],
            [
              -75.03689920645752,
              7.636190824878025
            ],
            [
              -75.03460247095569,
              7.662691366181182
            ],
            [
              -75.03630377327045,
              7.676591358441087
            ],
            [
              -75.03229813688766,
              7.685191670514365
            ],
            [
              -75.0380964749494,
              7.710091991461198
            ],
            [
              -75.03920261800585,
              7.729692163616275
            ],
            [
              -75.04149901386609,
              7.745892453517909
            ],
            [
              -75.05710151549381,
              7.763292587732396
            ],
            [
              -75.06520415129344,
              7.770292711385975
            ],
            [
              -75.0871011825395,
              7.779593237556319
            ],
            [
              -75.09569978789716,
              7.781393389757591
            ],
            [
              -75.11069960771117,
              7.791293253232132
            ],
            [
              -75.12920140661004,
              7.805193860478072
            ],
            [
              -75.14360613716175,
              7.812194035913572
            ],
            [
              -75.14710050426284,
              7.813994147499376
            ],
            [
              -75.16440440086042,
              7.833694591744194
            ],
            [
              -75.16730355759967,
              7.847494461237448
            ],
            [
              -75.15860564833564,
              7.860194636501422
            ],
            [
              -75.15570629501109,
              7.870595043207427
            ],
            [
              -75.15230336073047,
              7.883895130294431
            ],
            [
              -75.15980315496739,
              7.902995151857589
            ],
            [
              -75.17080499884383,
              7.917395434300287
            ],
            [
              -75.17830489189846,
              7.924395556213027
            ],
            [
              -75.1898026952852,
              7.934895741396172
            ],
            [
              -75.20310107915272,
              7.947596097122013
            ],
            [
              -75.20590113368235,
              7.951096150629304
            ],
            [
              -75.2181009041025,
              7.956896573683295
            ],
            [
              -75.22440299415798,
              7.95749649425123
            ],
            [
              -75.2365036212717,
              7.958196599368809
            ],
            [
              -75.24050150865834,
              7.964496687502396
            ],
            [
              -75.2573019945332,
              7.966296908995845
            ],
            [
              -75.25380752668995,
              7.976696835921508
            ],
            [
              -75.25090815779383,
              7.988797191520809
            ],
            [
              -75.24060804723467,
              7.997997324481037
            ],
            [
              -75.23310802423778,
              8.006696794746452
            ],
            [
              -75.22560032010087,
              8.021597137181335
            ],
            [
              -75.21290451191204,
              8.029097780013657
            ],
            [
              -75.21114969138141,
              8.029085367601377
            ]
          ]
        ]
      }
    },
    {
      "type": "Feature",
      "properties": {
        "AREA": 2035307370.16,
        "PERIMETER": 215948.20888,
        "WCOLGEN02_": 210,
        "WCOLGEN021": 317,
        "DPTO": "05",
        "NOMBRE_DPT": "ANTIOQUIA",
        "MPIO": "120",
        "NOMBRE_MPI": "CACERES",
        "NOMBRE_CAB": "CACERES",
        "CLASEMUN": "CM",
        "MPIOS": "05120",
        "ZONA": "ZONA04",
        "OF_REG": "DAMED",
        "REG_ZONAS": "DAMEDZONA04",
        "HECTARES": 203530.737
      },
      "geometry": {
        "type": "Polygon",
        "coordinates": [
          [
            [
              -75.32413050786636,
              7.922361098946463
            ],
            [
              -75.31830902619858,
              7.928996805075323
            ],
            [
              -75.30570483013751,
              7.929597048346087
            ],
            [
              -75.29760975656089,
              7.930696583403268
            ],
            [
              -75.2861041367868,
              7.942796868879114
            ],
            [
              -75.28610408996182,
              7.948497055446405
            ],
            [
              -75.28200687452585,
              7.959496846685819
            ],
            [
              -75.2780088972145,
              7.964096922773763
            ],
            [
              -75.26940264183246,
              7.964597061138928
            ],
            [
              -75.26420684161819,
              7.965196887679207
            ],
            [
              -75.2573019945332,
              7.966296908995845
            ],
            [
              -75.24050150865834,
              7.964496687502396
            ],
            [
              -75.2365036212717,
              7.958196599368809
            ],
            [
              -75.22440299415798,
              7.95749649425123
            ],
            [
              -75.2181009041025,
              7.956896573683295
            ],
            [
              -75.20590113368235,
              7.951096150629304
            ],
            [
              -75.20310107915272,
              7.947596097122013
            ],
            [
              -75.1898026952852,
              7.934895741396172
            ],
            [
              -75.17830489189846,
              7.924395556213027
            ],
            [
              -75.17080499884383,
              7.917395434300287
            ],
            [
              -75.15980315496739,
              7.902995151857589
            ],
            [
              -75.15230336073047,
              7.883895130294431
            ],
            [
              -75.15570629501109,
              7.870595043207427
            ],
            [
              -75.15860564833564,
              7.860194636501422
            ],
            [
              -75.16730355759967,
              7.847494461237448
            ],
            [
              -75.16440440086042,
              7.833694591744194
            ],
            [
              -75.14710050426284,
              7.813994147499376
            ],
            [
              -75.14360613716175,
              7.812194035913572
            ],
            [
              -75.12920140661004,
              7.805193860478072
            ],
            [
              -75.11069960771117,
              7.791293253232132
            ],
            [
              -75.09569978789716,
              7.781393389757591
            ],
            [
              -75.0871011825395,
              7.779593237556319
            ],
            [
              -75.06520415129344,
              7.770292711385975
            ],
            [
              -75.05710151549381,
              7.763292587732396
            ],
            [
              -75.04149901386609,
              7.745892453517909
            ],
            [
              -75.03920261800585,
              7.729692163616275
            ],
            [
              -75.0380964749494,
              7.710091991461198
            ],
            [
              -75.03229813688766,
              7.685191670514365
            ],
            [
              -75.03630377327045,
              7.676591358441087
            ],
            [
              -75.03460247095569,
              7.662691366181182
            ],
            [
              -75.03689920645752,
              7.636190824878025
            ],
            [
              -75.04380413433991,
              7.624590715431168
            ],
            [
              -75.05299796207484,
              7.612490892270745
            ],
            [
              -75.06160433786191,
              7.596390350315651
            ],
            [
              -75.0616044556492,
              7.581390295161319
            ],
            [
              -75.05350182329497,
              7.573790305833437
            ],
            [
              -75.0535019000472,
              7.563990225584056
            ],
            [
              -75.05640120433068,
              7.559390142402997
            ],
            [
              -75.05810266629638,
              7.553090104115339
            ],
            [
              -75.05579856954927,
              7.545589820553489
            ],
            [
              -75.0546999408231,
              7.540289700634748
            ],
            [
              -75.05520359693814,
              7.527589464758424
            ],
            [
              -75.05759937036919,
              7.519589486295065
            ],
            [
              -75.05930084605303,
              7.511489365434673
            ],
            [
              -75.059300922151,
              7.501689285777226
            ],
            [
              -75.0587058720071,
              7.493589147301636
            ],
            [
              -75.06039974025764,
              7.482589343648343
            ],
            [
              -75.06330669158433,
              7.475688969535481
            ],
            [
              -75.06440545978634,
              7.462988738960701
            ],
            [
              -75.0587061935408,
              7.451988878805397
            ],
            [
              -75.0489021429448,
              7.444988747161775
            ],
            [
              -75.03619887725952,
              7.431088197492086
            ],
            [
              -75.02460187134277,
              7.422388107156833
            ],
            [
              -75.01369915088213,
              7.415387967854422
            ],
            [
              -74.99930207553776,
              7.404987911246466
            ],
            [
              -74.98949800306072,
              7.400887463238134
            ],
            [
              -74.981998081197,
              7.397387378252875
            ],
            [
              -74.97500173023045,
              7.392087214789732
            ],
            [
              -74.971598927324,
              7.389187506506889
            ],
            [
              -74.96809695652259,
              7.383987029988993
            ],
            [
              -74.96580048837168,
              7.376487225751493
            ],
            [
              -74.97960257349199,
              7.370787149406932
            ],
            [
              -74.99170320273922,
              7.370787241343012
            ],
            [
              -75.00899963338976,
              7.369787432924055
            ],
            [
              -75.0183001803499,
              7.369787503556918
            ],
            [
              -75.02520498965364,
              7.373287583815886
            ],
            [
              -75.02580003620686,
              7.38198758944211
            ],
            [
              -75.02810413414117,
              7.389487871088089
            ],
            [
              -75.03440616108237,
              7.398187920399381
            ],
            [
              -75.04420263576633,
              7.398187995064471
            ],
            [
              -75.06610742698363,
              7.390788034548095
            ],
            [
              -75.07250112466086,
              7.384488032718108
            ],
            [
              -75.08050465785834,
              7.380988065518609
            ],
            [
              -75.08860738041528,
              7.376987890651634
            ],
            [
              -75.10010526381751,
              7.377588323408372
            ],
            [
              -75.10930662540166,
              7.377688053499982
            ],
            [
              -75.13010513555821,
              7.367988269526316
            ],
            [
              -75.15890717139015,
              7.355888117715337
            ],
            [
              -75.16411061676745,
              7.353088134493191
            ],
            [
              -75.16990916304002,
              7.351888441151996
            ],
            [
              -75.17510492186214,
              7.356588245971112
            ],
            [
              -75.17330427938371,
              7.362388551738833
            ],
            [
              -75.16990900489044,
              7.372688813747353
            ],
            [
              -75.1699089294594,
              7.382588553379299
            ],
            [
              -75.17570737891685,
              7.394089099544849
            ],
            [
              -75.18831148759513,
              7.404589280955665
            ],
            [
              -75.19470508059527,
              7.412089118389634
            ],
            [
              -75.20220495049243,
              7.422589261453215
            ],
            [
              -75.21890618453324,
              7.432989814906399
            ],
            [
              -75.23740800807857,
              7.444590119998668
            ],
            [
              -75.25060724787605,
              7.452790016288583
            ],
            [
              -75.2650119247487,
              7.467290451194603
            ],
            [
              -75.29160874581295,
              7.487590824496698
            ],
            [
              -75.31181202281576,
              7.494091306803975
            ],
            [
              -75.3158099313125,
              7.498091098618223
            ],
            [
              -75.32561395342232,
              7.509091470863425
            ],
            [
              -75.33311387304336,
              7.513191426960965
            ],
            [
              -75.3412089190254,
              7.515591918367047
            ],
            [
              -75.35330949010645,
              7.523692148265565
            ],
            [
              -75.35441573195841,
              7.531191947721708
            ],
            [
              -75.35620862876881,
              7.540492312774095
            ],
            [
              -75.35620854782191,
              7.55089226465642
            ],
            [
              -75.359115392908,
              7.557792209503526
            ],
            [
              -75.36251049533446,
              7.569892611171576
            ],
            [
              -75.37231440838102,
              7.594792967855632
            ],
            [
              -75.37981430532038,
              7.601793086203438
            ],
            [
              -75.40231409284308,
              7.610493268325008
            ],
            [
              -75.41331598406894,
              7.619793706764527
            ],
            [
              -75.42191453359962,
              7.629093649839161
            ],
            [
              -75.43461781543482,
              7.641294263509997
            ],
            [
              -75.44381150105244,
              7.647694050451692
            ],
            [
              -75.45131142110182,
              7.651794485482645
            ],
            [
              -75.46061194964037,
              7.654694243087595
            ],
            [
              -75.46811184768984,
              7.661594702649386
            ],
            [
              -75.47671799063714,
              7.675494755335031
            ],
            [
              -75.48941357405839,
              7.696395378912507
            ],
            [
              -75.49981273219329,
              7.704495600245901
            ],
            [
              -75.49921757287613,
              7.710295442174774
            ],
            [
              -75.49401409196155,
              7.717195325474207
            ],
            [
              -75.48831469207357,
              7.722995603867225
            ],
            [
              -75.48661321007847,
              7.731595461712772
            ],
            [
              -75.4900159397465,
              7.743796004946884
            ],
            [
              -75.48021180347726,
              7.747195820827788
            ],
            [
              -75.47391725825004,
              7.756995857197744
            ],
            [
              -75.46931650156218,
              7.766196037978001
            ],
            [
              -75.46641717670066,
              7.773095939537103
            ],
            [
              -75.46991145762058,
              7.785796215882018
            ],
            [
              -75.47221556739011,
              7.791596558094475
            ],
            [
              -75.47051404695247,
              7.804896662330082
            ],
            [
              -75.45431626713001,
              7.807196348682786
            ],
            [
              -75.4474114189815,
              7.808296371246267
            ],
            [
              -75.42781075789766,
              7.817396294625896
            ],
            [
              -75.40821013343128,
              7.821996246113406
            ],
            [
              -75.39321018313179,
              7.827696312172997
            ],
            [
              -75.37131299155308,
              7.83739608533133
            ],
            [
              -75.35751089282144,
              7.843696029668713
            ],
            [
              -75.3431060189753,
              7.853996208507296
            ],
            [
              -75.33910792905142,
              7.872496270854879
            ],
            [
              -75.33790995098049,
              7.887496325227139
            ],
            [
              -75.33160769535547,
              7.907096923979399
            ],
            [
              -75.33040977318436,
              7.915197053957641
            ],
            [
              -75.32413050786636,
              7.922361098946463
            ]
          ]
        ]
      }
    },
    {
      "type": "Feature",
      "properties": {
        "AREA": 246816675.812,
        "PERIMETER": 105595.701265,
        "WCOLGEN02_": 215,
        "WCOLGEN021": 323,
        "DPTO": "05",
        "NOMBRE_DPT": "ANTIOQUIA",
        "MPIO": "147",
        "NOMBRE_MPI": "CAREPA",
        "NOMBRE_CAB": "CAREPA",
        "CLASEMUN": "CM",
        "MPIOS": "05147",
        "ZONA": "ZONA02",
        "OF_REG": "DAMED",
        "REG_ZONAS": "DAMEDZONA02",
        "HECTARES": 24681.668
      },
      "geometry": {
        "type": "Polygon",
        "coordinates": [
          [
            [
              -76.76755602047088,
              7.873907746506932
            ],
            [
              -76.76696095771378,
              7.867507539935279
            ],
            [
              -76.75486038435791,
              7.857707343392737
            ],
            [
              -76.74446115402795,
              7.857007253567723
            ],
            [
              -76.72666124780577,
              7.843706976566408
            ],
            [
              -76.71625453487316,
              7.824606904284357
            ],
            [
              -76.70065954828279,
              7.818106442441841
            ],
            [
              -76.68685755974663,
              7.80830623415086
            ],
            [
              -76.67355913485729,
              7.797806023141008
            ],
            [
              -76.66255723876614,
              7.78740596787397
            ],
            [
              -76.64765654770574,
              7.781505382404421
            ],
            [
              -76.62745319705608,
              7.780905353372818
            ],
            [
              -76.61875543349151,
              7.77390521480226
            ],
            [
              -76.59915480880827,
              7.775605009232592
            ],
            [
              -76.57155063927334,
              7.780604977676556
            ],
            [
              -76.5599534565908,
              7.792104932503618
            ],
            [
              -76.54325208273114,
              7.796704914400562
            ],
            [
              -76.53344790808092,
              7.803604769215018
            ],
            [
              -76.52774844306273,
              7.816805195962091
            ],
            [
              -76.51965321590349,
              7.835905117510222
            ],
            [
              -76.51854680403468,
              7.849705450648059
            ],
            [
              -76.51335087705525,
              7.86530583743706
            ],
            [
              -76.51104660252403,
              7.879706031072836
            ],
            [
              -76.49085086092809,
              7.882005688234036
            ],
            [
              -76.48454879558153,
              7.877305386597755
            ],
            [
              -76.46494821502606,
              7.873805195100378
            ],
            [
              -76.47814772919376,
              7.849604991695932
            ],
            [
              -76.48684568549243,
              7.832305161581256
            ],
            [
              -76.49375082720367,
              7.79530450907422
            ],
            [
              -76.49672658392339,
              7.771704094995324
            ],
            [
              -76.50344831866767,
              7.771704147994356
            ],
            [
              -76.51785314431373,
              7.769404443172028
            ],
            [
              -76.54264960023059,
              7.763804583059152
            ],
            [
              -76.56514955116833,
              7.755204402331097
            ],
            [
              -76.60725774232525,
              7.746704512437057
            ],
            [
              -76.63665488881,
              7.741104687285377
            ],
            [
              -76.66895892158156,
              7.737705042793705
            ],
            [
              -76.71385943306205,
              7.747205558243656
            ],
            [
              -76.73635926464495,
              7.75420580529976
            ],
            [
              -76.76755680238614,
              7.775706472371638
            ],
            [
              -76.80495741068832,
              7.778206860106741
            ],
            [
              -76.80955799950006,
              7.790907162067451
            ],
            [
              -76.80966466808172,
              7.80940728378724
            ],
            [
              -76.8061624901385,
              7.829607326603197
            ],
            [
              -76.80616239369276,
              7.841707723116405
            ],
            [
              -76.79175749014259,
              7.853207658624243
            ],
            [
              -76.77855806923066,
              7.865307950267629
            ],
            [
              -76.76755602047088,
              7.873907746506932
            ]
          ]
        ]
      }
    },
    {
      "type": "Feature",
      "properties": {
        "AREA": 732003817.603,
        "PERIMETER": 122772.84446,
        "WCOLGEN02_": 222,
        "WCOLGEN021": 327,
        "DPTO": "05",
        "NOMBRE_DPT": "ANTIOQUIA",
        "MPIO": "172",
        "NOMBRE_MPI": "CHIGORODO",
        "NOMBRE_CAB": "CHIGORODO",
        "CLASEMUN": "CM",
        "MPIOS": "05172",
        "ZONA": "ZONA02",
        "OF_REG": "DAMED",
        "REG_ZONAS": "DAMEDZONA02",
        "HECTARES": 73200.382
      },
      "geometry": {
        "type": "Polygon",
        "coordinates": [
          [
            [
              -76.80495741068832,
              7.778206860106741
            ],
            [
              -76.76755680238614,
              7.775706472371638
            ],
            [
              -76.73635926464495,
              7.75420580529976
            ],
            [
              -76.71385943306205,
              7.747205558243656
            ],
            [
              -76.66895892158156,
              7.737705042793705
            ],
            [
              -76.63665488881,
              7.741104687285377
            ],
            [
              -76.60725774232525,
              7.746704512437057
            ],
            [
              -76.56514955116833,
              7.755204402331097
            ],
            [
              -76.54264960023059,
              7.763804583059152
            ],
            [
              -76.51785314431373,
              7.769404443172028
            ],
            [
              -76.50344831866767,
              7.771704147994356
            ],
            [
              -76.49672658392339,
              7.771704094995324
            ],
            [
              -76.4977490232068,
              7.763603955008265
            ],
            [
              -76.50115206878328,
              7.736403850070682
            ],
            [
              -76.50575291983117,
              7.715703614550616
            ],
            [
              -76.51094891646606,
              7.690903003150381
            ],
            [
              -76.5109490386944,
              7.675303054774026
            ],
            [
              -76.51554988451892,
              7.655102552509178
            ],
            [
              -76.51495486580481,
              7.642902496952445
            ],
            [
              -76.51145291738217,
              7.634202453146081
            ],
            [
              -76.50624961581254,
              7.61750190982867
            ],
            [
              -76.50225175217847,
              7.607101914218824
            ],
            [
              -76.49935257411762,
              7.594901841719412
            ],
            [
              -76.51035459950052,
              7.588601865434634
            ],
            [
              -76.52295126509804,
              7.577101442180697
            ],
            [
              -76.52645343246543,
              7.557501279303607
            ],
            [
              -76.54145340694883,
              7.550601463711295
            ],
            [
              -76.55355421019884,
              7.530501157400352
            ],
            [
              -76.55925368960668,
              7.514901254448782
            ],
            [
              -76.57502436925527,
              7.493751919525208
            ],
            [
              -76.58631637849228,
              7.480034638500808
            ],
            [
              -76.60663431486546,
              7.461976239339546
            ],
            [
              -76.6161790831289,
              7.454509413801581
            ],
            [
              -76.62763881452575,
              7.457982354118861
            ],
            [
              -76.6442485271845,
              7.467151233351379
            ],
            [
              -76.6614989263854,
              7.503302805615832
            ],
            [
              -76.66375718143435,
              7.519798760390571
            ],
            [
              -76.69397051953321,
              7.538031594459286
            ],
            [
              -76.70526226295497,
              7.559215472281255
            ],
            [
              -76.71515779184489,
              7.578489580310569
            ],
            [
              -76.7143564852662,
              7.603303579982188
            ],
            [
              -76.73855763414275,
              7.623103758810093
            ],
            [
              -76.76455937143872,
              7.644604378625389
            ],
            [
              -76.78415988694795,
              7.657304793860776
            ],
            [
              -76.79915974851271,
              7.665505196876921
            ],
            [
              -76.79455892427323,
              7.682805062881302
            ],
            [
              -76.78596011815777,
              7.704705489274136
            ],
            [
              -76.79286477145314,
              7.729605862966409
            ],
            [
              -76.8003646799956,
              7.73650585529073
            ],
            [
              -76.80205829751283,
              7.757906630762958
            ],
            [
              -76.80266095911736,
              7.768306605014963
            ],
            [
              -76.80495741068832,
              7.778206860106741
            ]
          ]
        ]
      }
    },
    {
      "type": "Feature",
      "properties": {
        "AREA": 1749979471.69,
        "PERIMETER": 233685.026014,
        "WCOLGEN02_": 223,
        "WCOLGEN021": 395,
        "DPTO": "05",
        "NOMBRE_DPT": "ANTIOQUIA",
        "MPIO": "790",
        "NOMBRE_MPI": "TARAZA",
        "NOMBRE_CAB": "TARAZA",
        "CLASEMUN": "CM",
        "MPIOS": "05790",
        "ZONA": "ZONA04",
        "OF_REG": "DAMED",
        "REG_ZONAS": "DAMEDZONA04",
        "HECTARES": 174997.947
      },
      "geometry": {
        "type": "Polygon",
        "coordinates": [
          [
            [
              -75.58171689364865,
              7.730896209019562
            ],
            [
              -75.57131773080826,
              7.723296195373707
            ],
            [
              -75.56152133322072,
              7.712896161891793
            ],
            [
              -75.55231999414093,
              7.709396058204792
            ],
            [
              -75.54192080370551,
              7.705295599228439
            ],
            [
              -75.5327194600306,
              7.702395841590818
            ],
            [
              -75.52461676485883,
              7.702295640505658
            ],
            [
              -75.51771955478635,
              7.702295586055384
            ],
            [
              -75.50961685497852,
              7.702795253999981
            ],
            [
              -75.50381830609464,
              7.70399542312533
            ],
            [
              -75.49981273219329,
              7.704495600245901
            ],
            [
              -75.48941357405839,
              7.696395378912507
            ],
            [
              -75.47671799063714,
              7.675494755335031
            ],
            [
              -75.46811184768984,
              7.661594702649386
            ],
            [
              -75.46061194964037,
              7.654694243087595
            ],
            [
              -75.45131142110182,
              7.651794485482645
            ],
            [
              -75.44381150105244,
              7.647694050451692
            ],
            [
              -75.43461781543482,
              7.641294263509997
            ],
            [
              -75.42191453359962,
              7.629093649839161
            ],
            [
              -75.41331598406894,
              7.619793706764527
            ],
            [
              -75.40231409284308,
              7.610493268325008
            ],
            [
              -75.37981430532038,
              7.601793086203438
            ],
            [
              -75.37231440838102,
              7.594792967855632
            ],
            [
              -75.36251049533446,
              7.569892611171576
            ],
            [
              -75.359115392908,
              7.557792209503526
            ],
            [
              -75.35620854782191,
              7.55089226465642
            ],
            [
              -75.35620862876881,
              7.540492312774095
            ],
            [
              -75.35441573195841,
              7.531191947721708
            ],
            [
              -75.35330949010645,
              7.523692148265565
            ],
            [
              -75.3412089190254,
              7.515591918367047
            ],
            [
              -75.33311387304336,
              7.513191426960965
            ],
            [
              -75.32561395342232,
              7.509091470863425
            ],
            [
              -75.3158099313125,
              7.498091098618223
            ],
            [
              -75.31181202281576,
              7.494091306803975
            ],
            [
              -75.29160874581295,
              7.487590824496698
            ],
            [
              -75.2650119247487,
              7.467290451194603
            ],
            [
              -75.25060724787605,
              7.452790016288583
            ],
            [
              -75.23740800807857,
              7.444590119998668
            ],
            [
              -75.21890618453324,
              7.432989814906399
            ],
            [
              -75.20220495049243,
              7.422589261453215
            ],
            [
              -75.19470508059527,
              7.412089118389634
            ],
            [
              -75.18831148759513,
              7.404589280955665
            ],
            [
              -75.17570737891685,
              7.394089099544849
            ],
            [
              -75.1699089294594,
              7.382588553379299
            ],
            [
              -75.16990900489044,
              7.372688813747353
            ],
            [
              -75.17330427938371,
              7.362388551738833
            ],
            [
              -75.17510492186214,
              7.356588245971112
            ],
            [
              -75.16990916304002,
              7.351888441151996
            ],
            [
              -75.17621126576752,
              7.350788411809791
            ],
            [
              -75.1773101019575,
              7.328887970861568
            ],
            [
              -75.18831228993365,
              7.298887948384868
            ],
            [
              -75.19401169818973,
              7.291387726504836
            ],
            [
              -75.20151175218929,
              7.27758746747084
            ],
            [
              -75.2044111379006,
              7.26198756833892
            ],
            [
              -75.21250632251733,
              7.245787362690451
            ],
            [
              -75.21710709007257,
              7.234287373017493
            ],
            [
              -75.23490707341399,
              7.234387165645784
            ],
            [
              -75.24821319117792,
              7.234387264626694
            ],
            [
              -75.263808209307,
              7.233887649074813
            ],
            [
              -75.27361236281956,
              7.227587671234631
            ],
            [
              -75.28161587460131,
              7.227087522302477
            ],
            [
              -75.28971094752042,
              7.225887845234114
            ],
            [
              -75.29321289434783,
              7.234587873367654
            ],
            [
              -75.29031345732605,
              7.257088170029598
            ],
            [
              -75.28221056423773,
              7.283688325203802
            ],
            [
              -75.2811118029453,
              7.295788687772893
            ],
            [
              -75.27711371980692,
              7.314888608856698
            ],
            [
              -75.27300888311576,
              7.325788734940722
            ],
            [
              -75.26321236307321,
              7.331488843855317
            ],
            [
              -75.24941015531886,
              7.352888982321427
            ],
            [
              -75.2454121417971,
              7.362689032073107
            ],
            [
              -75.2517065233781,
              7.373689374038414
            ],
            [
              -75.2679118746308,
              7.378389262943577
            ],
            [
              -75.27881458995468,
              7.386489480334803
            ],
            [
              -75.28631442190684,
              7.402089938311094
            ],
            [
              -75.30081067353322,
              7.414290081355148
            ],
            [
              -75.33131414036377,
              7.400590131852579
            ],
            [
              -75.34631421457809,
              7.37808992294302
            ],
            [
              -75.36641080588161,
              7.36779026220094
            ],
            [
              -75.3901162163649,
              7.358590228793602
            ],
            [
              -75.41601891524358,
              7.35639026987014
            ],
            [
              -75.44601873116599,
              7.35539055609631
            ],
            [
              -75.4783150481423,
              7.357890888905398
            ],
            [
              -75.49902190081382,
              7.362590812264321
            ],
            [
              -75.5134190806902,
              7.360291105910742
            ],
            [
              -75.51801988561951,
              7.34419100485886
            ],
            [
              -75.5290219641933,
              7.329190552559594
            ],
            [
              -75.53131849095224,
              7.329190569815005
            ],
            [
              -75.53991707899596,
              7.333890878417085
            ],
            [
              -75.54282397457597,
              7.334391108851024
            ],
            [
              -75.54862242640549,
              7.345991318600032
            ],
            [
              -75.5492174345216,
              7.359891304510608
            ],
            [
              -75.55722087068341,
              7.369691448047892
            ],
            [
              -75.56652134780543,
              7.379591738742469
            ],
            [
              -75.5809184497637,
              7.387691984826017
            ],
            [
              -75.59301908577723,
              7.38779221351065
            ],
            [
              -75.60862173480355,
              7.38789199184499
            ],
            [
              -75.61842585329771,
              7.3867919884834
            ],
            [
              -75.63852237197527,
              7.386792140509876
            ],
            [
              -75.65302634641986,
              7.387492256235666
            ],
            [
              -75.66392148899996,
              7.388692553342908
            ],
            [
              -75.6806228015933,
              7.389892894387929
            ],
            [
              -75.70142885701306,
              7.392892873369338
            ],
            [
              -75.71582600047147,
              7.395793143691424
            ],
            [
              -75.72162454930671,
              7.394693109893956
            ],
            [
              -75.73542661007073,
              7.393593136618851
            ],
            [
              -75.75042652745344,
              7.392493172356625
            ],
            [
              -75.75612589092192,
              7.391393137739465
            ],
            [
              -75.77342996561728,
              7.390293190812045
            ],
            [
              -75.79193190543165,
              7.388093651970849
            ],
            [
              -75.80862560801386,
              7.386993700292137
            ],
            [
              -75.83803032344689,
              7.385893844500345
            ],
            [
              -75.8322316244446,
              7.40669418812311
            ],
            [
              -75.82242751669922,
              7.40609376802715
            ],
            [
              -75.81613298692591,
              7.414094199484805
            ],
            [
              -75.80693155618668,
              7.422194269128651
            ],
            [
              -75.79712731675254,
              7.438894205461683
            ],
            [
              -75.78332512272002,
              7.457294534981568
            ],
            [
              -75.77122431095587,
              7.479794777272342
            ],
            [
              -75.75912353882319,
              7.497094564871537
            ],
            [
              -75.74302480751855,
              7.51669461442846
            ],
            [
              -75.73092407599977,
              7.528694763601119
            ],
            [
              -75.71992199204215,
              7.543695220097947
            ],
            [
              -75.71132325505391,
              7.558095349163017
            ],
            [
              -75.69742184216653,
              7.580595100098467
            ],
            [
              -75.69342374348497,
              7.600795588759066
            ],
            [
              -75.68542009173139,
              7.618695753527426
            ],
            [
              -75.6785227228596,
              7.638796082806692
            ],
            [
              -75.67902616628322,
              7.653295943443283
            ],
            [
              -75.6727238910933,
              7.67579623107907
            ],
            [
              -75.66812312494456,
              7.686196628467427
            ],
            [
              -75.65952440905878,
              7.697696595493674
            ],
            [
              -75.64621818527667,
              7.710296603264116
            ],
            [
              -75.62322229103596,
              7.72349640335321
            ],
            [
              -75.6047203340306,
              7.728096366174071
            ],
            [
              -75.58921684715101,
              7.730896268407752
            ],
            [
              -75.58171689364865,
              7.730896209019562
            ]
          ]
        ]
      }
    },
    {
      "type": "Feature",
      "properties": {
        "AREA": 1022192378.04,
        "PERIMETER": 175559.177379,
        "WCOLGEN02_": 227,
        "WCOLGEN021": 411,
        "DPTO": "05",
        "NOMBRE_DPT": "ANTIOQUIA",
        "MPIO": "895",
        "NOMBRE_MPI": "ZARAGOZA",
        "NOMBRE_CAB": "ZARAGOZA",
        "CLASEMUN": "CM",
        "MPIOS": "05895",
        "ZONA": "ZONA05",
        "OF_REG": "DAMED",
        "REG_ZONAS": "DAMEDZONA05",
        "HECTARES": 102219.238
      },
      "geometry": {
        "type": "Polygon",
        "coordinates": [
          [
            [
              -74.78849242007804,
              7.707289984298868
            ],
            [
              -74.78439529729556,
              7.70728995169386
            ],
            [
              -74.77519393781404,
              7.707289878464414
            ],
            [
              -74.76769399144129,
              7.707189681725595
            ],
            [
              -74.76479483910418,
              7.69278947485709
            ],
            [
              -74.76648875091219,
              7.676589222179448
            ],
            [
              -74.77289015643849,
              7.660489144008094
            ],
            [
              -74.7779944940186,
              7.647788946580594
            ],
            [
              -74.78148899324164,
              7.632788922506599
            ],
            [
              -74.78839392343988,
              7.620688607904347
            ],
            [
              -74.79879326620998,
              7.604488424307575
            ],
            [
              -74.8085898332455,
              7.592488746192431
            ],
            [
              -74.82239198143063,
              7.578688540029532
            ],
            [
              -74.8096965228342,
              7.542787883526071
            ],
            [
              -74.79928978227467,
              7.529487697498755
            ],
            [
              -74.79009615231672,
              7.516687252801191
            ],
            [
              -74.78259637175525,
              7.495286958600692
            ],
            [
              -74.77619519772516,
              7.481986805055881
            ],
            [
              -74.76468986751009,
              7.458286667818373
            ],
            [
              -74.75779277969603,
              7.443186429386738
            ],
            [
              -74.74849229770459,
              7.435086227072931
            ],
            [
              -74.74099237326206,
              7.432186010818268
            ],
            [
              -74.7328898088803,
              7.415985687518678
            ],
            [
              -74.72199469918276,
              7.411885708760584
            ],
            [
              -74.70529339476117,
              7.411785443815528
            ],
            [
              -74.68969076028608,
              7.411685664113762
            ],
            [
              -74.6700902070139,
              7.409285086893831
            ],
            [
              -74.65798967936908,
              7.396585238186844
            ],
            [
              -74.64759057289581,
              7.382684712655389
            ],
            [
              -74.63668791862958,
              7.367584447204921
            ],
            [
              -74.6273874067066,
              7.3634844816726
            ],
            [
              -74.64528659992986,
              7.358984652149611
            ],
            [
              -74.66198792998048,
              7.355584412941774
            ],
            [
              -74.68679196649333,
              7.349884898967792
            ],
            [
              -74.70059406050243,
              7.342484879551891
            ],
            [
              -74.72139251836494,
              7.33848480261397
            ],
            [
              -74.73639243293042,
              7.335684895042331
            ],
            [
              -74.75189590086858,
              7.333385199366623
            ],
            [
              -74.77089384943952,
              7.317885088630883
            ],
            [
              -74.79049446630628,
              7.31218505694569
            ],
            [
              -74.80779854105789,
              7.308785297807292
            ],
            [
              -74.8291997381735,
              7.305485229606194
            ],
            [
              -74.84299416552494,
              7.303185520312402
            ],
            [
              -74.85679622196139,
              7.300985471170539
            ],
            [
              -74.87639685778056,
              7.292985625235466
            ],
            [
              -74.88389684028644,
              7.288385578049488
            ],
            [
              -74.89660021529558,
              7.287785328342918
            ],
            [
              -74.91440031486322,
              7.271685337576263
            ],
            [
              -74.90059810463879,
              7.294185544159339
            ],
            [
              -74.89370079869985,
              7.307485595195544
            ],
            [
              -74.90010193658412,
              7.325986195804371
            ],
            [
              -74.9076018056315,
              7.336386197226738
            ],
            [
              -74.90929553596679,
              7.34328612760695
            ],
            [
              -74.90300100679458,
              7.351986556499619
            ],
            [
              -74.89779756658102,
              7.354286330610908
            ],
            [
              -74.89260172555696,
              7.360586340321192
            ],
            [
              -74.89319671937095,
              7.376186739177163
            ],
            [
              -74.90010145737496,
              7.388886550603196
            ],
            [
              -74.90760133878273,
              7.397587084808777
            ],
            [
              -74.91109558140988,
              7.415586980654738
            ],
            [
              -74.92429487055097,
              7.416787295446155
            ],
            [
              -74.93010109352336,
              7.409287076273864
            ],
            [
              -74.93300044572852,
              7.398287284123584
            ],
            [
              -74.93930260900233,
              7.389087123419676
            ],
            [
              -74.9451011448326,
              7.389087167602625
            ],
            [
              -74.95489762242944,
              7.388587033933386
            ],
            [
              -74.96350387049718,
              7.38858709949469
            ],
            [
              -74.96580039592538,
              7.38858711698838
            ],
            [
              -74.96809695652259,
              7.383987029988993
            ],
            [
              -74.971598927324,
              7.389187506506889
            ],
            [
              -74.97500173023045,
              7.392087214789732
            ],
            [
              -74.981998081197,
              7.397387378252875
            ],
            [
              -74.98949800306072,
              7.400887463238134
            ],
            [
              -74.99930207553776,
              7.404987911246466
            ],
            [
              -75.01369915088213,
              7.415387967854422
            ],
            [
              -75.02460187134277,
              7.422388107156833
            ],
            [
              -75.03619887725952,
              7.431088197492086
            ],
            [
              -75.0489021429448,
              7.444988747161775
            ],
            [
              -75.0587061935408,
              7.451988878805397
            ],
            [
              -75.06440545978634,
              7.462988738960701
            ],
            [
              -75.06330669158433,
              7.475688969535481
            ],
            [
              -75.06039974025764,
              7.482589343648343
            ],
            [
              -75.0587058720071,
              7.493589147301636
            ],
            [
              -75.059300922151,
              7.501689285777226
            ],
            [
              -75.05930084605303,
              7.511489365434673
            ],
            [
              -75.05759937036919,
              7.519589486295065
            ],
            [
              -75.05520359693814,
              7.527589464758424
            ],
            [
              -75.0546999408231,
              7.540289700634748
            ],
            [
              -75.05579856954927,
              7.545589820553489
            ],
            [
              -75.05810266629638,
              7.553090104115339
            ],
            [
              -75.04890127773783,
              7.556489924070324
            ],
            [
              -75.03860119178965,
              7.563389763991496
            ],
            [
              -75.02700407894602,
              7.568489987725187
            ],
            [
              -75.01950409384678,
              7.573090034883918
            ],
            [
              -75.00689985284252,
              7.579989856524922
            ],
            [
              -74.99189991505503,
              7.585090053359181
            ],
            [
              -74.979196443192,
              7.597789716787953
            ],
            [
              -74.97059782449814,
              7.597789649451967
            ],
            [
              -74.96360144238733,
              7.596589857388408
            ],
            [
              -74.94519863913388,
              7.606890001192836
            ],
            [
              -74.9405979223895,
              7.611489593721597
            ],
            [
              -74.93139648414052,
              7.62129007787172
            ],
            [
              -74.92499512434662,
              7.631589838704105
            ],
            [
              -74.91639637308388,
              7.648389907519041
            ],
            [
              -74.90549345386484,
              7.666790243624978
            ],
            [
              -74.88639640258418,
              7.670790329465514
            ],
            [
              -74.87259435322603,
              7.671889820447308
            ],
            [
              -74.8604937442834,
              7.669489773347077
            ],
            [
              -74.8477904017446,
              7.665989644521418
            ],
            [
              -74.8396953419848,
              7.665889920274933
            ],
            [
              -74.83449191949796,
              7.665889879107611
            ],
            [
              -74.82529053172519,
              7.669389834515874
            ],
            [
              -74.81499041525055,
              7.680289908921274
            ],
            [
              -74.79999035035738,
              7.701589893531872
            ],
            [
              -74.78849242007804,
              7.707289984298868
            ]
          ]
        ]
      }
    },
    {
      "type": "Feature",
      "properties": {
        "AREA": 1216466421.06,
        "PERIMETER": 186003.652215,
        "WCOLGEN02_": 239,
        "WCOLGEN021": 391,
        "DPTO": "05",
        "NOMBRE_DPT": "ANTIOQUIA",
        "MPIO": "736",
        "NOMBRE_MPI": "SEGOVIA",
        "NOMBRE_CAB": "SEGOVIA",
        "CLASEMUN": "CM",
        "MPIOS": "05736",
        "ZONA": "ZONA05",
        "OF_REG": "DAMED",
        "REG_ZONAS": "DAMEDZONA05",
        "HECTARES": 121646.642
      },
      "geometry": {
        "type": "Polygon",
        "coordinates": [
          [
            [
              -74.58479086073675,
              7.391084296131385
            ],
            [
              -74.57729098199387,
              7.382384241581503
            ],
            [
              -74.56628912555095,
              7.369583789249655
            ],
            [
              -74.55418851925414,
              7.367283884138111
            ],
            [
              -74.53808242758336,
              7.354483393602849
            ],
            [
              -74.52708819633666,
              7.34228328755485
            ],
            [
              -74.52308272282315,
              7.330183371961688
            ],
            [
              -74.51788698056639,
              7.323783149038859
            ],
            [
              -74.51268361701524,
              7.316282849945806
            ],
            [
              -74.50348227409445,
              7.314482698865371
            ],
            [
              -74.49368576541401,
              7.319683071567415
            ],
            [
              -74.48558306166484,
              7.321882685680739
            ],
            [
              -74.47868585921691,
              7.321882633365065
            ],
            [
              -74.47118589706143,
              7.324182865812453
            ],
            [
              -74.46768385787338,
              7.32818259607242
            ],
            [
              -74.46598234479406,
              7.341482680728889
            ],
            [
              -74.4630830210378,
              7.348982918120444
            ],
            [
              -74.45278292513365,
              7.358183043482396
            ],
            [
              -74.43488364651552,
              7.37428302513419
            ],
            [
              -74.43088560864284,
              7.387583092324526
            ],
            [
              -74.42738348463949,
              7.402583107801023
            ],
            [
              -74.42568200215287,
              7.411783298808811
            ],
            [
              -74.42278266479084,
              7.420983480660841
            ],
            [
              -74.4187846487118,
              7.431383390472361
            ],
            [
              -74.40837772800747,
              7.441783727717644
            ],
            [
              -74.4020832016012,
              7.450383538343595
            ],
            [
              -74.3985811349017,
              7.457883771110844
            ],
            [
              -74.3882810431562,
              7.466483550681712
            ],
            [
              -74.38597687622378,
              7.468183954138722
            ],
            [
              -74.38307767680593,
              7.459583595668827
            ],
            [
              -74.37788201685557,
              7.442783431676188
            ],
            [
              -74.37438009826614,
              7.431183251261279
            ],
            [
              -74.37208369017681,
              7.416183191673045
            ],
            [
              -74.37208377966937,
              7.404583038640766
            ],
            [
              -74.3668804306954,
              7.395382795252015
            ],
            [
              -74.35938059842154,
              7.38088242776225
            ],
            [
              -74.36108210738159,
              7.368182212209982
            ],
            [
              -74.36858213932189,
              7.35668225408887
            ],
            [
              -74.37898139760581,
              7.350382287643885
            ],
            [
              -74.38818284094188,
              7.338882342327545
            ],
            [
              -74.39388222770268,
              7.33368241604486
            ],
            [
              -74.40198496657433,
              7.326782086918486
            ],
            [
              -74.41758003290924,
              7.318182347179017
            ],
            [
              -74.42278353211768,
              7.307781970454466
            ],
            [
              -74.4232795465979,
              7.296281958868792
            ],
            [
              -74.42158589203653,
              7.279481824412123
            ],
            [
              -74.41867912689638,
              7.262181473213611
            ],
            [
              -74.4192818955321,
              7.258681452518401
            ],
            [
              -74.41748138153652,
              7.247681632253075
            ],
            [
              -74.41652008605394,
              7.242348139815316
            ],
            [
              -74.42158619704406,
              7.239081328745916
            ],
            [
              -74.42908615028603,
              7.237881172028301
            ],
            [
              -74.4520819705701,
              7.229881354932774
            ],
            [
              -74.46538813311602,
              7.222481333069493
            ],
            [
              -74.4681882141331,
              7.2224813540247
            ],
            [
              -74.4756881887109,
              7.21848165373082
            ],
            [
              -74.48838396683283,
              7.212781571207196
            ],
            [
              -74.50338392522231,
              7.203581480426735
            ],
            [
              -74.51378316655405,
              7.199581801522117
            ],
            [
              -74.5292866820143,
              7.190381714147484
            ],
            [
              -74.54258519394988,
              7.185881848615086
            ],
            [
              -74.56159075744769,
              7.171481817214286
            ],
            [
              -74.57308866427778,
              7.168081537247925
            ],
            [
              -74.57948995722244,
              7.165781772371914
            ],
            [
              -74.60079201961064,
              7.154881782771789
            ],
            [
              -74.61458649884409,
              7.145081813427931
            ],
            [
              -74.62378791566906,
              7.137081891225325
            ],
            [
              -74.63649133364181,
              7.130181594063199
            ],
            [
              -74.64228990154999,
              7.125581535140155
            ],
            [
              -74.65779343072995,
              7.114681501651132
            ],
            [
              -74.6693905577889,
              7.106681596641786
            ],
            [
              -74.67569270843443,
              7.098581515658148
            ],
            [
              -74.67569274669107,
              7.093381545822131
            ],
            [
              -74.67169485266763,
              7.087581678576504
            ],
            [
              -74.66819286899329,
              7.084081627423101
            ],
            [
              -74.66819291084371,
              7.078381449709047
            ],
            [
              -74.67159578172573,
              7.07198129183138
            ],
            [
              -74.67399152557175,
              7.067381207792042
            ],
            [
              -74.674495124955,
              7.061581373697844
            ],
            [
              -74.67449516666652,
              7.055881196082269
            ],
            [
              -74.67509030058345,
              7.052981043145209
            ],
            [
              -74.68089649356847,
              7.048980852105673
            ],
            [
              -74.68429168423597,
              7.0494810848457
            ],
            [
              -74.69069295564036,
              7.050181136595439
            ],
            [
              -74.69819289745986,
              7.050781059393509
            ],
            [
              -74.70559364145609,
              7.053081402578965
            ],
            [
              -74.71309356657531,
              7.055981614660904
            ],
            [
              -74.71829697061732,
              7.058381602021432
            ],
            [
              -74.72579686655145,
              7.06528157097515
            ],
            [
              -74.73329679180108,
              7.068181783237868
            ],
            [
              -74.73969801297015,
              7.075781749543484
            ],
            [
              -74.74769384432642,
              7.081582123156095
            ],
            [
              -74.76219773406204,
              7.091982169790263
            ],
            [
              -74.7707962902961,
              7.100182497816747
            ],
            [
              -74.77249768552899,
              7.102482322967065
            ],
            [
              -74.77489337016024,
              7.105982366481816
            ],
            [
              -74.78579614139323,
              7.105982446520301
            ],
            [
              -74.79499751306477,
              7.10428256954847
            ],
            [
              -74.80079606040981,
              7.102582667578248
            ],
            [
              -74.81119527495292,
              7.102582743864401
            ],
            [
              -74.8209993635688,
              7.104382897320017
            ],
            [
              -74.83369508574276,
              7.106782940268763
            ],
            [
              -74.8423013281362,
              7.107382871667827
            ],
            [
              -74.84230131120991,
              7.109683161362153
            ],
            [
              -74.84169844938167,
              7.125882937721473
            ],
            [
              -74.85329531421223,
              7.153683436679782
            ],
            [
              -74.86419794919719,
              7.172184065842306
            ],
            [
              -74.87289565330832,
              7.185484231169753
            ],
            [
              -74.88900171424463,
              7.203484215328849
            ],
            [
              -74.89999599493405,
              7.209884482228651
            ],
            [
              -74.92080194779976,
              7.224384952699368
            ],
            [
              -74.91729979448651,
              7.243485346025919
            ],
            [
              -74.91500314836993,
              7.259585452991199
            ],
            [
              -74.91440031486322,
              7.271685337576263
            ],
            [
              -74.89660021529558,
              7.287785328342918
            ],
            [
              -74.88389684028644,
              7.288385578049488
            ],
            [
              -74.87639685778056,
              7.292985625235466
            ],
            [
              -74.85679622196139,
              7.300985471170539
            ],
            [
              -74.84299416552494,
              7.303185520312402
            ],
            [
              -74.8291997381735,
              7.305485229606194
            ],
            [
              -74.80779854105789,
              7.308785297807292
            ],
            [
              -74.79049446630628,
              7.31218505694569
            ],
            [
              -74.77089384943952,
              7.317885088630883
            ],
            [
              -74.75189590086858,
              7.333385199366623
            ],
            [
              -74.73639243293042,
              7.335684895042331
            ],
            [
              -74.72139251836494,
              7.33848480261397
            ],
            [
              -74.70059406050243,
              7.342484879551891
            ],
            [
              -74.68679196649333,
              7.349884898967792
            ],
            [
              -74.66198792998048,
              7.355584412941774
            ],
            [
              -74.64528659992986,
              7.358984652149611
            ],
            [
              -74.6273874067066,
              7.3634844816726
            ],
            [
              -74.61708735262584,
              7.366984429547537
            ],
            [
              -74.6031860871209,
              7.372684502668468
            ],
            [
              -74.58769022500717,
              7.378384086628411
            ],
            [
              -74.58479086073675,
              7.391084296131385
            ]
          ]
        ]
      }
    },
    {
      "type": "Feature",
      "properties": {
        "AREA": 1413315376.8,
        "PERIMETER": 186628.680382,
        "WCOLGEN02_": 245,
        "WCOLGEN021": 302,
        "DPTO": "05",
        "NOMBRE_DPT": "ANTIOQUIA",
        "MPIO": "040",
        "NOMBRE_MPI": "ANORI",
        "NOMBRE_CAB": "ANORI",
        "CLASEMUN": "CM",
        "MPIOS": "05040",
        "ZONA": "ZONA05",
        "OF_REG": "DAMED",
        "REG_ZONAS": "DAMEDZONA05",
        "HECTARES": 141331.538
      },
      "geometry": {
        "type": "Polygon",
        "coordinates": [
          [
            [
              -74.96809695652259,
              7.383987029988993
            ],
            [
              -74.96580039592538,
              7.38858711698838
            ],
            [
              -74.96350387049718,
              7.38858709949469
            ],
            [
              -74.95489762242944,
              7.388587033933386
            ],
            [
              -74.9451011448326,
              7.389087167602625
            ],
            [
              -74.93930260900233,
              7.389087123419676
            ],
            [
              -74.93300044572852,
              7.398287284123584
            ],
            [
              -74.93010109352336,
              7.409287076273864
            ],
            [
              -74.92429487055097,
              7.416787295446155
            ],
            [
              -74.91109558140988,
              7.415586980654738
            ],
            [
              -74.90760133878273,
              7.397587084808777
            ],
            [
              -74.90010145737496,
              7.388886550603196
            ],
            [
              -74.89319671937095,
              7.376186739177163
            ],
            [
              -74.89260172555696,
              7.360586340321192
            ],
            [
              -74.89779756658102,
              7.354286330610908
            ],
            [
              -74.90300100679458,
              7.351986556499619
            ],
            [
              -74.90929553596679,
              7.34328612760695
            ],
            [
              -74.9076018056315,
              7.336386197226738
            ],
            [
              -74.90010193658412,
              7.325986195804371
            ],
            [
              -74.89370079869985,
              7.307485595195544
            ],
            [
              -74.90059810463879,
              7.294185544159339
            ],
            [
              -74.91440031486322,
              7.271685337576263
            ],
            [
              -74.93349731624866,
              7.274085431299151
            ],
            [
              -74.93919670488624,
              7.268985638864168
            ],
            [
              -74.94379742433922,
              7.263785701148351
            ],
            [
              -74.94440026223992,
              7.251085471047656
            ],
            [
              -74.9519003356578,
              7.23438505730044
            ],
            [
              -74.97839839415263,
              7.197485241943454
            ],
            [
              -74.98930126218612,
              7.184785088534191
            ],
            [
              -75.01580694035803,
              7.14908453225411
            ],
            [
              -75.02560352905414,
              7.133584825584095
            ],
            [
              -75.03080712676177,
              7.109884340954782
            ],
            [
              -75.0423051656435,
              7.089184198108415
            ],
            [
              -75.0521017835,
              7.069584119369159
            ],
            [
              -75.05840397399085,
              7.0562840634298
            ],
            [
              -75.06880331281181,
              7.039583670634289
            ],
            [
              -75.0665068837824,
              7.026283552447276
            ],
            [
              -75.06590429185675,
              7.0054831853224
            ],
            [
              -75.07340441566491,
              6.981282987424343
            ],
            [
              -75.09701072412548,
              6.958882986961188
            ],
            [
              -75.10911145418052,
              6.944983104392783
            ],
            [
              -75.12411143464128,
              6.933582852610015
            ],
            [
              -75.1437121056435,
              6.920882759750957
            ],
            [
              -75.1477101183822,
              6.910482845501957
            ],
            [
              -75.16271009895696,
              6.899082593110721
            ],
            [
              -75.17310932933108,
              6.89738272215396
            ],
            [
              -75.18291343471125,
              6.897382791749146
            ],
            [
              -75.18520999327328,
              6.892782704921583
            ],
            [
              -75.18920791139199,
              6.895682891600313
            ],
            [
              -75.19671543769783,
              6.903183206434872
            ],
            [
              -75.20020977801713,
              6.908983071191363
            ],
            [
              -75.2059090962201,
              6.913683352016543
            ],
            [
              -75.21461449466024,
              6.918883385664492
            ],
            [
              -75.21981023930887,
              6.925883476369268
            ],
            [
              -75.22781368460863,
              6.934583532181791
            ],
            [
              -75.23421491963535,
              6.940883626385822
            ],
            [
              -75.23821284140857,
              6.943284082163332
            ],
            [
              -75.24511002404691,
              6.946784158451413
            ],
            [
              -75.26821255599324,
              6.955484322827484
            ],
            [
              -75.27571249372699,
              6.957284458563938
            ],
            [
              -75.279710407758,
              6.960784514370645
            ],
            [
              -75.27341588083974,
              6.969384331823242
            ],
            [
              -75.27341584780098,
              6.973984435737687
            ],
            [
              -75.27111163814116,
              6.981484681967587
            ],
            [
              -75.27051648333473,
              6.987284518526541
            ],
            [
              -75.26421431791071,
              6.997084549627362
            ],
            [
              -75.25441018711359,
              7.000484846178565
            ],
            [
              -75.24111174097997,
              6.994684432861886
            ],
            [
              -75.21980970028456,
              7.000984328456997
            ],
            [
              -75.22270888588966,
              7.012484370528613
            ],
            [
              -75.24001286194529,
              7.023584922472061
            ],
            [
              -75.2515107137658,
              7.028784978043993
            ],
            [
              -75.26021611569556,
              7.033485282126247
            ],
            [
              -75.26190982795944,
              7.043285371205389
            ],
            [
              -75.263710241772,
              7.068685379532224
            ],
            [
              -75.2660143297127,
              7.077985742051325
            ],
            [
              -75.27231630188778,
              7.094785920647791
            ],
            [
              -75.28501197153702,
              7.105185959455416
            ],
            [
              -75.29481603131602,
              7.111586218158801
            ],
            [
              -75.3012172400433,
              7.121386342976858
            ],
            [
              -75.30521512792501,
              7.128386428063464
            ],
            [
              -75.31101358497493,
              7.139386762799612
            ],
            [
              -75.31791067839109,
              7.154987210865118
            ],
            [
              -75.32191620019707,
              7.161386951087065
            ],
            [
              -75.32191614482299,
              7.168887215709897
            ],
            [
              -75.32541044118838,
              7.180487402931767
            ],
            [
              -75.32431167676997,
              7.193187633432386
            ],
            [
              -75.32481519546198,
              7.198387610998592
            ],
            [
              -75.32311373557312,
              7.204687649285008
            ],
            [
              -75.31851302372404,
              7.208687851891126
            ],
            [
              -75.31161578491216,
              7.21278769766012
            ],
            [
              -75.30701506043025,
              7.218487845818763
            ],
            [
              -75.28971094752042,
              7.225887845234114
            ],
            [
              -75.28161587460131,
              7.227087522302477
            ],
            [
              -75.27361236281956,
              7.227587671234631
            ],
            [
              -75.263808209307,
              7.233887649074813
            ],
            [
              -75.24821319117792,
              7.234387264626694
            ],
            [
              -75.23490707341399,
              7.234387165645784
            ],
            [
              -75.21710709007257,
              7.234287373017493
            ],
            [
              -75.21250632251733,
              7.245787362690451
            ],
            [
              -75.2044111379006,
              7.26198756833892
            ],
            [
              -75.20151175218929,
              7.27758746747084
            ],
            [
              -75.19401169818973,
              7.291387726504836
            ],
            [
              -75.18831228993365,
              7.298887948384868
            ],
            [
              -75.1773101019575,
              7.328887970861568
            ],
            [
              -75.17621126576752,
              7.350788411809791
            ],
            [
              -75.16990916304002,
              7.351888441151996
            ],
            [
              -75.16411061676745,
              7.353088134493191
            ],
            [
              -75.15890717139015,
              7.355888117715337
            ],
            [
              -75.13010513555821,
              7.367988269526316
            ],
            [
              -75.10930662540166,
              7.377688053499982
            ],
            [
              -75.10010526381751,
              7.377588323408372
            ],
            [
              -75.08860738041528,
              7.376987890651634
            ],
            [
              -75.08050465785834,
              7.380988065518609
            ],
            [
              -75.07250112466086,
              7.384488032718108
            ],
            [
              -75.06610742698363,
              7.390788034548095
            ],
            [
              -75.04420263576633,
              7.398187995064471
            ],
            [
              -75.03440616108237,
              7.398187920399381
            ],
            [
              -75.02810413414117,
              7.389487871088089
            ],
            [
              -75.02580003620686,
              7.38198758944211
            ],
            [
              -75.02520498965364,
              7.373287583815886
            ],
            [
              -75.0183001803499,
              7.369787503556918
            ],
            [
              -75.00899963338976,
              7.369787432924055
            ],
            [
              -74.99170320273922,
              7.370787241343012
            ],
            [
              -74.97960257349199,
              7.370787149406932
            ],
            [
              -74.96580048837168,
              7.376487225751493
            ],
            [
              -74.96809695652259,
              7.383987029988993
            ]
          ]
        ]
      }
    },
    {
      "type": "Feature",
      "properties": {
        "AREA": 534379532.527,
        "PERIMETER": 123594.493109,
        "WCOLGEN02_": 246,
        "WCOLGEN021": 402,
        "DPTO": "05",
        "NOMBRE_DPT": "ANTIOQUIA",
        "MPIO": "854",
        "NOMBRE_MPI": "VALDIVIA",
        "NOMBRE_CAB": "VALDIVIA",
        "CLASEMUN": "CM",
        "MPIOS": "05854",
        "ZONA": "ZONA04",
        "OF_REG": "DAMED",
        "REG_ZONAS": "DAMEDZONA04",
        "HECTARES": 53437.953
      },
      "geometry": {
        "type": "Polygon",
        "coordinates": [
          [
            [
              -75.28971094752042,
              7.225887845234114
            ],
            [
              -75.30701506043025,
              7.218487845818763
            ],
            [
              -75.31221083851322,
              7.22078769858665
            ],
            [
              -75.31741423733966,
              7.22428776551107
            ],
            [
              -75.32081702486612,
              7.229487764763419
            ],
            [
              -75.32491409759041,
              7.236487851963039
            ],
            [
              -75.32951474918174,
              7.240588260061863
            ],
            [
              -75.34851265985284,
              7.231388190262984
            ],
            [
              -75.35431127549488,
              7.220988284994337
            ],
            [
              -75.35541761422628,
              7.215787842224681
            ],
            [
              -75.35771417473624,
              7.211188230603539
            ],
            [
              -75.36521423306324,
              7.196788101098043
            ],
            [
              -75.3738129357347,
              7.185888008068306
            ],
            [
              -75.3836171283886,
              7.174387578381576
            ],
            [
              -75.3900184568537,
              7.167987914230179
            ],
            [
              -75.39861718074062,
              7.154187661247129
            ],
            [
              -75.4061172215344,
              7.142087345805804
            ],
            [
              -75.40841381556328,
              7.132887628781397
            ],
            [
              -75.42281869483406,
              7.120787363793134
            ],
            [
              -75.43202013621807,
              7.110387483097407
            ],
            [
              -75.4418166900148,
              7.100087266857144
            ],
            [
              -75.45101815247139,
              7.086787226290506
            ],
            [
              -75.46251611516522,
              7.077086890821534
            ],
            [
              -75.47181669174584,
              7.073586930029652
            ],
            [
              -75.47982018824706,
              7.075387070813205
            ],
            [
              -75.48502357975913,
              7.080087351056514
            ],
            [
              -75.49201981875613,
              7.101487643974041
            ],
            [
              -75.49252328325464,
              7.114187887369889
            ],
            [
              -75.48561835545644,
              7.1262877312909
            ],
            [
              -75.47472313041663,
              7.136587940002346
            ],
            [
              -75.4707173437413,
              7.166088287996771
            ],
            [
              -75.47241868482617,
              7.175888380813429
            ],
            [
              -75.46721505420297,
              7.203588638021809
            ],
            [
              -75.47361622838584,
              7.218089009141165
            ],
            [
              -75.46201914240633,
              7.219189000441598
            ],
            [
              -75.45861625990298,
              7.226688764522125
            ],
            [
              -75.45861616162942,
              7.239889213977832
            ],
            [
              -75.46552092239287,
              7.250389352059169
            ],
            [
              -75.47241807137479,
              7.258489538572737
            ],
            [
              -75.47881925825548,
              7.271189827891829
            ],
            [
              -75.47762135426214,
              7.277589531535086
            ],
            [
              -75.47881906784062,
              7.296589834874107
            ],
            [
              -75.48861549886105,
              7.30299009785551
            ],
            [
              -75.5013188765382,
              7.303090330076973
            ],
            [
              -75.50652230246554,
              7.303090369045916
            ],
            [
              -75.5099175515782,
              7.296189996123343
            ],
            [
              -75.51692159383293,
              7.293890233630265
            ],
            [
              -75.52201815208954,
              7.300890330398113
            ],
            [
              -75.52902209900387,
              7.31129033389494
            ],
            [
              -75.5290220252356,
              7.321090893116988
            ],
            [
              -75.5290219641933,
              7.329190552559594
            ],
            [
              -75.51801988561951,
              7.34419100485886
            ],
            [
              -75.5134190806902,
              7.360291105910742
            ],
            [
              -75.49902190081382,
              7.362590812264321
            ],
            [
              -75.4783150481423,
              7.357890888905398
            ],
            [
              -75.44601873116599,
              7.35539055609631
            ],
            [
              -75.41601891524358,
              7.35639026987014
            ],
            [
              -75.3901162163649,
              7.358590228793602
            ],
            [
              -75.36641080588161,
              7.36779026220094
            ],
            [
              -75.34631421457809,
              7.37808992294302
            ],
            [
              -75.33131414036377,
              7.400590131852579
            ],
            [
              -75.30081067353322,
              7.414290081355148
            ],
            [
              -75.28631442190684,
              7.402089938311094
            ],
            [
              -75.27881458995468,
              7.386489480334803
            ],
            [
              -75.2679118746308,
              7.378389262943577
            ],
            [
              -75.2517065233781,
              7.373689374038414
            ],
            [
              -75.2454121417971,
              7.362689032073107
            ],
            [
              -75.24941015531886,
              7.352888982321427
            ],
            [
              -75.26321236307321,
              7.331488843855317
            ],
            [
              -75.27300888311576,
              7.325788734940722
            ],
            [
              -75.27711371980692,
              7.314888608856698
            ],
            [
              -75.2811118029453,
              7.295788687772893
            ],
            [
              -75.28221056423773,
              7.283688325203802
            ],
            [
              -75.29031345732605,
              7.257088170029598
            ],
            [
              -75.29321289434783,
              7.234587873367654
            ],
            [
              -75.28971094752042,
              7.225887845234114
            ]
          ]
        ]
      }
    },
    {
      "type": "Feature",
      "properties": {
        "AREA": 2132162413.34,
        "PERIMETER": 260855.67471,
        "WCOLGEN02_": 247,
        "WCOLGEN021": 351,
        "DPTO": "05",
        "NOMBRE_DPT": "ANTIOQUIA",
        "MPIO": "361",
        "NOMBRE_MPI": "ITUANGO",
        "NOMBRE_CAB": "ITUANGO",
        "CLASEMUN": "CM",
        "MPIOS": "05361",
        "ZONA": "ZONA04",
        "OF_REG": "DAMED",
        "REG_ZONAS": "DAMEDZONA04",
        "HECTARES": 213216.241
      },
      "geometry": {
        "type": "Polygon",
        "coordinates": [
          [
            [
              -75.90833015865695,
              7.365994266809
            ],
            [
              -75.83803032344689,
              7.385893844500345
            ],
            [
              -75.80862560801386,
              7.386993700292137
            ],
            [
              -75.79193190543165,
              7.388093651970849
            ],
            [
              -75.77342996561728,
              7.390293190812045
            ],
            [
              -75.75612589092192,
              7.391393137739465
            ],
            [
              -75.75042652745344,
              7.392493172356625
            ],
            [
              -75.73542661007073,
              7.393593136618851
            ],
            [
              -75.72162454930671,
              7.394693109893956
            ],
            [
              -75.71582600047147,
              7.395793143691424
            ],
            [
              -75.70142885701306,
              7.392892873369338
            ],
            [
              -75.6806228015933,
              7.389892894387929
            ],
            [
              -75.66392148899996,
              7.388692553342908
            ],
            [
              -75.65302634641986,
              7.387492256235666
            ],
            [
              -75.63852237197527,
              7.386792140509876
            ],
            [
              -75.61842585329771,
              7.3867919884834
            ],
            [
              -75.60862173480355,
              7.38789199184499
            ],
            [
              -75.59301908577723,
              7.38779221351065
            ],
            [
              -75.5809184497637,
              7.387691984826017
            ],
            [
              -75.56652134780543,
              7.379591738742469
            ],
            [
              -75.55722087068341,
              7.369691448047892
            ],
            [
              -75.5492174345216,
              7.359891304510608
            ],
            [
              -75.54862242640549,
              7.345991318600032
            ],
            [
              -75.54282397457597,
              7.334391108851024
            ],
            [
              -75.53991707899596,
              7.333890878417085
            ],
            [
              -75.53131849095224,
              7.329190569815005
            ],
            [
              -75.5290219641933,
              7.329190552559594
            ],
            [
              -75.5290220252356,
              7.321090893116988
            ],
            [
              -75.52902209900387,
              7.31129033389494
            ],
            [
              -75.52201815208954,
              7.300890330398113
            ],
            [
              -75.51692159383293,
              7.293890233630265
            ],
            [
              -75.5099175515782,
              7.296189996123343
            ],
            [
              -75.50652230246554,
              7.303090369045916
            ],
            [
              -75.5013188765382,
              7.303090330076973
            ],
            [
              -75.48861549886105,
              7.30299009785551
            ],
            [
              -75.47881906784062,
              7.296589834874107
            ],
            [
              -75.47762135426214,
              7.277589531535086
            ],
            [
              -75.47881925825548,
              7.271189827891829
            ],
            [
              -75.47241807137479,
              7.258489538572737
            ],
            [
              -75.46552092239287,
              7.250389352059169
            ],
            [
              -75.45861616162942,
              7.239889213977832
            ],
            [
              -75.45861625990298,
              7.226688764522125
            ],
            [
              -75.46201914240633,
              7.219189000441598
            ],
            [
              -75.47361622838584,
              7.218089009141165
            ],
            [
              -75.48222251139383,
              7.213989175271507
            ],
            [
              -75.49262171552976,
              7.216389203928735
            ],
            [
              -75.4995189251622,
              7.216389254976889
            ],
            [
              -75.51392370821284,
              7.217589099040156
            ],
            [
              -75.51741809029656,
              7.217689261972074
            ],
            [
              -75.52491806006996,
              7.215389502756751
            ],
            [
              -75.53292166434326,
              7.202689320357018
            ],
            [
              -75.54731887375873,
              7.196389374367664
            ],
            [
              -75.55771812597912,
              7.192389213491944
            ],
            [
              -75.5675222480246,
              7.190689339753597
            ],
            [
              -75.57902020947328,
              7.18148921170566
            ],
            [
              -75.59582076147424,
              7.175189282869513
            ],
            [
              -75.61302572310578,
              7.163789518670436
            ],
            [
              -75.62572157115329,
              7.150489024119939
            ],
            [
              -75.63382441501868,
              7.130389188573681
            ],
            [
              -75.64822924693568,
              7.125188841738341
            ],
            [
              -75.66552572742128,
              7.118888915396706
            ],
            [
              -75.67762648251768,
              7.102788869315074
            ],
            [
              -75.6833259252189,
              7.09068901431137
            ],
            [
              -75.68912452791619,
              7.082088712314498
            ],
            [
              -75.69252736415841,
              7.080888999476812
            ],
            [
              -75.70182792982561,
              7.079188644000686
            ],
            [
              -75.71502725894958,
              7.07638871627547
            ],
            [
              -75.7323313531779,
              7.072389080636126
            ],
            [
              -75.73922860576853,
              7.06668894665833
            ],
            [
              -75.75312989362504,
              7.059789125673387
            ],
            [
              -75.76632923999934,
              7.054688905809225
            ],
            [
              -75.77043402169872,
              7.05118890612159
            ],
            [
              -75.77443196721828,
              7.050589066171652
            ],
            [
              -75.78132916141344,
              7.052989067910299
            ],
            [
              -75.79113317679253,
              7.066289250375076
            ],
            [
              -75.80153234685058,
              7.073889730140571
            ],
            [
              -75.81132874922416,
              7.084889621392261
            ],
            [
              -75.82693132657681,
              7.09529016309977
            ],
            [
              -75.83963462408758,
              7.106990082142994
            ],
            [
              -75.85802959357156,
              7.126090651157796
            ],
            [
              -75.8719307652657,
              7.135390627618799
            ],
            [
              -75.87823277922726,
              7.146990841170309
            ],
            [
              -75.87012994141148,
              7.165991081346753
            ],
            [
              -75.8673297291592,
              7.183291413997688
            ],
            [
              -75.87653097926044,
              7.199491757537984
            ],
            [
              -75.89673433001603,
              7.197891619793241
            ],
            [
              -75.90943776893991,
              7.190391920686324
            ],
            [
              -75.9174337158468,
              7.181791632413121
            ],
            [
              -75.9261316215615,
              7.169091449963516
            ],
            [
              -75.93593586523522,
              7.151291435792428
            ],
            [
              -75.95723809119453,
              7.121891336955675
            ],
            [
              -75.96562315744337,
              7.112334026513804
            ],
            [
              -75.97453456024306,
              7.117891223728046
            ],
            [
              -75.98543729395676,
              7.124891363583965
            ],
            [
              -76.00393911930894,
              7.138791959557064
            ],
            [
              -76.0235396108793,
              7.153392093518779
            ],
            [
              -76.03903545641364,
              7.152792337578296
            ],
            [
              -76.0511361023192,
              7.152292217110688
            ],
            [
              -76.06734155208895,
              7.145492548107244
            ],
            [
              -76.09154289582446,
              7.137492245347668
            ],
            [
              -76.11743797460996,
              7.13639283276417
            ],
            [
              -76.13068300753434,
              7.144550289961797
            ],
            [
              -76.14343970432843,
              7.157892939683093
            ],
            [
              -76.15664655954187,
              7.170093553087739
            ],
            [
              -76.18434207023776,
              7.192194020806805
            ],
            [
              -76.19304744263536,
              7.201994172323126
            ],
            [
              -76.21784366509533,
              7.2263944374571
            ],
            [
              -76.22874639282158,
              7.234494658890883
            ],
            [
              -76.24664550784745,
              7.244395016558655
            ],
            [
              -76.26564325603617,
              7.259495361927726
            ],
            [
              -76.27954442004375,
              7.270495769214572
            ],
            [
              -76.29334637251452,
              7.284995731360594
            ],
            [
              -76.31294684732944,
              7.302396376886558
            ],
            [
              -76.33495062287615,
              7.325596890455983
            ],
            [
              -76.35854899360594,
              7.349397286827986
            ],
            [
              -76.38224655453836,
              7.37259781627553
            ],
            [
              -76.3949497526042,
              7.398098081942233
            ],
            [
              -76.39314913005818,
              7.400998231825387
            ],
            [
              -76.37644789722272,
              7.387597844717733
            ],
            [
              -76.3637522807388,
              7.368497775778137
            ],
            [
              -76.35564963894113,
              7.36039757167699
            ],
            [
              -76.34354906703284,
              7.350497253085837
            ],
            [
              -76.33834564936818,
              7.348797266576919
            ],
            [
              -76.02704016398435,
              7.350294609850455
            ],
            [
              -75.90833015865695,
              7.365994266809
            ]
          ]
        ]
      }
    },
    {
      "type": "Feature",
      "properties": {
        "AREA": 1181498738.11,
        "PERIMETER": 164423.522161,
        "WCOLGEN02_": 254,
        "WCOLGEN021": 298,
        "DPTO": "05",
        "NOMBRE_DPT": "ANTIOQUIA",
        "MPIO": "031",
        "NOMBRE_MPI": "AMALFI",
        "NOMBRE_CAB": "AMALFI",
        "CLASEMUN": "CM",
        "MPIOS": "05031",
        "ZONA": "ZONA05",
        "OF_REG": "DAMED",
        "REG_ZONAS": "DAMEDZONA05",
        "HECTARES": 118149.874
      },
      "geometry": {
        "type": "Polygon",
        "coordinates": [
          [
            [
              -74.91440031486322,
              7.271685337576263
            ],
            [
              -74.91500314836993,
              7.259585452991199
            ],
            [
              -74.91729979448651,
              7.243485346025919
            ],
            [
              -74.92080194779976,
              7.224384952699368
            ],
            [
              -74.89999599493405,
              7.209884482228651
            ],
            [
              -74.88900171424463,
              7.203484215328849
            ],
            [
              -74.87289565330832,
              7.185484231169753
            ],
            [
              -74.86419794919719,
              7.172184065842306
            ],
            [
              -74.85329531421223,
              7.153683436679782
            ],
            [
              -74.84169844938167,
              7.125882937721473
            ],
            [
              -74.84230131120991,
              7.109683161362153
            ],
            [
              -74.8423013281362,
              7.107382871667827
            ],
            [
              -74.84340004059858,
              7.101583040703357
            ],
            [
              -74.8370981348946,
              7.076182532587751
            ],
            [
              -74.83709820296784,
              7.066882190919941
            ],
            [
              -74.84459831023922,
              7.044982287274514
            ],
            [
              -74.8526018896696,
              7.034682064681939
            ],
            [
              -74.85379981260492,
              7.025382208804174
            ],
            [
              -74.84569727372765,
              7.004581791989764
            ],
            [
              -74.84279807355215,
              6.995281430001405
            ],
            [
              -74.84859673368713,
              6.977981617007477
            ],
            [
              -74.84703273159188,
              6.967384252693654
            ],
            [
              -74.8548989879548,
              6.955481360859046
            ],
            [
              -74.86239900943329,
              6.945181134777012
            ],
            [
              -74.86239905107944,
              6.93938129662934
            ],
            [
              -74.86470328473145,
              6.928381028226156
            ],
            [
              -74.86750349494366,
              6.910480849278998
            ],
            [
              -74.87960423728646,
              6.894380817992206
            ],
            [
              -74.90380566829664,
              6.869680537208316
            ],
            [
              -74.91080211651445,
              6.8615804595724
            ],
            [
              -74.91880570707912,
              6.849480632323286
            ],
            [
              -74.91710433927558,
              6.843180574406393
            ],
            [
              -74.91530381138924,
              6.833280353437915
            ],
            [
              -74.9263058830121,
              6.817180313939195
            ],
            [
              -74.944205200664,
              6.795280008136141
            ],
            [
              -74.95680186921263,
              6.77917997950163
            ],
            [
              -74.96780396892535,
              6.758979569274223
            ],
            [
              -74.96890258228467,
              6.767079703779798
            ],
            [
              -74.97410595201211,
              6.774680135903155
            ],
            [
              -74.98330726026356,
              6.782179982317762
            ],
            [
              -74.99260774561736,
              6.790880519589042
            ],
            [
              -75.01560342020686,
              6.80488078328233
            ],
            [
              -75.03870596799547,
              6.810680783710978
            ],
            [
              -75.04851009584344,
              6.807280963677049
            ],
            [
              -75.05250811890332,
              6.795180629993008
            ],
            [
              -75.05140952174307,
              6.78478068196465
            ],
            [
              -75.05140959449254,
              6.774380741743456
            ],
            [
              -75.05020419034207,
              6.762780580070618
            ],
            [
              -75.06230487153684,
              6.755380541953002
            ],
            [
              -75.07271169389536,
              6.758880640119994
            ],
            [
              -75.08540739626905,
              6.764680566903555
            ],
            [
              -75.10150595207747,
              6.766480760507968
            ],
            [
              -75.11131006013208,
              6.765980620776966
            ],
            [
              -75.11301148121015,
              6.764780896234577
            ],
            [
              -75.11651350817291,
              6.762480631127309
            ],
            [
              -75.12110653514223,
              6.765980689042018
            ],
            [
              -75.12401342893186,
              6.766581054346485
            ],
            [
              -75.13780780556645,
              6.771881257963275
            ],
            [
              -75.1499083678075,
              6.781681415345576
            ],
            [
              -75.15971238751817,
              6.793881506829597
            ],
            [
              -75.17301080900513,
              6.803181942031405
            ],
            [
              -75.18801061887255,
              6.815981939000205
            ],
            [
              -75.19031468088038,
              6.8292820554395
            ],
            [
              -75.18741532287457,
              6.841982267192785
            ],
            [
              -75.17941170214807,
              6.858082332507598
            ],
            [
              -75.17880885332866,
              6.873082373726884
            ],
            [
              -75.18291351285883,
              6.886382980578313
            ],
            [
              -75.18520999327328,
              6.892782704921583
            ],
            [
              -75.18291343471125,
              6.897382791749146
            ],
            [
              -75.17310932933108,
              6.89738272215396
            ],
            [
              -75.16271009895696,
              6.899082593110721
            ],
            [
              -75.1477101183822,
              6.910482845501957
            ],
            [
              -75.1437121056435,
              6.920882759750957
            ],
            [
              -75.12411143464128,
              6.933582852610015
            ],
            [
              -75.10911145418052,
              6.944983104392783
            ],
            [
              -75.09701072412548,
              6.958882986961188
            ],
            [
              -75.07340441566491,
              6.981282987424343
            ],
            [
              -75.06590429185675,
              7.0054831853224
            ],
            [
              -75.0665068837824,
              7.026283552447276
            ],
            [
              -75.06880331281181,
              7.039583670634289
            ],
            [
              -75.05840397399085,
              7.0562840634298
            ],
            [
              -75.0521017835,
              7.069584119369159
            ],
            [
              -75.0423051656435,
              7.089184198108415
            ],
            [
              -75.03080712676177,
              7.109884340954782
            ],
            [
              -75.02560352905414,
              7.133584825584095
            ],
            [
              -75.01580694035803,
              7.14908453225411
            ],
            [
              -74.98930126218612,
              7.184785088534191
            ],
            [
              -74.97839839415263,
              7.197485241943454
            ],
            [
              -74.9519003356578,
              7.23438505730044
            ],
            [
              -74.94440026223992,
              7.251085471047656
            ],
            [
              -74.94379742433922,
              7.263785701148351
            ],
            [
              -74.93919670488624,
              7.268985638864168
            ],
            [
              -74.93349731624866,
              7.274085431299151
            ],
            [
              -74.91440031486322,
              7.271685337576263
            ]
          ]
        ]
      }
    },
    {
      "type": "Feature",
      "properties": {
        "AREA": 1826058057.16,
        "PERIMETER": 209276.653949,
        "WCOLGEN02_": 255,
        "WCOLGEN021": 410,
        "DPTO": "05",
        "NOMBRE_DPT": "ANTIOQUIA",
        "MPIO": "893",
        "NOMBRE_MPI": "YONDO",
        "NOMBRE_CAB": "CASABE",
        "CLASEMUN": "CM",
        "MPIOS": "05893",
        "ZONA": "ZONA05",
        "OF_REG": "DAMED",
        "REG_ZONAS": "DAMEDZONA05",
        "HECTARES": 182605.806
      },
      "geometry": {
        "type": "Polygon",
        "coordinates": [
          [
            [
              -73.95056981680756,
              7.260777931784355
            ],
            [
              -73.95227138506783,
              7.239978077432011
            ],
            [
              -73.95116533110998,
              7.207577579955757
            ],
            [
              -73.94826630884815,
              7.17527720717343
            ],
            [
              -73.94706849363355,
              7.170077231874999
            ],
            [
              -73.9424679482294,
              7.152676741875284
            ],
            [
              -73.93377038183463,
              7.122076271453857
            ],
            [
              -73.93436563150742,
              7.103576222779146
            ],
            [
              -73.93666995071017,
              7.081075956604191
            ],
            [
              -73.92506545451569,
              7.054975429010414
            ],
            [
              -73.91296498758635,
              7.034775345865147
            ],
            [
              -73.90436643900244,
              7.026575025721316
            ],
            [
              -73.89737021230987,
              7.005174769179931
            ],
            [
              -73.89276961745803,
              6.994174937796259
            ],
            [
              -73.89276965104601,
              6.989574840323844
            ],
            [
              -73.90026969597318,
              6.975174734978175
            ],
            [
              -73.922769666617,
              6.954474698242565
            ],
            [
              -73.9497711816189,
              6.926274441298644
            ],
            [
              -73.96886825580296,
              6.915974308931419
            ],
            [
              -74.00517018248165,
              6.905174569221137
            ],
            [
              -74.01777443044134,
              6.894774729363945
            ],
            [
              -74.05007089819948,
              6.869574322288915
            ],
            [
              -74.07228854841746,
              6.852287040262923
            ],
            [
              -74.0811771344583,
              6.845374320793953
            ],
            [
              -74.10997921734536,
              6.821274438827369
            ],
            [
              -74.12557437242278,
              6.798774268536578
            ],
            [
              -74.13307442791711,
              6.782674218234631
            ],
            [
              -74.13937664570426,
              6.764174212289128
            ],
            [
              -74.14227598003285,
              6.754373693174657
            ],
            [
              -74.15147739323305,
              6.745773907166384
            ],
            [
              -74.16817878478254,
              6.731973731618782
            ],
            [
              -74.18198089901185,
              6.719873955120087
            ],
            [
              -74.19698085514415,
              6.709573789561465
            ],
            [
              -74.22298276898385,
              6.698174102032348
            ],
            [
              -74.23788348857741,
              6.695274050848423
            ],
            [
              -74.25228069552622,
              6.686073955530887
            ],
            [
              -74.27478067057748,
              6.664873702698658
            ],
            [
              -74.28518001881126,
              6.64467378098158
            ],
            [
              -74.29788340013958,
              6.641873850618123
            ],
            [
              -74.30878624145608,
              6.630873650630633
            ],
            [
              -74.33188128975658,
              6.615373573429448
            ],
            [
              -74.34108268340623,
              6.609673940470389
            ],
            [
              -74.35198547679568,
              6.605673785093305
            ],
            [
              -74.37448530628336,
              6.605774076210995
            ],
            [
              -74.37798723899411,
              6.616773899042456
            ],
            [
              -74.38488441220495,
              6.620874313633978
            ],
            [
              -74.39068286527834,
              6.632374360229575
            ],
            [
              -74.39358965695308,
              6.647474546936121
            ],
            [
              -74.39358955747629,
              6.661874709294505
            ],
            [
              -74.40048666692499,
              6.675174844284486
            ],
            [
              -74.40858927656384,
              6.686175177203546
            ],
            [
              -74.42008707946523,
              6.697175057167871
            ],
            [
              -74.44258676170203,
              6.718675560771271
            ],
            [
              -74.45298593931616,
              6.723375868943085
            ],
            [
              -74.44949136678433,
              6.751076097979683
            ],
            [
              -74.45008640641586,
              6.761476035679482
            ],
            [
              -74.46108820028049,
              6.784076537551987
            ],
            [
              -74.46629155559309,
              6.793276772574539
            ],
            [
              -74.47088445702066,
              6.814076673466054
            ],
            [
              -74.45878379021589,
              6.820377107570438
            ],
            [
              -74.43518528487903,
              6.82087667161311
            ],
            [
              -74.41378411021212,
              6.822576463587362
            ],
            [
              -74.40578817400207,
              6.831776605242577
            ],
            [
              -74.40458250480077,
              6.857776908577521
            ],
            [
              -74.40458244350108,
              6.866377239310232
            ],
            [
              -74.39478583568906,
              6.885977302397441
            ],
            [
              -74.37638302224508,
              6.900377336664486
            ],
            [
              -74.35158661889452,
              6.907176932653357
            ],
            [
              -74.32907911388634,
              6.913476813830469
            ],
            [
              -74.32278460527087,
              6.920377155821224
            ],
            [
              -74.30837970745475,
              6.937577236479018
            ],
            [
              -74.2841783962777,
              6.947377128171428
            ],
            [
              -74.27438189277464,
              6.952476887475654
            ],
            [
              -74.26917838964336,
              6.964076996157068
            ],
            [
              -74.2605797153372,
              6.972677264392324
            ],
            [
              -74.25828312050508,
              6.982477313855099
            ],
            [
              -74.2449770173751,
              6.98237708045095
            ],
            [
              -73.95056981680756,
              7.260777931784355
            ]
          ]
        ]
      }
    },
    {
      "type": "Feature",
      "properties": {
        "AREA": 1923797831.0,
        "PERIMETER": 237788.447512,
        "WCOLGEN02_": 257,
        "WCOLGEN021": 370,
        "DPTO": "05",
        "NOMBRE_DPT": "ANTIOQUIA",
        "MPIO": "604",
        "NOMBRE_MPI": "REMEDIOS",
        "NOMBRE_CAB": "REMEDIOS",
        "CLASEMUN": "CM",
        "MPIOS": "05604",
        "ZONA": "ZONA05",
        "OF_REG": "DAMED",
        "REG_ZONAS": "DAMEDZONA05",
        "HECTARES": 192379.783
      },
      "geometry": {
        "type": "Polygon",
        "coordinates": [
          [
            [
              -74.8423013281362,
              7.107382871667827
            ],
            [
              -74.83369508574276,
              7.106782940268763
            ],
            [
              -74.8209993635688,
              7.104382897320017
            ],
            [
              -74.81119527495292,
              7.102582743864401
            ],
            [
              -74.80079606040981,
              7.102582667578248
            ],
            [
              -74.79499751306477,
              7.10428256954847
            ],
            [
              -74.78579614139323,
              7.105982446520301
            ],
            [
              -74.77489337016024,
              7.105982366481816
            ],
            [
              -74.77249768552899,
              7.102482322967065
            ],
            [
              -74.7707962902961,
              7.100182497816747
            ],
            [
              -74.76219773406204,
              7.091982169790263
            ],
            [
              -74.74769384432642,
              7.081582123156095
            ],
            [
              -74.73969801297015,
              7.075781749543484
            ],
            [
              -74.73329679180108,
              7.068181783237868
            ],
            [
              -74.72579686655145,
              7.06528157097515
            ],
            [
              -74.71829697061732,
              7.058381602021432
            ],
            [
              -74.71309356657531,
              7.055981614660904
            ],
            [
              -74.70559364145609,
              7.053081402578965
            ],
            [
              -74.69819289745986,
              7.050781059393509
            ],
            [
              -74.69069295564036,
              7.050181136595439
            ],
            [
              -74.68429168423597,
              7.0494810848457
            ],
            [
              -74.68089649356847,
              7.048980852105673
            ],
            [
              -74.67509030058345,
              7.052981043145209
            ],
            [
              -74.67449516666652,
              7.055881196082269
            ],
            [
              -74.674495124955,
              7.061581373697844
            ],
            [
              -74.67399152557175,
              7.067381207792042
            ],
            [
              -74.67159578172573,
              7.07198129183138
            ],
            [
              -74.66819291084371,
              7.078381449709047
            ],
            [
              -74.66819286899329,
              7.084081627423101
            ],
            [
              -74.67169485266763,
              7.087581678576504
            ],
            [
              -74.67569274669107,
              7.093381545822131
            ],
            [
              -74.67569270843443,
              7.098581515658148
            ],
            [
              -74.6693905577889,
              7.106681596641786
            ],
            [
              -74.65779343072995,
              7.114681501651132
            ],
            [
              -74.64228990154999,
              7.125581535140155
            ],
            [
              -74.63649133364181,
              7.130181594063199
            ],
            [
              -74.62378791566906,
              7.137081891225325
            ],
            [
              -74.61458649884409,
              7.145081813427931
            ],
            [
              -74.60079201961064,
              7.154881782771789
            ],
            [
              -74.57948995722244,
              7.165781772371914
            ],
            [
              -74.57308866427778,
              7.168081537247925
            ],
            [
              -74.56159075744769,
              7.171481817214286
            ],
            [
              -74.54258519394988,
              7.185881848615086
            ],
            [
              -74.5292866820143,
              7.190381714147484
            ],
            [
              -74.51378316655405,
              7.199581801522117
            ],
            [
              -74.50338392522231,
              7.203581480426735
            ],
            [
              -74.48838396683283,
              7.212781571207196
            ],
            [
              -74.4756881887109,
              7.21848165373082
            ],
            [
              -74.4681882141331,
              7.2224813540247
            ],
            [
              -74.46538813311602,
              7.222481333069493
            ],
            [
              -74.4520819705701,
              7.229881354932774
            ],
            [
              -74.42908615028603,
              7.237881172028301
            ],
            [
              -74.42158619704406,
              7.239081328745916
            ],
            [
              -74.41652008605394,
              7.242348139815316
            ],
            [
              -74.41518495308414,
              7.234981387509428
            ],
            [
              -74.41978585166993,
              7.205580734453867
            ],
            [
              -74.42268523472488,
              7.189980848986665
            ],
            [
              -74.42438668961233,
              7.184180547792547
            ],
            [
              -74.42378407273989,
              7.167380423615346
            ],
            [
              -74.41288148633377,
              7.143079965922198
            ],
            [
              -74.40588523184302,
              7.125179719580162
            ],
            [
              -74.40298609803479,
              7.107279504026734
            ],
            [
              -74.39668413281548,
              7.090479339729099
            ],
            [
              -74.38227950268413,
              7.070778960043114
            ],
            [
              -74.37588598488034,
              7.053479065318964
            ],
            [
              -74.36898125554768,
              7.039578577856703
            ],
            [
              -74.36838629503862,
              7.018778225376732
            ],
            [
              -74.37008019051925,
              7.003178334512341
            ],
            [
              -74.36838644658323,
              6.997978354541623
            ],
            [
              -74.36198519768864,
              6.994478284023301
            ],
            [
              -74.35508036664386,
              6.994478233918848
            ],
            [
              -74.35168517422461,
              6.994378072354084
            ],
            [
              -74.3418811440919,
              6.985177802005696
            ],
            [
              -74.33208471533018,
              6.979877626702071
            ],
            [
              -74.31298010396891,
              6.976377464506198
            ],
            [
              -74.30608286590999,
              6.981477721697318
            ],
            [
              -74.29627875268096,
              6.983777461899337
            ],
            [
              -74.29311245056496,
              6.983583364057477
            ],
            [
              -74.28648229026018,
              6.983177523046963
            ],
            [
              -74.28188162984836,
              6.980877201632515
            ],
            [
              -74.27377893683412,
              6.981977218464618
            ],
            [
              -74.26457757038544,
              6.983677095121585
            ],
            [
              -74.25828312050508,
              6.982477313855099
            ],
            [
              -74.2605797153372,
              6.972677264392324
            ],
            [
              -74.26917838964336,
              6.964076996157068
            ],
            [
              -74.27438189277464,
              6.952476887475654
            ],
            [
              -74.2841783962777,
              6.947377128171428
            ],
            [
              -74.30837970745475,
              6.937577236479018
            ],
            [
              -74.32278460527087,
              6.920377155821224
            ],
            [
              -74.32907911388634,
              6.913476813830469
            ],
            [
              -74.35158661889452,
              6.907176932653357
            ],
            [
              -74.37638302224508,
              6.900377336664486
            ],
            [
              -74.39478583568906,
              6.885977302397441
            ],
            [
              -74.40458244350108,
              6.866377239310232
            ],
            [
              -74.40458250480077,
              6.857776908577521
            ],
            [
              -74.40578817400207,
              6.831776605242577
            ],
            [
              -74.41378411021212,
              6.822576463587362
            ],
            [
              -74.43518528487903,
              6.82087667161311
            ],
            [
              -74.45878379021589,
              6.820377107570438
            ],
            [
              -74.47088445702066,
              6.814076673466054
            ],
            [
              -74.46629155559309,
              6.793276772574539
            ],
            [
              -74.46108820028049,
              6.784076537551987
            ],
            [
              -74.45008640641586,
              6.761476035679482
            ],
            [
              -74.44949136678433,
              6.751076097979683
            ],
            [
              -74.45298593931616,
              6.723375868943085
            ],
            [
              -74.45529009306614,
              6.723375885003247
            ],
            [
              -74.46568927917953,
              6.726875980906208
            ],
            [
              -74.47368521894796,
              6.717075971022921
            ],
            [
              -74.48239071179673,
              6.707875833781063
            ],
            [
              -74.48989072850307,
              6.697475952543358
            ],
            [
              -74.5105900003778,
              6.692375789513046
            ],
            [
              -74.51809001294872,
              6.682575775787999
            ],
            [
              -74.52269068278753,
              6.683776020050779
            ],
            [
              -74.540589813859,
              6.687375827604757
            ],
            [
              -74.55789384927553,
              6.688576159920975
            ],
            [
              -74.57289373097585,
              6.68977599945717
            ],
            [
              -74.58899229002249,
              6.689876247888296
            ],
            [
              -74.58899221786784,
              6.700276659087158
            ],
            [
              -74.58959492403918,
              6.705476630492375
            ],
            [
              -74.59018991212908,
              6.723376824637905
            ],
            [
              -74.59419530837614,
              6.747677222994273
            ],
            [
              -74.59879590642903,
              6.759177265895646
            ],
            [
              -74.59709442943495,
              6.768477113507814
            ],
            [
              -74.59479021918065,
              6.776477561087745
            ],
            [
              -74.59599561026745,
              6.789777661151748
            ],
            [
              -74.59599549611768,
              6.805977909225246
            ],
            [
              -74.58959408185065,
              6.825577999666644
            ],
            [
              -74.5890904470974,
              6.83657779986827
            ],
            [
              -74.59659029377855,
              6.850478290179745
            ],
            [
              -74.60238876549715,
              6.859178323813786
            ],
            [
              -74.60518877710517,
              6.868978412120311
            ],
            [
              -74.60518871938959,
              6.877078536873582
            ],
            [
              -74.61039208255089,
              6.885178698776881
            ],
            [
              -74.63228914760445,
              6.889278747401814
            ],
            [
              -74.64908966417812,
              6.885378771535977
            ],
            [
              -74.65939736248659,
              6.879579008387633
            ],
            [
              -74.68419372422584,
              6.87967932178818
            ],
            [
              -74.6968971201957,
              6.875679179445295
            ],
            [
              -74.71069923502758,
              6.864779132093086
            ],
            [
              -74.73379429675938,
              6.849279049601344
            ],
            [
              -74.74929777851266,
              6.844779195478921
            ],
            [
              -74.75859831836472,
              6.845379129306951
            ],
            [
              -74.77929753955303,
              6.848379569646387
            ],
            [
              -74.79660155090646,
              6.853579661226842
            ],
            [
              -74.81050270054689,
              6.864079835122669
            ],
            [
              -74.82029900826592,
              6.887180071263575
            ],
            [
              -74.83410086530482,
              6.9126807631737
            ],
            [
              -74.84279848153517,
              6.938681151081622
            ],
            [
              -74.84703273159188,
              6.967384252693654
            ],
            [
              -74.84859673368713,
              6.977981617007477
            ],
            [
              -74.84279807355215,
              6.995281430001405
            ],
            [
              -74.84569727372765,
              7.004581791989764
            ],
            [
              -74.85379981260492,
              7.025382208804174
            ],
            [
              -74.8526018896696,
              7.034682064681939
            ],
            [
              -74.84459831023922,
              7.044982287274514
            ],
            [
              -74.83709820296784,
              7.066882190919941
            ],
            [
              -74.8370981348946,
              7.076182532587751
            ],
            [
              -74.84340004059858,
              7.101583040703357
            ],
            [
              -74.8423013281362,
              7.107382871667827
            ]
          ]
        ]
      }
    },
    {
      "type": "Feature",
      "properties": {
        "AREA": 734803623.366,
        "PERIMETER": 151890.473054,
        "WCOLGEN02_": 259,
        "WCOLGEN021": 408,
        "DPTO": "05",
        "NOMBRE_DPT": "ANTIOQUIA",
        "MPIO": "887",
        "NOMBRE_MPI": "YARUMAL",
        "NOMBRE_CAB": "YARUMAL",
        "CLASEMUN": "CM",
        "MPIOS": "05887",
        "ZONA": "ZONA04",
        "OF_REG": "DAMED",
        "REG_ZONAS": "DAMEDZONA04",
        "HECTARES": 73480.362
      },
      "geometry": {
        "type": "Polygon",
        "coordinates": [
          [
            [
              -75.30701506043025,
              7.218487845818763
            ],
            [
              -75.31161578491216,
              7.21278769766012
            ],
            [
              -75.31851302372404,
              7.208687851891126
            ],
            [
              -75.32311373557312,
              7.204687649285008
            ],
            [
              -75.32481519546198,
              7.198387610998592
            ],
            [
              -75.32431167676997,
              7.193187633432386
            ],
            [
              -75.33291792799687,
              7.193187697033776
            ],
            [
              -75.3416157388725,
              7.192687552902651
            ],
            [
              -75.35141223355194,
              7.190387811029549
            ],
            [
              -75.35601300539311,
              7.178287474636828
            ],
            [
              -75.34271467019163,
              7.157387344390524
            ],
            [
              -75.33861763437733,
              7.145286944531954
            ],
            [
              -75.3340170161867,
              7.136586909091933
            ],
            [
              -75.32591451743893,
              7.109986637020585
            ],
            [
              -75.32541104874166,
              7.097886264376871
            ],
            [
              -75.3294167061524,
              7.085786401571797
            ],
            [
              -75.33691681326704,
              7.064386217811144
            ],
            [
              -75.3432190299423,
              7.047685790324389
            ],
            [
              -75.35011638045818,
              7.028085684844278
            ],
            [
              -75.35361847616797,
              7.016485550175157
            ],
            [
              -75.35181799005078,
              7.000885141468622
            ],
            [
              -75.35701391352033,
              6.983085106547049
            ],
            [
              -75.36851945484435,
              6.980185029956699
            ],
            [
              -75.37661454382051,
              6.97678519739392
            ],
            [
              -75.38291669318495,
              6.96928497897901
            ],
            [
              -75.38351951050893,
              6.958885037520975
            ],
            [
              -75.38351960136652,
              6.946184801283998
            ],
            [
              -75.38121551536237,
              6.936384707823182
            ],
            [
              -75.38001770080903,
              6.930584858120414
            ],
            [
              -75.3875177342285,
              6.919084412521302
            ],
            [
              -75.39851975536158,
              6.910984358992205
            ],
            [
              -75.40772115290648,
              6.906384796890409
            ],
            [
              -75.42041700596457,
              6.891484497392548
            ],
            [
              -75.42381991039318,
              6.880484230812355
            ],
            [
              -75.43131996395567,
              6.866084102782366
            ],
            [
              -75.44451939082447,
              6.84878433272864
            ],
            [
              -75.45201942786986,
              6.836684018245982
            ],
            [
              -75.47332154095115,
              6.820584041557736
            ],
            [
              -75.47972287861704,
              6.812584091846055
            ],
            [
              -75.48892428056216,
              6.807384183560236
            ],
            [
              -75.49642430130673,
              6.797583682350141
            ],
            [
              -75.50042229711705,
              6.789583715741695
            ],
            [
              -75.50162022147902,
              6.779783647467933
            ],
            [
              -75.50212389981569,
              6.762383651415343
            ],
            [
              -75.51252304100653,
              6.773983882295857
            ],
            [
              -75.5143236239533,
              6.776283708434701
            ],
            [
              -75.5189242462948,
              6.784983740426628
            ],
            [
              -75.52122070390328,
              6.794883970301565
            ],
            [
              -75.52352480015732,
              6.803484326400278
            ],
            [
              -75.52872051523738,
              6.815084522085997
            ],
            [
              -75.53792175933823,
              6.83248458754772
            ],
            [
              -75.54312514878245,
              6.837684597033721
            ],
            [
              -75.55002232627228,
              6.842284749969555
            ],
            [
              -75.55582085709062,
              6.843485004531898
            ],
            [
              -75.56912693740196,
              6.849385076683149
            ],
            [
              -75.58122753274604,
              6.855185003509604
            ],
            [
              -75.59042888310971,
              6.857485359005887
            ],
            [
              -75.59622739374167,
              6.86158529628963
            ],
            [
              -75.60372730176273,
              6.867985536508997
            ],
            [
              -75.6065273613261,
              6.871485584266058
            ],
            [
              -75.60712242167361,
              6.878985852973054
            ],
            [
              -75.60772511162376,
              6.886485644958946
            ],
            [
              -75.60422299700292,
              6.90088580410085
            ],
            [
              -75.59682220106033,
              6.904885988281897
            ],
            [
              -75.58812430593693,
              6.916985819640039
            ],
            [
              -75.58122703826461,
              6.925085904006651
            ],
            [
              -75.581822056858,
              6.938386015352133
            ],
            [
              -75.58412614345673,
              6.94818658765448
            ],
            [
              -75.58812402173376,
              6.956886618321896
            ],
            [
              -75.59222108191949,
              6.966086858258361
            ],
            [
              -75.61182150117594,
              6.989887191747787
            ],
            [
              -75.61872630817314,
              6.994487346832266
            ],
            [
              -75.6308268782391,
              7.00378730520621
            ],
            [
              -75.63832677702604,
              7.011387761871259
            ],
            [
              -75.62912530182612,
              7.02638775057778
            ],
            [
              -75.6141253835379,
              7.027987451343606
            ],
            [
              -75.60552670542071,
              7.035487655165507
            ],
            [
              -75.59342600663099,
              7.04408743391472
            ],
            [
              -75.58132545836723,
              7.03188731506383
            ],
            [
              -75.57262011115724,
              7.019187012658911
            ],
            [
              -75.56802709936012,
              7.013387136825929
            ],
            [
              -75.53922509511962,
              7.020186712340491
            ],
            [
              -75.51962436945564,
              7.039186861266087
            ],
            [
              -75.49771948745716,
              7.058186993102558
            ],
            [
              -75.48732020311412,
              7.066787259913149
            ],
            [
              -75.4798202260703,
              7.070187096820653
            ],
            [
              -75.47181669174584,
              7.073586930029652
            ],
            [
              -75.46251611516522,
              7.077086890821534
            ],
            [
              -75.45101815247139,
              7.086787226290506
            ],
            [
              -75.4418166900148,
              7.100087266857144
            ],
            [
              -75.43202013621807,
              7.110387483097407
            ],
            [
              -75.42281869483406,
              7.120787363793134
            ],
            [
              -75.40841381556328,
              7.132887628781397
            ],
            [
              -75.4061172215344,
              7.142087345805804
            ],
            [
              -75.39861718074062,
              7.154187661247129
            ],
            [
              -75.3900184568537,
              7.167987914230179
            ],
            [
              -75.3836171283886,
              7.174387578381576
            ],
            [
              -75.3738129357347,
              7.185888008068306
            ],
            [
              -75.36521423306324,
              7.196788101098043
            ],
            [
              -75.35771417473624,
              7.211188230603539
            ],
            [
              -75.35541761422628,
              7.215787842224681
            ],
            [
              -75.35431127549488,
              7.220988284994337
            ],
            [
              -75.34851265985284,
              7.231388190262984
            ],
            [
              -75.32951474918174,
              7.240588260061863
            ],
            [
              -75.32491409759041,
              7.236487851963039
            ],
            [
              -75.32081702486612,
              7.229487764763419
            ],
            [
              -75.31741423733966,
              7.22428776551107
            ],
            [
              -75.31221083851322,
              7.22078769858665
            ],
            [
              -75.30701506043025,
              7.218487845818763
            ]
          ]
        ]
      }
    },
    {
      "type": "Feature",
      "properties": {
        "AREA": 358871999.724,
        "PERIMETER": 83765.806108,
        "WCOLGEN02_": 263,
        "WCOLGEN021": 315,
        "DPTO": "05",
        "NOMBRE_DPT": "ANTIOQUIA",
        "MPIO": "107",
        "NOMBRE_MPI": "BRICEÑO",
        "NOMBRE_CAB": "BRICEÑO",
        "CLASEMUN": "CM",
        "MPIOS": "05107",
        "ZONA": "ZONA04",
        "OF_REG": "DAMED",
        "REG_ZONAS": "DAMEDZONA04",
        "HECTARES": 35887.2
      },
      "geometry": {
        "type": "Polygon",
        "coordinates": [
          [
            [
              -75.47361622838584,
              7.218089009141165
            ],
            [
              -75.46721505420297,
              7.203588638021809
            ],
            [
              -75.47241868482617,
              7.175888380813429
            ],
            [
              -75.4707173437413,
              7.166088287996771
            ],
            [
              -75.47472313041663,
              7.136587940002346
            ],
            [
              -75.48561835545644,
              7.1262877312909
            ],
            [
              -75.49252328325464,
              7.114187887369889
            ],
            [
              -75.49201981875613,
              7.101487643974041
            ],
            [
              -75.48502357975913,
              7.080087351056514
            ],
            [
              -75.47982018824706,
              7.075387070813205
            ],
            [
              -75.47181669174584,
              7.073586930029652
            ],
            [
              -75.4798202260703,
              7.070187096820653
            ],
            [
              -75.48732020311412,
              7.066787259913149
            ],
            [
              -75.49771948745716,
              7.058186993102558
            ],
            [
              -75.51962436945564,
              7.039186861266087
            ],
            [
              -75.53922509511962,
              7.020186712340491
            ],
            [
              -75.56802709936012,
              7.013387136825929
            ],
            [
              -75.57262011115724,
              7.019187012658911
            ],
            [
              -75.58132545836723,
              7.03188731506383
            ],
            [
              -75.59342600663099,
              7.04408743391472
            ],
            [
              -75.60552670542071,
              7.035487655165507
            ],
            [
              -75.6141253835379,
              7.027987451343606
            ],
            [
              -75.62912530182612,
              7.02638775057778
            ],
            [
              -75.63832677702604,
              7.011387761871259
            ],
            [
              -75.6504273846571,
              7.015487746189851
            ],
            [
              -75.66202446453703,
              7.015487829510139
            ],
            [
              -75.66662512303293,
              7.018987891368493
            ],
            [
              -75.66952437214447,
              7.021888072334314
            ],
            [
              -75.67872566465061,
              7.032288088083467
            ],
            [
              -75.6845241253078,
              7.043288425168305
            ],
            [
              -75.68622547179574,
              7.052588310106113
            ],
            [
              -75.6856303085015,
              7.059488703618045
            ],
            [
              -75.68682808071239,
              7.071088876696037
            ],
            [
              -75.69252736415841,
              7.080888999476812
            ],
            [
              -75.68912452791619,
              7.082088712314498
            ],
            [
              -75.6833259252189,
              7.09068901431137
            ],
            [
              -75.67762648251768,
              7.102788869315074
            ],
            [
              -75.66552572742128,
              7.118888915396706
            ],
            [
              -75.64822924693568,
              7.125188841738341
            ],
            [
              -75.63382441501868,
              7.130389188573681
            ],
            [
              -75.62572157115329,
              7.150489024119939
            ],
            [
              -75.61302572310578,
              7.163789518670436
            ],
            [
              -75.59582076147424,
              7.175189282869513
            ],
            [
              -75.57902020947328,
              7.18148921170566
            ],
            [
              -75.5675222480246,
              7.190689339753597
            ],
            [
              -75.55771812597912,
              7.192389213491944
            ],
            [
              -75.54731887375873,
              7.196389374367664
            ],
            [
              -75.53292166434326,
              7.202689320357018
            ],
            [
              -75.52491806006996,
              7.215389502756751
            ],
            [
              -75.51741809029656,
              7.217689261972074
            ],
            [
              -75.51392370821284,
              7.217589099040156
            ],
            [
              -75.4995189251622,
              7.216389254976889
            ],
            [
              -75.49262171552976,
              7.216389203928735
            ],
            [
              -75.48222251139383,
              7.213989175271507
            ],
            [
              -75.47361622838584,
              7.218089009141165
            ]
          ]
        ]
      }
    },
    {
      "type": "Feature",
      "properties": {
        "AREA": 392995348.395,
        "PERIMETER": 93797.918298,
        "WCOLGEN02_": 264,
        "WCOLGEN021": 367,
        "DPTO": "05",
        "NOMBRE_DPT": "ANTIOQUIA",
        "MPIO": "543",
        "NOMBRE_MPI": "PEQUE",
        "NOMBRE_CAB": "PEQUE",
        "CLASEMUN": "CM",
        "MPIOS": "05543",
        "ZONA": "ZONA02",
        "OF_REG": "DAMED",
        "REG_ZONAS": "DAMEDZONA02",
        "HECTARES": 39299.535
      },
      "geometry": {
        "type": "Polygon",
        "coordinates": [
          [
            [
              -75.96562315744337,
              7.112334026513804
            ],
            [
              -75.95723809119453,
              7.121891336955675
            ],
            [
              -75.93593586523522,
              7.151291435792428
            ],
            [
              -75.9261316215615,
              7.169091449963516
            ],
            [
              -75.9174337158468,
              7.181791632413121
            ],
            [
              -75.90943776893991,
              7.190391920686324
            ],
            [
              -75.89673433001603,
              7.197891619793241
            ],
            [
              -75.87653097926044,
              7.199491757537984
            ],
            [
              -75.8673297291592,
              7.183291413997688
            ],
            [
              -75.87012994141148,
              7.165991081346753
            ],
            [
              -75.87823277922726,
              7.146990841170309
            ],
            [
              -75.8719307652657,
              7.135390627618799
            ],
            [
              -75.85802959357156,
              7.126090651157796
            ],
            [
              -75.83963462408758,
              7.106990082142994
            ],
            [
              -75.82693132657681,
              7.09529016309977
            ],
            [
              -75.81132874922416,
              7.084889621392261
            ],
            [
              -75.80153234685058,
              7.073889730140571
            ],
            [
              -75.79113317679253,
              7.066289250375076
            ],
            [
              -75.78132916141344,
              7.052989067910299
            ],
            [
              -75.77443196721828,
              7.050589066171652
            ],
            [
              -75.77903268036862,
              7.046588861475723
            ],
            [
              -75.78303068366966,
              7.037989022621573
            ],
            [
              -75.79342997502442,
              7.028788884166518
            ],
            [
              -75.80843007505152,
              7.002288429487469
            ],
            [
              -75.81993572055913,
              6.985588508455253
            ],
            [
              -75.8262303258211,
              6.96648812144865
            ],
            [
              -75.83313537242991,
              6.937687794435363
            ],
            [
              -75.83662993646945,
              6.91228781259153
            ],
            [
              -75.84173435792454,
              6.886887365734165
            ],
            [
              -75.84633513612307,
              6.873587288138171
            ],
            [
              -75.84944803346778,
              6.874102300642848
            ],
            [
              -75.8608314718691,
              6.875987341734175
            ],
            [
              -75.86653840002484,
              6.8840875171082
            ],
            [
              -75.87633477620983,
              6.89918777965947
            ],
            [
              -75.88383465800509,
              6.909587782955465
            ],
            [
              -75.89363870899419,
              6.918288333564433
            ],
            [
              -75.90003232694475,
              6.923488354142028
            ],
            [
              -75.90113856591188,
              6.932188366710829
            ],
            [
              -75.90003216724493,
              6.945988678962903
            ],
            [
              -75.89833830025324,
              6.957588832475418
            ],
            [
              -75.90293889024225,
              6.970888977098999
            ],
            [
              -75.9075319082899,
              6.9760889855195
            ],
            [
              -75.91903742670799,
              6.977289281998306
            ],
            [
              -75.92713249941599,
              6.976789131096472
            ],
            [
              -75.93693657102965,
              6.982589522535058
            ],
            [
              -75.9484344315455,
              6.987789580509268
            ],
            [
              -75.96174052951126,
              6.991889574057428
            ],
            [
              -75.96863769225727,
              6.998889682891773
            ],
            [
              -75.97093419493025,
              7.002389729128645
            ],
            [
              -75.97043822186215,
              7.008689779305439
            ],
            [
              -75.96983543709472,
              7.014490096966441
            ],
            [
              -75.96983537893274,
              7.022590234263492
            ],
            [
              -75.96523463988278,
              7.030089992879003
            ],
            [
              -75.95713945877255,
              7.04559020351222
            ],
            [
              -75.95603304544294,
              7.061190601618869
            ],
            [
              -75.9537363751649,
              7.080890890314913
            ],
            [
              -75.95483497080765,
              7.09129085141659
            ],
            [
              -75.95953474924406,
              7.103991131068218
            ],
            [
              -75.9635402706879,
              7.110891083405187
            ],
            [
              -75.96562315744337,
              7.112334026513804
            ]
          ]
        ]
      }
    },
    {
      "type": "Feature",
      "properties": {
        "AREA": 1834191449.07,
        "PERIMETER": 218452.697791,
        "WCOLGEN02_": 265,
        "WCOLGEN021": 333,
        "DPTO": "05",
        "NOMBRE_DPT": "ANTIOQUIA",
        "MPIO": "234",
        "NOMBRE_MPI": "DABEIBA",
        "NOMBRE_CAB": "DABEIBA",
        "CLASEMUN": "CM",
        "MPIOS": "05234",
        "ZONA": "ZONA02",
        "OF_REG": "DAMED",
        "REG_ZONAS": "DAMEDZONA02",
        "HECTARES": 183419.145
      },
      "geometry": {
        "type": "Polygon",
        "coordinates": [
          [
            [
              -76.13068300753434,
              7.144550289961797
            ],
            [
              -76.11743797460996,
              7.13639283276417
            ],
            [
              -76.09154289582446,
              7.137492245347668
            ],
            [
              -76.06734155208895,
              7.145492548107244
            ],
            [
              -76.0511361023192,
              7.152292217110688
            ],
            [
              -76.03903545641364,
              7.152792337578296
            ],
            [
              -76.0235396108793,
              7.153392093518779
            ],
            [
              -76.00393911930894,
              7.138791959557064
            ],
            [
              -75.98543729395676,
              7.124891363583965
            ],
            [
              -75.97453456024306,
              7.117891223728046
            ],
            [
              -75.96562315744337,
              7.112334026513804
            ],
            [
              -75.9635402706879,
              7.110891083405187
            ],
            [
              -75.95953474924406,
              7.103991131068218
            ],
            [
              -75.95483497080765,
              7.09129085141659
            ],
            [
              -75.9537363751649,
              7.080890890314913
            ],
            [
              -75.95603304544294,
              7.061190601618869
            ],
            [
              -75.95713945877255,
              7.04559020351222
            ],
            [
              -75.96523463988278,
              7.030089992879003
            ],
            [
              -75.96983537893274,
              7.022590234263492
            ],
            [
              -75.99113737341007,
              7.024990339394703
            ],
            [
              -76.0078386995421,
              7.025090596224051
            ],
            [
              -76.026935743736,
              7.024590524441103
            ],
            [
              -76.04653642483969,
              7.013090633901109
            ],
            [
              -76.05974344596201,
              7.002190566288307
            ],
            [
              -76.07813857517897,
              6.999890405305057
            ],
            [
              -76.10184396040978,
              6.995990472617154
            ],
            [
              -76.12483977981252,
              6.993190612317451
            ],
            [
              -76.14214386788125,
              6.99099105712807
            ],
            [
              -76.15774654239767,
              6.988690875775394
            ],
            [
              -76.18194783681324,
              6.987691107470997
            ],
            [
              -76.19924430903492,
              6.983690991251828
            ],
            [
              -76.21654848946757,
              6.968691051240236
            ],
            [
              -76.2245445223931,
              6.947990859031576
            ],
            [
              -76.22974800941431,
              6.939890757043065
            ],
            [
              -76.23724806926006,
              6.925490616324865
            ],
            [
              -76.24075016118971,
              6.914590477938304
            ],
            [
              -76.2470446735077,
              6.908790676092313
            ],
            [
              -76.25334692095149,
              6.887990335056712
            ],
            [
              -76.25565120804521,
              6.869589918954854
            ],
            [
              -76.26664566845038,
              6.852889987176766
            ],
            [
              -76.2792500640393,
              6.825189766922422
            ],
            [
              -76.29775208350321,
              6.812589786262011
            ],
            [
              -76.32424991426338,
              6.810890023269506
            ],
            [
              -76.34964896525483,
              6.824890321217488
            ],
            [
              -76.38705709855498,
              6.840090441580647
            ],
            [
              -76.414752776481,
              6.840190771240258
            ],
            [
              -76.43605486922598,
              6.829890624085641
            ],
            [
              -76.43955709290562,
              6.799890520550167
            ],
            [
              -76.43485751101274,
              6.757689845924976
            ],
            [
              -76.44065619822315,
              6.73688949973015
            ],
            [
              -76.45445837026811,
              6.720789453678954
            ],
            [
              -76.47805697147172,
              6.713389481985097
            ],
            [
              -76.49485752325684,
              6.708789488154515
            ],
            [
              -76.50695819390995,
              6.705389677047135
            ],
            [
              -76.52135539776134,
              6.701389535620391
            ],
            [
              -76.54265745567687,
              6.696289840077087
            ],
            [
              -76.5559636138667,
              6.692890036843046
            ],
            [
              -76.55935882620123,
              6.691189636227724
            ],
            [
              -76.55706217123131,
              6.709690192187796
            ],
            [
              -76.5524613141033,
              6.734490311467849
            ],
            [
              -76.54956187567424,
              6.758690573757074
            ],
            [
              -76.54735676711897,
              6.77839086947532
            ],
            [
              -76.55195722361124,
              6.81189153972219
            ],
            [
              -76.55545898708294,
              6.848291889183065
            ],
            [
              -76.53755945565902,
              6.896692334788105
            ],
            [
              -76.53985580208159,
              6.922692721184947
            ],
            [
              -76.5370555643027,
              6.944092962773395
            ],
            [
              -76.55265806103797,
              6.967793628148907
            ],
            [
              -76.55025470388044,
              6.969593695614281
            ],
            [
              -76.54625669431618,
              6.978793410249974
            ],
            [
              -76.54335737272933,
              6.985693792993065
            ],
            [
              -76.54335726606479,
              7.000693861287203
            ],
            [
              -76.54395986556453,
              7.020894390262096
            ],
            [
              -76.54165556595582,
              7.040594213145695
            ],
            [
              -76.53995403098926,
              7.057294694388948
            ],
            [
              -76.5301574085295,
              7.075794725536361
            ],
            [
              -76.50135543417439,
              7.074494643056603
            ],
            [
              -76.48345618390901,
              7.082494519372657
            ],
            [
              -76.465053350775,
              7.093994423734538
            ],
            [
              -76.44665040118582,
              7.12159495150922
            ],
            [
              -76.43795237416295,
              7.150494948324255
            ],
            [
              -76.42765202902869,
              7.191395657061662
            ],
            [
              -76.41615409621461,
              7.195395814132241
            ],
            [
              -76.38784806132132,
              7.192995176506846
            ],
            [
              -76.35674957483928,
              7.189995126168374
            ],
            [
              -76.32674976084637,
              7.186994607139552
            ],
            [
              -76.30194578632901,
              7.178794624113117
            ],
            [
              -76.2702446609133,
              7.161894104175318
            ],
            [
              -76.25004901626986,
              7.151993731943896
            ],
            [
              -76.2316462959509,
              7.148493566676593
            ],
            [
              -76.19644304817857,
              7.146593566029889
            ],
            [
              -76.16824383127658,
              7.144693139558981
            ],
            [
              -76.14574396371917,
              7.143992969599291
            ],
            [
              -76.13068300753434,
              7.144550289961797
            ]
          ]
        ]
      }
    },
    {
      "type": "Feature",
      "properties": {
        "AREA": 212773956.296,
        "PERIMETER": 82837.295855,
        "WCOLGEN02_": 266,
        "WCOLGEN021": 320,
        "DPTO": "05",
        "NOMBRE_DPT": "ANTIOQUIA",
        "MPIO": "134",
        "NOMBRE_MPI": "CAMPAMENTO",
        "NOMBRE_CAB": "CAMPAMENTO",
        "CLASEMUN": "CM",
        "MPIOS": "05134",
        "ZONA": "ZONA04",
        "OF_REG": "DAMED",
        "REG_ZONAS": "DAMEDZONA04",
        "HECTARES": 21277.396
      },
      "geometry": {
        "type": "Polygon",
        "coordinates": [
          [
            [
              -75.32431167676997,
              7.193187633432386
            ],
            [
              -75.32541044118838,
              7.180487402931767
            ],
            [
              -75.32191614482299,
              7.168887215709897
            ],
            [
              -75.32191620019707,
              7.161386951087065
            ],
            [
              -75.31791067839109,
              7.154987210865118
            ],
            [
              -75.31101358497493,
              7.139386762799612
            ],
            [
              -75.30521512792501,
              7.128386428063464
            ],
            [
              -75.3012172400433,
              7.121386342976858
            ],
            [
              -75.29481603131602,
              7.111586218158801
            ],
            [
              -75.28501197153702,
              7.105185959455416
            ],
            [
              -75.27231630188778,
              7.094785920647791
            ],
            [
              -75.2660143297127,
              7.077985742051325
            ],
            [
              -75.263710241772,
              7.068685379532224
            ],
            [
              -75.26190982795944,
              7.043285371205389
            ],
            [
              -75.26021611569556,
              7.033485282126247
            ],
            [
              -75.2515107137658,
              7.028784978043993
            ],
            [
              -75.24001286194529,
              7.023584922472061
            ],
            [
              -75.22270888588966,
              7.012484370528613
            ],
            [
              -75.21980970028456,
              7.000984328456997
            ],
            [
              -75.24111174097997,
              6.994684432861886
            ],
            [
              -75.25441018711359,
              7.000484846178565
            ],
            [
              -75.26421431791071,
              6.997084549627362
            ],
            [
              -75.27051648333473,
              6.987284518526541
            ],
            [
              -75.27111163814116,
              6.981484681967587
            ],
            [
              -75.27341584780098,
              6.973984435737687
            ],
            [
              -75.27341588083974,
              6.969384331823242
            ],
            [
              -75.279710407758,
              6.960784514370645
            ],
            [
              -75.28491385315372,
              6.957884392803193
            ],
            [
              -75.29071240305096,
              6.95618448916624
            ],
            [
              -75.29411525350282,
              6.95278414642931
            ],
            [
              -75.30631510904013,
              6.947584261215704
            ],
            [
              -75.3120144821039,
              6.944684619911995
            ],
            [
              -75.31841578703934,
              6.941284298486514
            ],
            [
              -75.32701444126167,
              6.936684255813288
            ],
            [
              -75.33511717150691,
              6.931584478124172
            ],
            [
              -75.34601994891695,
              6.931584555772975
            ],
            [
              -75.35521368363716,
              6.931584621243452
            ],
            [
              -75.36791708421617,
              6.928184821302216
            ],
            [
              -75.37431836092814,
              6.928784735317934
            ],
            [
              -75.38001770080903,
              6.930584858120414
            ],
            [
              -75.38121551536237,
              6.936384707823182
            ],
            [
              -75.38351960136652,
              6.946184801283998
            ],
            [
              -75.38351951050893,
              6.958885037520975
            ],
            [
              -75.38291669318495,
              6.96928497897901
            ],
            [
              -75.37661454382051,
              6.97678519739392
            ],
            [
              -75.36851945484435,
              6.980185029956699
            ],
            [
              -75.35701391352033,
              6.983085106547049
            ],
            [
              -75.35181799005078,
              7.000885141468622
            ],
            [
              -75.35361847616797,
              7.016485550175157
            ],
            [
              -75.35011638045818,
              7.028085684844278
            ],
            [
              -75.3432190299423,
              7.047685790324389
            ],
            [
              -75.33691681326704,
              7.064386217811144
            ],
            [
              -75.3294167061524,
              7.085786401571797
            ],
            [
              -75.32541104874166,
              7.097886264376871
            ],
            [
              -75.32591451743893,
              7.109986637020585
            ],
            [
              -75.3340170161867,
              7.136586909091933
            ],
            [
              -75.33861763437733,
              7.145286944531954
            ],
            [
              -75.34271467019163,
              7.157387344390524
            ],
            [
              -75.35601300539311,
              7.178287474636828
            ],
            [
              -75.35141223355194,
              7.190387811029549
            ],
            [
              -75.3416157388725,
              7.192687552902651
            ],
            [
              -75.33291792799687,
              7.193187697033776
            ],
            [
              -75.32431167676997,
              7.193187633432386
            ]
          ]
        ]
      }
    },
    {
      "type": "Feature",
      "properties": {
        "AREA": 140216347.192,
        "PERIMETER": 48214.057591,
        "WCOLGEN02_": 271,
        "WCOLGEN021": 398,
        "DPTO": "05",
        "NOMBRE_DPT": "ANTIOQUIA",
        "MPIO": "819",
        "NOMBRE_MPI": "TOLEDO",
        "NOMBRE_CAB": "TOLEDO",
        "CLASEMUN": "CM",
        "MPIOS": "05819",
        "ZONA": "ZONA04",
        "OF_REG": "DAMED",
        "REG_ZONAS": "DAMEDZONA04",
        "HECTARES": 14021.635
      },
      "geometry": {
        "type": "Polygon",
        "coordinates": [
          [
            [
              -75.69252736415841,
              7.080888999476812
            ],
            [
              -75.68682808071239,
              7.071088876696037
            ],
            [
              -75.6856303085015,
              7.059488703618045
            ],
            [
              -75.68622547179574,
              7.052588310106113
            ],
            [
              -75.6845241253078,
              7.043288425168305
            ],
            [
              -75.67872566465061,
              7.032288088083467
            ],
            [
              -75.66952437214447,
              7.021888072334314
            ],
            [
              -75.66662512303293,
              7.018987891368493
            ],
            [
              -75.66603006803045,
              7.010887752327476
            ],
            [
              -75.67002810795962,
              6.997087463229975
            ],
            [
              -75.6706309090592,
              6.988987332933521
            ],
            [
              -75.6735302535944,
              6.978587404617617
            ],
            [
              -75.67752828092014,
              6.966487061547979
            ],
            [
              -75.68272415227226,
              6.956087149693558
            ],
            [
              -75.68843119351654,
              6.948087192984597
            ],
            [
              -75.69422977068163,
              6.942887259799351
            ],
            [
              -75.70112703498218,
              6.935387043083746
            ],
            [
              -75.71902627848667,
              6.926186958534352
            ],
            [
              -75.72473329908324,
              6.921087161575755
            ],
            [
              -75.73862692751908,
              6.918187099958702
            ],
            [
              -75.74723314109326,
              6.923987004149632
            ],
            [
              -75.74843094350103,
              6.931587415709092
            ],
            [
              -75.750727417392,
              6.939087221240772
            ],
            [
              -75.75363422686921,
              6.951787482814641
            ],
            [
              -75.75532792904349,
              6.963287998552754
            ],
            [
              -75.75653325780304,
              6.985288121113191
            ],
            [
              -75.75943239110252,
              7.004388096029886
            ],
            [
              -75.76002740095743,
              7.018788288218909
            ],
            [
              -75.76523069052305,
              7.037888757406695
            ],
            [
              -75.77443196721828,
              7.050589066171652
            ],
            [
              -75.77043402169872,
              7.05118890612159
            ],
            [
              -75.76632923999934,
              7.054688905809225
            ],
            [
              -75.75312989362504,
              7.059789125673387
            ],
            [
              -75.73922860576853,
              7.06668894665833
            ],
            [
              -75.7323313531779,
              7.072389080636126
            ],
            [
              -75.71502725894958,
              7.07638871627547
            ],
            [
              -75.70182792982561,
              7.079188644000686
            ],
            [
              -75.69252736415841,
              7.080888999476812
            ]
          ]
        ]
      }
    },
    {
      "type": "Feature",
      "properties": {
        "AREA": 252826646.952,
        "PERIMETER": 74288.600597,
        "WCOLGEN02_": 274,
        "WCOLGEN021": 373,
        "DPTO": "05",
        "NOMBRE_DPT": "ANTIOQUIA",
        "MPIO": "628",
        "NOMBRE_MPI": "SABANALARGA",
        "NOMBRE_CAB": "SABANALARGA",
        "CLASEMUN": "CM",
        "MPIOS": "05628",
        "ZONA": "ZONA01",
        "OF_REG": "DAMED",
        "REG_ZONAS": "DAMEDZONA01",
        "HECTARES": 25282.665
      },
      "geometry": {
        "type": "Polygon",
        "coordinates": [
          [
            [
              -75.77443196721828,
              7.050589066171652
            ],
            [
              -75.76523069052305,
              7.037888757406695
            ],
            [
              -75.76002740095743,
              7.018788288218909
            ],
            [
              -75.75943239110252,
              7.004388096029886
            ],
            [
              -75.75653325780304,
              6.985288121113191
            ],
            [
              -75.75532792904349,
              6.963287998552754
            ],
            [
              -75.75363422686921,
              6.951787482814641
            ],
            [
              -75.750727417392,
              6.939087221240772
            ],
            [
              -75.74843094350103,
              6.931587415709092
            ],
            [
              -75.74723314109326,
              6.923987004149632
            ],
            [
              -75.75013244821096,
              6.918787050093237
            ],
            [
              -75.7495298482329,
              6.898587016409127
            ],
            [
              -75.74782859322376,
              6.876086684181485
            ],
            [
              -75.75183423293161,
              6.866286632357936
            ],
            [
              -75.75413081288346,
              6.858786382952553
            ],
            [
              -75.76163076721359,
              6.858786435584374
            ],
            [
              -75.76223358678408,
              6.847886282796038
            ],
            [
              -75.75753385515924,
              6.828185953368394
            ],
            [
              -75.75812900908238,
              6.822386114779021
            ],
            [
              -75.75812907334901,
              6.81318590388671
            ],
            [
              -75.76102841612227,
              6.802785976026173
            ],
            [
              -75.76272985435976,
              6.799285959513603
            ],
            [
              -75.77022981638547,
              6.798185934648761
            ],
            [
              -75.78522975660786,
              6.793686070550767
            ],
            [
              -75.79673531816753,
              6.788485699526597
            ],
            [
              -75.81803736534158,
              6.78278614161133
            ],
            [
              -75.8330372902347,
              6.780586091465136
            ],
            [
              -75.84233785232007,
              6.779486078842556
            ],
            [
              -75.85213433470823,
              6.779486146737182
            ],
            [
              -75.85903152654103,
              6.782386354492404
            ],
            [
              -75.86243435041972,
              6.782986246751791
            ],
            [
              -75.86749280509275,
              6.784348622678641
            ],
            [
              -75.86763771765064,
              6.791686285991831
            ],
            [
              -75.87343622679106,
              6.79628643211212
            ],
            [
              -75.87403890098109,
              6.806186653866817
            ],
            [
              -75.87113192895427,
              6.816486922700016
            ],
            [
              -75.867637484229,
              6.825186901827234
            ],
            [
              -75.86193804409753,
              6.837286757340222
            ],
            [
              -75.85613179280838,
              6.848787220252251
            ],
            [
              -75.85153101914432,
              6.861486952198532
            ],
            [
              -75.84923443477544,
              6.869587071094005
            ],
            [
              -75.84944803346778,
              6.874102300642848
            ],
            [
              -75.84633513612307,
              6.873587288138171
            ],
            [
              -75.84173435792454,
              6.886887365734165
            ],
            [
              -75.83662993646945,
              6.91228781259153
            ],
            [
              -75.83313537242991,
              6.937687794435363
            ],
            [
              -75.8262303258211,
              6.96648812144865
            ],
            [
              -75.81993572055913,
              6.985588508455253
            ],
            [
              -75.80843007505152,
              7.002288429487469
            ],
            [
              -75.79342997502442,
              7.028788884166518
            ],
            [
              -75.78303068366966,
              7.037989022621573
            ],
            [
              -75.77903268036862,
              7.046588861475723
            ],
            [
              -75.77443196721828,
              7.050589066171652
            ]
          ]
        ]
      }
    },
    {
      "type": "Feature",
      "properties": {
        "AREA": 242604362.265,
        "PERIMETER": 74442.428543,
        "WCOLGEN02_": 278,
        "WCOLGEN021": 400,
        "DPTO": "05",
        "NOMBRE_DPT": "ANTIOQUIA",
        "MPIO": "842",
        "NOMBRE_MPI": "URAMITA",
        "NOMBRE_CAB": "URAMITA",
        "CLASEMUN": "CM",
        "MPIOS": "05842",
        "ZONA": "ZONA02",
        "OF_REG": "DAMED",
        "REG_ZONAS": "DAMEDZONA02",
        "HECTARES": 24260.436
      },
      "geometry": {
        "type": "Polygon",
        "coordinates": [
          [
            [
              -75.97093419493025,
              7.002389729128645
            ],
            [
              -75.97323832367222,
              7.006389984075674
            ],
            [
              -75.98253894979636,
              6.996589966943733
            ],
            [
              -75.99743977880917,
              6.982289542533575
            ],
            [
              -76.00384110535481,
              6.976489743011675
            ],
            [
              -76.00783911733086,
              6.966689687884211
            ],
            [
              -76.02054263308813,
              6.948289348797487
            ],
            [
              -76.02683716487971,
              6.939589387418851
            ],
            [
              -76.03204069125928,
              6.925789102414774
            ],
            [
              -76.03954071283397,
              6.916589417727284
            ],
            [
              -76.05794347454278,
              6.913789523703503
            ],
            [
              -76.0769413423803,
              6.912089234420064
            ],
            [
              -76.10063907270596,
              6.911689806733516
            ],
            [
              -76.12594667557542,
              6.909389692810602
            ],
            [
              -76.14384588895362,
              6.905489717188424
            ],
            [
              -76.15824306395876,
              6.904990086669265
            ],
            [
              -76.17034379264761,
              6.892889795036063
            ],
            [
              -76.1738458074048,
              6.892889819627722
            ],
            [
              -76.18134576075785,
              6.893489741223471
            ],
            [
              -76.1899443854812,
              6.894090147382926
            ],
            [
              -76.20384558034273,
              6.901090305545607
            ],
            [
              -76.21244412776142,
              6.912690534657281
            ],
            [
              -76.21934896353146,
              6.913890321197871
            ],
            [
              -76.24075016118971,
              6.914590477938304
            ],
            [
              -76.23724806926006,
              6.925490616324865
            ],
            [
              -76.22974800941431,
              6.939890757043065
            ],
            [
              -76.2245445223931,
              6.947990859031576
            ],
            [
              -76.21654848946757,
              6.968691051240236
            ],
            [
              -76.19924430903492,
              6.983690991251828
            ],
            [
              -76.18194783681324,
              6.987691107470997
            ],
            [
              -76.15774654239767,
              6.988690875775394
            ],
            [
              -76.14214386788125,
              6.99099105712807
            ],
            [
              -76.12483977981252,
              6.993190612317451
            ],
            [
              -76.10184396040978,
              6.995990472617154
            ],
            [
              -76.07813857517897,
              6.999890405305057
            ],
            [
              -76.05974344596201,
              7.002190566288307
            ],
            [
              -76.04653642483969,
              7.013090633901109
            ],
            [
              -76.026935743736,
              7.024590524441103
            ],
            [
              -76.0078386995421,
              7.025090596224051
            ],
            [
              -75.99113737341007,
              7.024990339394703
            ],
            [
              -75.96983537893274,
              7.022590234263492
            ],
            [
              -75.96983543709472,
              7.014490096966441
            ],
            [
              -75.97043822186215,
              7.008689779305439
            ],
            [
              -75.97093419493025,
              7.002389729128645
            ]
          ]
        ]
      }
    },
    {
      "type": "Feature",
      "properties": {
        "AREA": 1294066172.34,
        "PERIMETER": 167209.089371,
        "WCOLGEN02_": 280,
        "WCOLGEN021": 360,
        "DPTO": "05",
        "NOMBRE_DPT": "ANTIOQUIA",
        "MPIO": "475",
        "NOMBRE_MPI": "MURINDO",
        "NOMBRE_CAB": "MURINDO",
        "CLASEMUN": "CM",
        "MPIOS": "05475",
        "ZONA": "ZONA07",
        "OF_REG": "DAMED",
        "REG_ZONAS": "DAMEDZONA07",
        "HECTARES": 129406.617
      },
      "geometry": {
        "type": "Polygon",
        "coordinates": [
          [
            [
              -76.55265806103797,
              6.967793628148907
            ],
            [
              -76.5370555643027,
              6.944092962773395
            ],
            [
              -76.53985580208159,
              6.922692721184947
            ],
            [
              -76.53755945565902,
              6.896692334788105
            ],
            [
              -76.55545898708294,
              6.848291889183065
            ],
            [
              -76.55195722361124,
              6.81189153972219
            ],
            [
              -76.54735676711897,
              6.77839086947532
            ],
            [
              -76.54956187567424,
              6.758690573757074
            ],
            [
              -76.5524613141033,
              6.734490311467849
            ],
            [
              -76.55706217123131,
              6.709690192187796
            ],
            [
              -76.55935882620123,
              6.691189636227724
            ],
            [
              -76.5651574969101,
              6.672689581094144
            ],
            [
              -76.57376391430678,
              6.649689573720122
            ],
            [
              -76.57458035301902,
              6.640116947675277
            ],
            [
              -76.59437166328726,
              6.646100512278847
            ],
            [
              -76.61341530713202,
              6.646100640656254
            ],
            [
              -76.6194503628271,
              6.647494017858564
            ],
            [
              -76.61713091642446,
              6.651674011796428
            ],
            [
              -76.62176972459622,
              6.655854052701007
            ],
            [
              -76.63013185017705,
              6.653996327073153
            ],
            [
              -76.62966647821426,
              6.648422977753665
            ],
            [
              -76.63106272261055,
              6.646100759598187
            ],
            [
              -76.6408134191391,
              6.648423052898748
            ],
            [
              -76.65707222660743,
              6.649816499068941
            ],
            [
              -76.66868458996827,
              6.647958795216428
            ],
            [
              -76.68401258495656,
              6.648423344033911
            ],
            [
              -76.68772819139691,
              6.654461161118077
            ],
            [
              -76.7039793292123,
              6.661892399550823
            ],
            [
              -76.71001442936182,
              6.656783539164349
            ],
            [
              -76.72070364449786,
              6.648888036759711
            ],
            [
              -76.73463544896222,
              6.643779229413087
            ],
            [
              -76.76946485617052,
              6.646566137219115
            ],
            [
              -76.82519950427049,
              6.656319869929805
            ],
            [
              -76.83681185395993,
              6.656784393755803
            ],
            [
              -76.85724405806153,
              6.663286293273852
            ],
            [
              -76.8688563266088,
              6.675826403706143
            ],
            [
              -76.86792540983097,
              6.690223735475641
            ],
            [
              -76.86653678210725,
              6.694403736890903
            ],
            [
              -76.86235567417602,
              6.701834838925778
            ],
            [
              -76.86560583980899,
              6.712516634121616
            ],
            [
              -76.86142473173632,
              6.719947736213444
            ],
            [
              -76.86746742172903,
              6.72087666860417
            ],
            [
              -76.86885598004302,
              6.726913994807026
            ],
            [
              -76.87210616759833,
              6.734345147590026
            ],
            [
              -76.88558004254867,
              6.751529252636856
            ],
            [
              -76.89347671642527,
              6.756173763427344
            ],
            [
              -76.89904632590908,
              6.763140486876861
            ],
            [
              -76.9004424882241,
              6.772893379243891
            ],
            [
              -76.90415809164377,
              6.779395644541454
            ],
            [
              -76.9143742227204,
              6.778466823136111
            ],
            [
              -76.91808983891826,
              6.783111305722521
            ],
            [
              -76.91437414299868,
              6.790077489109088
            ],
            [
              -76.90694274463468,
              6.804939701000392
            ],
            [
              -76.91204691853036,
              6.815621510925701
            ],
            [
              -76.90369235570387,
              6.826767673934794
            ],
            [
              -76.90229612656611,
              6.826767664298749
            ],
            [
              -76.89997666592689,
              6.832805442755474
            ],
            [
              -76.89254532168607,
              6.839772077335537
            ],
            [
              -76.8800020778267,
              6.849989319718577
            ],
            [
              -76.85306940109795,
              6.843022924270946
            ],
            [
              -76.84702674665472,
              6.836985088237538
            ],
            [
              -76.8363452707943,
              6.828624991765045
            ],
            [
              -76.83494901603997,
              6.832340547703289
            ],
            [
              -76.83262955871086,
              6.83791388006083
            ],
            [
              -76.82009404184204,
              6.834198227785273
            ],
            [
              -76.81823237741114,
              6.837913780454727
            ],
            [
              -76.81776692588355,
              6.84395157126991
            ],
            [
              -76.83216402337625,
              6.856026782480507
            ],
            [
              -76.82937917560328,
              6.858813437414963
            ],
            [
              -76.8168360001239,
              6.859277796073059
            ],
            [
              -76.79733455913166,
              6.861135443486869
            ],
            [
              -76.7917572179045,
              6.869030504722136
            ],
            [
              -76.78990316686456,
              6.875068285895007
            ],
            [
              -76.78804145046865,
              6.886214969750974
            ],
            [
              -76.79361864587479,
              6.899219011628539
            ],
            [
              -76.79825734656173,
              6.918725287372395
            ],
            [
              -76.79679997451144,
              6.933780185263116
            ],
            [
              -76.80041633065454,
              6.948822244247151
            ],
            [
              -76.81150213992323,
              6.962507259076311
            ],
            [
              -76.82461758429372,
              6.955834400844433
            ],
            [
              -76.8283484914083,
              6.955834427099044
            ],
            [
              -76.83336873138147,
              6.967295400686196
            ],
            [
              -76.83507004885026,
              6.981195883501485
            ],
            [
              -76.83687057661065,
              6.991595857559004
            ],
            [
              -76.8356650360402,
              6.999096123828688
            ],
            [
              -76.83106429360916,
              7.006595889231331
            ],
            [
              -76.82937049972946,
              7.00769595568347
            ],
            [
              -76.82706633605025,
              7.008295808745417
            ],
            [
              -76.80916713402637,
              7.008795890882114
            ],
            [
              -76.79186304206114,
              7.009895846574335
            ],
            [
              -76.77806860554102,
              7.009795611532199
            ],
            [
              -76.75266181694559,
              7.009695294072244
            ],
            [
              -76.73016188626727,
              7.01599519298524
            ],
            [
              -76.71866392665902,
              7.023395248221069
            ],
            [
              -76.71236181819638,
              7.023995549571845
            ],
            [
              -76.70256533202058,
              7.02329547337198
            ],
            [
              -76.67715864794552,
              7.008794954060535
            ],
            [
              -76.65986222496326,
              7.004694929629617
            ],
            [
              -76.64425960863994,
              6.997694754427907
            ],
            [
              -76.63045756088631,
              6.995294225754411
            ],
            [
              -76.60795767431135,
              6.995794275117865
            ],
            [
              -76.58545787847689,
              6.983594072185737
            ],
            [
              -76.57045804789021,
              6.970793576905858
            ],
            [
              -76.55265806103797,
              6.967793628148907
            ]
          ]
        ]
      }
    },
    {
      "type": "Feature",
      "properties": {
        "AREA": 169440145.187,
        "PERIMETER": 64694.85681,
        "WCOLGEN02_": 281,
        "WCOLGEN021": 376,
        "DPTO": "05",
        "NOMBRE_DPT": "ANTIOQUIA",
        "MPIO": "647",
        "NOMBRE_MPI": "SAN ANDRÉS DE CUERQUIA",
        "NOMBRE_CAB": "SAN ANDRÉS DE CUERQUIA",
        "CLASEMUN": "CM",
        "MPIOS": "05647",
        "ZONA": "ZONA04",
        "OF_REG": "DAMED",
        "REG_ZONAS": "DAMEDZONA04",
        "HECTARES": 16944.015
      },
      "geometry": {
        "type": "Polygon",
        "coordinates": [
          [
            [
              -75.66662512303293,
              7.018987891368493
            ],
            [
              -75.66202446453703,
              7.015487829510139
            ],
            [
              -75.6504273846571,
              7.015487746189851
            ],
            [
              -75.63832677702604,
              7.011387761871259
            ],
            [
              -75.6308268782391,
              7.00378730520621
            ],
            [
              -75.61872630817314,
              6.994487346832266
            ],
            [
              -75.61182150117594,
              6.989887191747787
            ],
            [
              -75.59222108191949,
              6.966086858258361
            ],
            [
              -75.58812402173376,
              6.956886618321896
            ],
            [
              -75.58412614345673,
              6.94818658765448
            ],
            [
              -75.581822056858,
              6.938386015352133
            ],
            [
              -75.58122703826461,
              6.925085904006651
            ],
            [
              -75.58812430593693,
              6.916985819640039
            ],
            [
              -75.59682220106033,
              6.904885988281897
            ],
            [
              -75.60422299700292,
              6.90088580410085
            ],
            [
              -75.60772511162376,
              6.886485644958946
            ],
            [
              -75.60712242167361,
              6.878985852973054
            ],
            [
              -75.6065273613261,
              6.871485584266058
            ],
            [
              -75.61352375290706,
              6.872085502102366
            ],
            [
              -75.62332787470356,
              6.870385625599437
            ],
            [
              -75.62962997180011,
              6.870385669959239
            ],
            [
              -75.6359244392799,
              6.870385714262486
            ],
            [
              -75.6371298842721,
              6.876186041914252
            ],
            [
              -75.64232564440394,
              6.881386052305847
            ],
            [
              -75.64692630748716,
              6.88428624437685
            ],
            [
              -75.65152696634648,
              6.887786305088758
            ],
            [
              -75.65962965014837,
              6.889585968085846
            ],
            [
              -75.67282894121752,
              6.89198648938708
            ],
            [
              -75.68212948219625,
              6.893686500699332
            ],
            [
              -75.69532878205851,
              6.894886331136943
            ],
            [
              -75.70453017798665,
              6.890886636013211
            ],
            [
              -75.71432674025222,
              6.879386202779224
            ],
            [
              -75.72593149484534,
              6.873086233192007
            ],
            [
              -75.74203016685082,
              6.859886375102394
            ],
            [
              -75.75413081288346,
              6.858786382952553
            ],
            [
              -75.75183423293161,
              6.866286632357936
            ],
            [
              -75.74782859322376,
              6.876086684181485
            ],
            [
              -75.7495298482329,
              6.898587016409127
            ],
            [
              -75.75013244821096,
              6.918787050093237
            ],
            [
              -75.74723314109326,
              6.923987004149632
            ],
            [
              -75.73862692751908,
              6.918187099958702
            ],
            [
              -75.72473329908324,
              6.921087161575755
            ],
            [
              -75.71902627848667,
              6.926186958534352
            ],
            [
              -75.70112703498218,
              6.935387043083746
            ],
            [
              -75.69422977068163,
              6.942887259799351
            ],
            [
              -75.68843119351654,
              6.948087192984597
            ],
            [
              -75.68272415227226,
              6.956087149693558
            ],
            [
              -75.67752828092014,
              6.966487061547979
            ],
            [
              -75.6735302535944,
              6.978587404617617
            ],
            [
              -75.6706309090592,
              6.988987332933521
            ],
            [
              -75.67002810795962,
              6.997087463229975
            ],
            [
              -75.66603006803045,
              7.010887752327476
            ],
            [
              -75.66662512303293,
              7.018987891368493
            ]
          ]
        ]
      }
    },
    {
      "type": "Feature",
      "properties": {
        "AREA": 465770781.18,
        "PERIMETER": 111642.915966,
        "WCOLGEN02_": 282,
        "WCOLGEN021": 321,
        "DPTO": "05",
        "NOMBRE_DPT": "ANTIOQUIA",
        "MPIO": "138",
        "NOMBRE_MPI": "CAÑASGORDAS",
        "NOMBRE_CAB": "CAÑASGORDAS",
        "CLASEMUN": "CM",
        "MPIOS": "05138",
        "ZONA": "ZONA02",
        "OF_REG": "DAMED",
        "REG_ZONAS": "DAMEDZONA02",
        "HECTARES": 46577.078
      },
      "geometry": {
        "type": "Polygon",
        "coordinates": [
          [
            [
              -75.91903742670799,
              6.977289281998306
            ],
            [
              -75.92253946486102,
              6.973888937632037
            ],
            [
              -75.92713256576951,
              6.967489256889979
            ],
            [
              -75.935235399899,
              6.948489017915172
            ],
            [
              -75.94214033239075,
              6.935788823583857
            ],
            [
              -75.95303560953187,
              6.918488550592758
            ],
            [
              -75.95704126663234,
              6.906388681417886
            ],
            [
              -75.95883435458006,
              6.889688213136126
            ],
            [
              -75.95823954521558,
              6.846387505905867
            ],
            [
              -75.9668382491078,
              6.835387746635861
            ],
            [
              -75.97774115773821,
              6.817587742267943
            ],
            [
              -75.98704183816899,
              6.799687112791003
            ],
            [
              -75.98123576737878,
              6.78518722440895
            ],
            [
              -75.9748422201975,
              6.769586778277801
            ],
            [
              -75.96333684057826,
              6.748186453842142
            ],
            [
              -75.95524197432535,
              6.71868601914
            ],
            [
              -75.95583710771727,
              6.715785863172798
            ],
            [
              -75.95403652374456,
              6.713486036312672
            ],
            [
              -75.96153656248515,
              6.701385715958456
            ],
            [
              -75.96903655392279,
              6.696185792736804
            ],
            [
              -75.97823797121855,
              6.689285935255706
            ],
            [
              -75.99213930633526,
              6.675485712519872
            ],
            [
              -76.00423998642937,
              6.669785611921157
            ],
            [
              -76.01173999364268,
              6.662285873858872
            ],
            [
              -76.0192400198756,
              6.651985635912019
            ],
            [
              -76.02094139134059,
              6.658285699194039
            ],
            [
              -76.03654403489114,
              6.660085888142373
            ],
            [
              -76.04684397803958,
              6.674586282127337
            ],
            [
              -76.04914041108177,
              6.68848627644445
            ],
            [
              -76.05324497486842,
              6.716786947890744
            ],
            [
              -76.05784557313314,
              6.729486744474826
            ],
            [
              -76.06824473278432,
              6.739387034687614
            ],
            [
              -76.07404323514682,
              6.745187395494204
            ],
            [
              -76.07404327094349,
              6.739987420159919
            ],
            [
              -76.07633977892893,
              6.742887119581795
            ],
            [
              -76.0832445780354,
              6.749287356871198
            ],
            [
              -76.09184311016111,
              6.763187396418936
            ],
            [
              -76.09244578567163,
              6.772987959758855
            ],
            [
              -76.08904284120938,
              6.789687940504257
            ],
            [
              -76.09593989027233,
              6.813388052056585
            ],
            [
              -76.102844668893,
              6.822688451228496
            ],
            [
              -76.13404209498104,
              6.85978898432698
            ],
            [
              -76.15244472435398,
              6.876089525106512
            ],
            [
              -76.16054737236533,
              6.883589850648671
            ],
            [
              -76.17034379264761,
              6.892889795036063
            ],
            [
              -76.15824306395876,
              6.904990086669265
            ],
            [
              -76.14384588895362,
              6.905489717188424
            ],
            [
              -76.12594667557542,
              6.909389692810602
            ],
            [
              -76.10063907270596,
              6.911689806733516
            ],
            [
              -76.0769413423803,
              6.912089234420064
            ],
            [
              -76.05794347454278,
              6.913789523703503
            ],
            [
              -76.03954071283397,
              6.916589417727284
            ],
            [
              -76.03204069125928,
              6.925789102414774
            ],
            [
              -76.02683716487971,
              6.939589387418851
            ],
            [
              -76.02054263308813,
              6.948289348797487
            ],
            [
              -76.00783911733086,
              6.966689687884211
            ],
            [
              -76.00384110535481,
              6.976489743011675
            ],
            [
              -75.99743977880917,
              6.982289542533575
            ],
            [
              -75.98253894979636,
              6.996589966943733
            ],
            [
              -75.97323832367222,
              7.006389984075674
            ],
            [
              -75.97093419493025,
              7.002389729128645
            ],
            [
              -75.96863769225727,
              6.998889682891773
            ],
            [
              -75.96174052951126,
              6.991889574057428
            ],
            [
              -75.9484344315455,
              6.987789580509268
            ],
            [
              -75.93693657102965,
              6.982589522535058
            ],
            [
              -75.92713249941599,
              6.976789131096472
            ],
            [
              -75.91903742670799,
              6.977289281998306
            ]
          ]
        ]
      }
    },
    {
      "type": "Feature",
      "properties": {
        "AREA": 309301860.971,
        "PERIMETER": 91087.181986,
        "WCOLGEN02_": 285,
        "WCOLGEN021": 316,
        "DPTO": "05",
        "NOMBRE_DPT": "ANTIOQUIA",
        "MPIO": "113",
        "NOMBRE_MPI": "BURITICA",
        "NOMBRE_CAB": "BURITICA",
        "CLASEMUN": "CM",
        "MPIOS": "05113",
        "ZONA": "ZONA01",
        "OF_REG": "DAMED",
        "REG_ZONAS": "DAMEDZONA01",
        "HECTARES": 30930.186
      },
      "geometry": {
        "type": "Polygon",
        "coordinates": [
          [
            [
              -75.84944803346778,
              6.874102300642848
            ],
            [
              -75.84923443477544,
              6.869587071094005
            ],
            [
              -75.85153101914432,
              6.861486952198532
            ],
            [
              -75.85613179280838,
              6.848787220252251
            ],
            [
              -75.86193804409753,
              6.837286757340222
            ],
            [
              -75.867637484229,
              6.825186901827234
            ],
            [
              -75.87113192895427,
              6.816486922700016
            ],
            [
              -75.87403890098109,
              6.806186653866817
            ],
            [
              -75.87343622679106,
              6.79628643211212
            ],
            [
              -75.86763771765064,
              6.791686285991831
            ],
            [
              -75.86749280509275,
              6.784348622678641
            ],
            [
              -75.87633570552508,
              6.766286342600531
            ],
            [
              -75.87053728056608,
              6.749485688471616
            ],
            [
              -75.8653339446652,
              6.736185544248649
            ],
            [
              -75.8687368959184,
              6.718285353993525
            ],
            [
              -75.87053759438412,
              6.703885181352792
            ],
            [
              -75.86533423390311,
              6.694085066327705
            ],
            [
              -75.85373727908399,
              6.675484768704746
            ],
            [
              -75.85143327950361,
              6.652384567065633
            ],
            [
              -75.84793899351736,
              6.637984359618065
            ],
            [
              -75.85203611639442,
              6.63858425599501
            ],
            [
              -75.85493537124911,
              6.640884566614363
            ],
            [
              -75.86703596318887,
              6.647884705066015
            ],
            [
              -75.87393313573625,
              6.653684594304208
            ],
            [
              -75.88253939148889,
              6.653684652829764
            ],
            [
              -75.88833784954801,
              6.665885199575469
            ],
            [
              -75.8952349866626,
              6.676885063182748
            ],
            [
              -75.90733553581032,
              6.690185253807686
            ],
            [
              -75.9212367750196,
              6.69028548587727
            ],
            [
              -75.9310407926269,
              6.70418553011941
            ],
            [
              -75.94253864269061,
              6.711086005941688
            ],
            [
              -75.95403652374456,
              6.713486036312672
            ],
            [
              -75.95583710771727,
              6.715785863172798
            ],
            [
              -75.95524197432535,
              6.71868601914
            ],
            [
              -75.96333684057826,
              6.748186453842142
            ],
            [
              -75.9748422201975,
              6.769586778277801
            ],
            [
              -75.98123576737878,
              6.78518722440895
            ],
            [
              -75.98704183816899,
              6.799687112791003
            ],
            [
              -75.97774115773821,
              6.817587742267943
            ],
            [
              -75.9668382491078,
              6.835387746635861
            ],
            [
              -75.95823954521558,
              6.846387505905867
            ],
            [
              -75.95883435458006,
              6.889688213136126
            ],
            [
              -75.95704126663234,
              6.906388681417886
            ],
            [
              -75.95303560953187,
              6.918488550592758
            ],
            [
              -75.94214033239075,
              6.935788823583857
            ],
            [
              -75.935235399899,
              6.948489017915172
            ],
            [
              -75.92713256576951,
              6.967489256889979
            ],
            [
              -75.92253946486102,
              6.973888937632037
            ],
            [
              -75.91903742670799,
              6.977289281998306
            ],
            [
              -75.9075319082899,
              6.9760889855195
            ],
            [
              -75.90293889024225,
              6.970888977098999
            ],
            [
              -75.89833830025324,
              6.957588832475418
            ],
            [
              -75.90003216724493,
              6.945988678962903
            ],
            [
              -75.90113856591188,
              6.932188366710829
            ],
            [
              -75.90003232694475,
              6.923488354142028
            ],
            [
              -75.89363870899419,
              6.918288333564433
            ],
            [
              -75.88383465800509,
              6.909587782955465
            ],
            [
              -75.87633477620983,
              6.89918777965947
            ],
            [
              -75.86653840002484,
              6.8840875171082
            ],
            [
              -75.8608314718691,
              6.875987341734175
            ],
            [
              -75.84944803346778,
              6.874102300642848
            ]
          ]
        ]
      }
    },
    {
      "type": "Feature",
      "properties": {
        "AREA": 531865615.883,
        "PERIMETER": 123912.629101,
        "WCOLGEN02_": 286,
        "WCOLGEN021": 404,
        "DPTO": "05",
        "NOMBRE_DPT": "ANTIOQUIA",
        "MPIO": "858",
        "NOMBRE_MPI": "VEGACHI",
        "NOMBRE_CAB": "VEGACHI",
        "CLASEMUN": "CM",
        "MPIOS": "05858",
        "ZONA": "ZONA05",
        "OF_REG": "DAMED",
        "REG_ZONAS": "DAMEDZONA05",
        "HECTARES": 53186.562
      },
      "geometry": {
        "type": "Polygon",
        "coordinates": [
          [
            [
              -74.84703273159188,
              6.967384252693654
            ],
            [
              -74.84279848153517,
              6.938681151081622
            ],
            [
              -74.83410086530482,
              6.9126807631737
            ],
            [
              -74.82029900826592,
              6.887180071263575
            ],
            [
              -74.81050270054689,
              6.864079835122669
            ],
            [
              -74.79660155090646,
              6.853579661226842
            ],
            [
              -74.77929753955303,
              6.848379569646387
            ],
            [
              -74.75859831836472,
              6.845379129306951
            ],
            [
              -74.74929777851266,
              6.844779195478921
            ],
            [
              -74.73379429675938,
              6.849279049601344
            ],
            [
              -74.71069923502758,
              6.864779132093086
            ],
            [
              -74.6968971201957,
              6.875679179445295
            ],
            [
              -74.68419372422584,
              6.87967932178818
            ],
            [
              -74.65939736248659,
              6.879579008387633
            ],
            [
              -74.64908966417812,
              6.885378771535977
            ],
            [
              -74.63228914760445,
              6.889278747401814
            ],
            [
              -74.61039208255089,
              6.885178698776881
            ],
            [
              -74.60518871938959,
              6.877078536873582
            ],
            [
              -74.60518877710517,
              6.868978412120311
            ],
            [
              -74.60238876549715,
              6.859178323813786
            ],
            [
              -74.59659029377855,
              6.850478290179745
            ],
            [
              -74.5890904470974,
              6.83657779986827
            ],
            [
              -74.58959408185065,
              6.825577999666644
            ],
            [
              -74.59599549611768,
              6.805977909225246
            ],
            [
              -74.59599561026745,
              6.789777661151748
            ],
            [
              -74.59479021918065,
              6.776477561087745
            ],
            [
              -74.59709442943495,
              6.768477113507814
            ],
            [
              -74.59879590642903,
              6.759177265895646
            ],
            [
              -74.6120943608063,
              6.762677383024362
            ],
            [
              -74.62879563065813,
              6.76737725988141
            ],
            [
              -74.64209405666331,
              6.774977746225702
            ],
            [
              -74.64959399813243,
              6.77557766672166
            ],
            [
              -74.65359199142856,
              6.767477570455662
            ],
            [
              -74.67029329424422,
              6.767577824322609
            ],
            [
              -74.6835917776418,
              6.767077709575591
            ],
            [
              -74.69399863223374,
              6.765377838683649
            ],
            [
              -74.70839576176412,
              6.768278095914137
            ],
            [
              -74.72219779840226,
              6.768378329448448
            ],
            [
              -74.73599987585347,
              6.762678249812887
            ],
            [
              -74.7528003053269,
              6.771378360320769
            ],
            [
              -74.77869535931674,
              6.768578521765647
            ],
            [
              -74.79249746552719,
              6.758878685961652
            ],
            [
              -74.80919884338391,
              6.748578525338379
            ],
            [
              -74.84320439900047,
              6.719778421920725
            ],
            [
              -74.85709802944528,
              6.714678686549037
            ],
            [
              -74.87900276222867,
              6.714178630496976
            ],
            [
              -74.90089982144181,
              6.720078756221787
            ],
            [
              -74.919905223613,
              6.728778882199999
            ],
            [
              -74.93430229610459,
              6.740379133627097
            ],
            [
              -74.94470145887982,
              6.747979601310463
            ],
            [
              -74.95740477737343,
              6.755479471459855
            ],
            [
              -74.96780396892535,
              6.758979569274223
            ],
            [
              -74.95680186921263,
              6.77917997950163
            ],
            [
              -74.944205200664,
              6.795280008136141
            ],
            [
              -74.9263058830121,
              6.817180313939195
            ],
            [
              -74.91530381138924,
              6.833280353437915
            ],
            [
              -74.91710433927558,
              6.843180574406393
            ],
            [
              -74.91880570707912,
              6.849480632323286
            ],
            [
              -74.91080211651445,
              6.8615804595724
            ],
            [
              -74.90380566829664,
              6.869680537208316
            ],
            [
              -74.87960423728646,
              6.894380817992206
            ],
            [
              -74.86750349494366,
              6.910480849278998
            ],
            [
              -74.86470328473145,
              6.928381028226156
            ],
            [
              -74.86239905107944,
              6.93938129662934
            ],
            [
              -74.86239900943329,
              6.945181134777012
            ],
            [
              -74.8548989879548,
              6.955481360859046
            ],
            [
              -74.84703273159188,
              6.967384252693654
            ]
          ]
        ]
      }
    },
    {
      "type": "Feature",
      "properties": {
        "AREA": 364778808.42,
        "PERIMETER": 84356.384853,
        "WCOLGEN02_": 287,
        "WCOLGEN021": 301,
        "DPTO": "05",
        "NOMBRE_DPT": "ANTIOQUIA",
        "MPIO": "038",
        "NOMBRE_MPI": "ANGOSTURA",
        "NOMBRE_CAB": "ANGOSTURA",
        "CLASEMUN": "CM",
        "MPIOS": "05038",
        "ZONA": "ZONA04",
        "OF_REG": "DAMED",
        "REG_ZONAS": "DAMEDZONA04",
        "HECTARES": 36477.881
      },
      "geometry": {
        "type": "Polygon",
        "coordinates": [
          [
            [
              -75.279710407758,
              6.960784514370645
            ],
            [
              -75.27571249372699,
              6.957284458563938
            ],
            [
              -75.26821255599324,
              6.955484322827484
            ],
            [
              -75.24511002404691,
              6.946784158451413
            ],
            [
              -75.23821284140857,
              6.943284082163332
            ],
            [
              -75.23421491963535,
              6.940883626385822
            ],
            [
              -75.22781368460863,
              6.934583532181791
            ],
            [
              -75.23421498539169,
              6.931683896111458
            ],
            [
              -75.23821299000141,
              6.922483717548965
            ],
            [
              -75.23651165118204,
              6.912083284894933
            ],
            [
              -75.2330097344232,
              6.898783157982267
            ],
            [
              -75.23011051547863,
              6.891783083811915
            ],
            [
              -75.2295154797751,
              6.880882928124266
            ],
            [
              -75.23471131552607,
              6.875083124929992
            ],
            [
              -75.25201547379001,
              6.860683069004171
            ],
            [
              -75.2670154594735,
              6.848682946769653
            ],
            [
              -75.27911616091006,
              6.838882956985511
            ],
            [
              -75.28831757737011,
              6.831382759923081
            ],
            [
              -75.29181201551562,
              6.823382791396962
            ],
            [
              -75.29461216413144,
              6.814082467483887
            ],
            [
              -75.2987169465041,
              6.810082738161016
            ],
            [
              -75.31021488483671,
              6.803182902135985
            ],
            [
              -75.31771485951396,
              6.799782587975123
            ],
            [
              -75.3338134639539,
              6.79518259711895
            ],
            [
              -75.34481544633232,
              6.792382652472122
            ],
            [
              -75.36151679394337,
              6.787782665574818
            ],
            [
              -75.37071818977695,
              6.783282763273713
            ],
            [
              -75.37821815715114,
              6.780983002208532
            ],
            [
              -75.38922013230307,
              6.779283133869328
            ],
            [
              -75.39611736537204,
              6.775783154931593
            ],
            [
              -75.39721607130488,
              6.770682850828003
            ],
            [
              -75.40361735659039,
              6.770083026956566
            ],
            [
              -75.4151228969345,
              6.767283085346349
            ],
            [
              -75.41861727929128,
              6.767283109627388
            ],
            [
              -75.42781866441572,
              6.764383014922341
            ],
            [
              -75.43071794964324,
              6.762083221654919
            ],
            [
              -75.43641732207763,
              6.7592832395866
            ],
            [
              -75.44512277136558,
              6.757582878122903
            ],
            [
              -75.455422802875,
              6.758183294815161
            ],
            [
              -75.46182408436293,
              6.75818333921673
            ],
            [
              -75.47162056221563,
              6.758283067336889
            ],
            [
              -75.47912050667651,
              6.759383196016415
            ],
            [
              -75.49002328487425,
              6.759483408654234
            ],
            [
              -75.49692048175896,
              6.761283538626491
            ],
            [
              -75.50212389981569,
              6.762383651415343
            ],
            [
              -75.50162022147902,
              6.779783647467933
            ],
            [
              -75.50042229711705,
              6.789583715741695
            ],
            [
              -75.49642430130673,
              6.797583682350141
            ],
            [
              -75.48892428056216,
              6.807384183560236
            ],
            [
              -75.47972287861704,
              6.812584091846055
            ],
            [
              -75.47332154095115,
              6.820584041557736
            ],
            [
              -75.45201942786986,
              6.836684018245982
            ],
            [
              -75.44451939082447,
              6.84878433272864
            ],
            [
              -75.43131996395567,
              6.866084102782366
            ],
            [
              -75.42381991039318,
              6.880484230812355
            ],
            [
              -75.42041700596457,
              6.891484497392548
            ],
            [
              -75.40772115290648,
              6.906384796890409
            ],
            [
              -75.39851975536158,
              6.910984358992205
            ],
            [
              -75.3875177342285,
              6.919084412521302
            ],
            [
              -75.38001770080903,
              6.930584858120414
            ],
            [
              -75.37431836092814,
              6.928784735317934
            ],
            [
              -75.36791708421617,
              6.928184821302216
            ],
            [
              -75.35521368363716,
              6.931584621243452
            ],
            [
              -75.34601994891695,
              6.931584555772975
            ],
            [
              -75.33511717150691,
              6.931584478124172
            ],
            [
              -75.32701444126167,
              6.936684255813288
            ],
            [
              -75.31841578703934,
              6.941284298486514
            ],
            [
              -75.3120144821039,
              6.944684619911995
            ],
            [
              -75.30631510904013,
              6.947584261215704
            ],
            [
              -75.29411525350282,
              6.95278414642931
            ],
            [
              -75.29071240305096,
              6.95618448916624
            ],
            [
              -75.28491385315372,
              6.957884392803193
            ],
            [
              -75.279710407758,
              6.960784514370645
            ]
          ]
        ]
      }
    },
    {
      "type": "Feature",
      "properties": {
        "AREA": 82235664.475,
        "PERIMETER": 44796.540606,
        "WCOLGEN02_": 288,
        "WCOLGEN021": 345,
        "DPTO": "05",
        "NOMBRE_DPT": "ANTIOQUIA",
        "MPIO": "315",
        "NOMBRE_MPI": "GUADALUPE",
        "NOMBRE_CAB": "GUADALUPE",
        "CLASEMUN": "CM",
        "MPIOS": "05315",
        "ZONA": "ZONA04",
        "OF_REG": "DAMED",
        "REG_ZONAS": "DAMEDZONA04",
        "HECTARES": 8223.566
      },
      "geometry": {
        "type": "Polygon",
        "coordinates": [
          [
            [
              -75.22781368460863,
              6.934583532181791
            ],
            [
              -75.21981023930887,
              6.925883476369268
            ],
            [
              -75.21461449466024,
              6.918883385664492
            ],
            [
              -75.2059090962201,
              6.913683352016543
            ],
            [
              -75.20020977801713,
              6.908983071191363
            ],
            [
              -75.19671543769783,
              6.903183206434872
            ],
            [
              -75.18920791139199,
              6.895682891600313
            ],
            [
              -75.18520999327328,
              6.892782704921583
            ],
            [
              -75.18920798525778,
              6.885282948699801
            ],
            [
              -75.19441149514513,
              6.873182621086175
            ],
            [
              -75.19781439449594,
              6.862782702406413
            ],
            [
              -75.20301028647165,
              6.848982430027759
            ],
            [
              -75.2059096326291,
              6.837982162745908
            ],
            [
              -75.21340965593176,
              6.827582272983989
            ],
            [
              -75.21911670971171,
              6.817282030751267
            ],
            [
              -75.2237098184462,
              6.809181933576252
            ],
            [
              -75.2335139845542,
              6.800582141551365
            ],
            [
              -75.2422118108911,
              6.797682044206359
            ],
            [
              -75.25141318189425,
              6.796582032085668
            ],
            [
              -75.24911672862252,
              6.786182073576016
            ],
            [
              -75.25831806332613,
              6.790282032605004
            ],
            [
              -75.27161646595458,
              6.802482626850711
            ],
            [
              -75.27971147704865,
              6.809982468094537
            ],
            [
              -75.28661630199638,
              6.811782598286875
            ],
            [
              -75.29061422919817,
              6.813482571138566
            ],
            [
              -75.29461216413144,
              6.814082467483887
            ],
            [
              -75.29181201551562,
              6.823382791396962
            ],
            [
              -75.28831757737011,
              6.831382759923081
            ],
            [
              -75.27911616091006,
              6.838882956985511
            ],
            [
              -75.2670154594735,
              6.848682946769653
            ],
            [
              -75.25201547379001,
              6.860683069004171
            ],
            [
              -75.23471131552607,
              6.875083124929992
            ],
            [
              -75.2295154797751,
              6.880882928124266
            ],
            [
              -75.23011051547863,
              6.891783083811915
            ],
            [
              -75.2330097344232,
              6.898783157982267
            ],
            [
              -75.23651165118204,
              6.912083284894933
            ],
            [
              -75.23821299000141,
              6.922483717548965
            ],
            [
              -75.23421498539169,
              6.931683896111458
            ],
            [
              -75.22781368460863,
              6.934583532181791
            ]
          ]
        ]
      }
    },
    {
      "type": "Feature",
      "properties": {
        "AREA": 1317150822.98,
        "PERIMETER": 178275.152241,
        "WCOLGEN02_": 291,
        "WCOLGEN021": 340,
        "DPTO": "05",
        "NOMBRE_DPT": "ANTIOQUIA",
        "MPIO": "284",
        "NOMBRE_MPI": "FRONTINO",
        "NOMBRE_CAB": "FRONTINO",
        "CLASEMUN": "CM",
        "MPIOS": "05284",
        "ZONA": "ZONA02",
        "OF_REG": "DAMED",
        "REG_ZONAS": "DAMEDZONA02",
        "HECTARES": 131715.082
      },
      "geometry": {
        "type": "Polygon",
        "coordinates": [
          [
            [
              -76.24075016118971,
              6.914590477938304
            ],
            [
              -76.21934896353146,
              6.913890321197871
            ],
            [
              -76.21244412776142,
              6.912690534657281
            ],
            [
              -76.20384558034273,
              6.901090305545607
            ],
            [
              -76.1899443854812,
              6.894090147382926
            ],
            [
              -76.18134576075785,
              6.893489741223471
            ],
            [
              -76.1738458074048,
              6.892889819627722
            ],
            [
              -76.17034379264761,
              6.892889795036063
            ],
            [
              -76.16054737236533,
              6.883589850648671
            ],
            [
              -76.15244472435398,
              6.876089525106512
            ],
            [
              -76.13404209498104,
              6.85978898432698
            ],
            [
              -76.102844668893,
              6.822688451228496
            ],
            [
              -76.09593989027233,
              6.813388052056585
            ],
            [
              -76.08904284120938,
              6.789687940504257
            ],
            [
              -76.09244578567163,
              6.772987959758855
            ],
            [
              -76.09184311016111,
              6.763187396418936
            ],
            [
              -76.0832445780354,
              6.749287356871198
            ],
            [
              -76.07633977892893,
              6.742887119581795
            ],
            [
              -76.07404327094349,
              6.739987420159919
            ],
            [
              -76.07514197376145,
              6.735387321169575
            ],
            [
              -76.0884405244036,
              6.72788714545603
            ],
            [
              -76.10854469654615,
              6.725687128707074
            ],
            [
              -76.11034541175415,
              6.708887000487275
            ],
            [
              -76.12014204235436,
              6.68758695760621
            ],
            [
              -76.13964350718906,
              6.680186960549201
            ],
            [
              -76.15354475787143,
              6.679086977864187
            ],
            [
              -76.17484678463717,
              6.67738717669938
            ],
            [
              -76.18174408112942,
              6.665286849603931
            ],
            [
              -76.17714356333829,
              6.640486678966236
            ],
            [
              -76.1702464783352,
              6.621386200567605
            ],
            [
              -76.16554673150756,
              6.602886083181472
            ],
            [
              -76.15575029723658,
              6.595286090500574
            ],
            [
              -76.16325028139931,
              6.59128590338345
            ],
            [
              -76.17484738582766,
              6.588485958037434
            ],
            [
              -76.19614944698175,
              6.581685840117883
            ],
            [
              -76.26294722935849,
              6.568086242080571
            ],
            [
              -76.32354969507556,
              6.559686576413657
            ],
            [
              -76.34315028292534,
              6.56208665934413
            ],
            [
              -76.35465580334251,
              6.563786682386938
            ],
            [
              -76.37715555147173,
              6.582987404249921
            ],
            [
              -76.40195189490456,
              6.592287445145598
            ],
            [
              -76.43765876181656,
              6.586087767517149
            ],
            [
              -76.45616080004328,
              6.570587622214738
            ],
            [
              -76.47225950950269,
              6.552787645221615
            ],
            [
              -76.48725955918637,
              6.533187100300776
            ],
            [
              -76.48955619146757,
              6.517587186504572
            ],
            [
              -76.50335829153711,
              6.511887092862324
            ],
            [
              -76.52526291183833,
              6.533887358435162
            ],
            [
              -76.53736336671696,
              6.562888097496868
            ],
            [
              -76.54666375812654,
              6.588288651924224
            ],
            [
              -76.56446380373636,
              6.58258858517061
            ],
            [
              -76.57715938369,
              6.609788770730468
            ],
            [
              -76.57458035301902,
              6.640116947675277
            ],
            [
              -76.57376391430678,
              6.649689573720122
            ],
            [
              -76.5651574969101,
              6.672689581094144
            ],
            [
              -76.55935882620123,
              6.691189636227724
            ],
            [
              -76.5559636138667,
              6.692890036843046
            ],
            [
              -76.54265745567687,
              6.696289840077087
            ],
            [
              -76.52135539776134,
              6.701389535620391
            ],
            [
              -76.50695819390995,
              6.705389677047135
            ],
            [
              -76.49485752325684,
              6.708789488154515
            ],
            [
              -76.47805697147172,
              6.713389481985097
            ],
            [
              -76.45445837026811,
              6.720789453678954
            ],
            [
              -76.44065619822315,
              6.73688949973015
            ],
            [
              -76.43485751101274,
              6.757689845924976
            ],
            [
              -76.43955709290562,
              6.799890520550167
            ],
            [
              -76.43605486922598,
              6.829890624085641
            ],
            [
              -76.414752776481,
              6.840190771240258
            ],
            [
              -76.38705709855498,
              6.840090441580647
            ],
            [
              -76.34964896525483,
              6.824890321217488
            ],
            [
              -76.32424991426338,
              6.810890023269506
            ],
            [
              -76.29775208350321,
              6.812589786262011
            ],
            [
              -76.2792500640393,
              6.825189766922422
            ],
            [
              -76.26664566845038,
              6.852889987176766
            ],
            [
              -76.25565120804521,
              6.869589918954854
            ],
            [
              -76.25334692095149,
              6.887990335056712
            ],
            [
              -76.2470446735077,
              6.908790676092313
            ],
            [
              -76.24075016118971,
              6.914590477938304
            ]
          ]
        ]
      }
    },
    {
      "type": "Feature",
      "properties": {
        "AREA": 177761935.077,
        "PERIMETER": 56880.056382,
        "WCOLGEN02_": 292,
        "WCOLGEN021": 380,
        "DPTO": "05",
        "NOMBRE_DPT": "ANTIOQUIA",
        "MPIO": "658",
        "NOMBRE_MPI": "SAN JOSE DE LA MONTAÑA",
        "NOMBRE_CAB": "SAN JOSE DE LA MONTAÑA",
        "CLASEMUN": "CM",
        "MPIOS": "05658",
        "ZONA": "ZONA04",
        "OF_REG": "DAMED",
        "REG_ZONAS": "DAMEDZONA04",
        "HECTARES": 17776.194
      },
      "geometry": {
        "type": "Polygon",
        "coordinates": [
          [
            [
              -75.6359244392799,
              6.870385714262486
            ],
            [
              -75.64173062844553,
              6.867585732587981
            ],
            [
              -75.6492306959149,
              6.851385518743964
            ],
            [
              -75.64752932651537,
              6.845085456192125
            ],
            [
              -75.64402732208296,
              6.843885694487475
            ],
            [
              -75.6382288314293,
              6.836885597723992
            ],
            [
              -75.63762614105856,
              6.829385329083941
            ],
            [
              -75.62902762619937,
              6.813784871847722
            ],
            [
              -75.62552564556395,
              6.809184742605338
            ],
            [
              -75.62442704748628,
              6.798784788359697
            ],
            [
              -75.63362850707672,
              6.785484746578313
            ],
            [
              -75.63822923022343,
              6.779784596974661
            ],
            [
              -75.64342503119622,
              6.779184764528636
            ],
            [
              -75.65142854551326,
              6.778684611764758
            ],
            [
              -75.65892851082504,
              6.776984718408847
            ],
            [
              -75.66472709098502,
              6.771184916773326
            ],
            [
              -75.66872506774473,
              6.765984494323397
            ],
            [
              -75.67512641025785,
              6.75738467449041
            ],
            [
              -75.68262642000367,
              6.749284593713613
            ],
            [
              -75.68953130397136,
              6.74298459122748
            ],
            [
              -75.69642855414016,
              6.737284457177472
            ],
            [
              -75.70913195063174,
              6.734984730812923
            ],
            [
              -75.71602918915609,
              6.730984542075951
            ],
            [
              -75.71892845924891,
              6.73098456205296
            ],
            [
              -75.72462778216708,
              6.73558470620396
            ],
            [
              -75.73043389613802,
              6.743684879188361
            ],
            [
              -75.73392823122975,
              6.750684959417352
            ],
            [
              -75.73273031120029,
              6.759885161193053
            ],
            [
              -75.73163157247852,
              6.769685232303079
            ],
            [
              -75.73223425092574,
              6.778985106912299
            ],
            [
              -75.73273011058441,
              6.788785666114661
            ],
            [
              -75.7356293487302,
              6.793385314627906
            ],
            [
              -75.73852860218142,
              6.795785762875832
            ],
            [
              -75.74312927433185,
              6.797485740482402
            ],
            [
              -75.75062922018782,
              6.798685529873507
            ],
            [
              -75.75983059178483,
              6.798185862317851
            ],
            [
              -75.76272985435976,
              6.799285959513603
            ],
            [
              -75.76102841612227,
              6.802785976026173
            ],
            [
              -75.75812907334901,
              6.81318590388671
            ],
            [
              -75.75812900908238,
              6.822386114779021
            ],
            [
              -75.75753385515924,
              6.828185953368394
            ],
            [
              -75.76223358678408,
              6.847886282796038
            ],
            [
              -75.76163076721359,
              6.858786435584374
            ],
            [
              -75.75413081288346,
              6.858786382952553
            ],
            [
              -75.74203016685082,
              6.859886375102394
            ],
            [
              -75.72593149484534,
              6.873086233192007
            ],
            [
              -75.71432674025222,
              6.879386202779224
            ],
            [
              -75.70453017798665,
              6.890886636013211
            ],
            [
              -75.69532878205851,
              6.894886331136943
            ],
            [
              -75.68212948219625,
              6.893686500699332
            ],
            [
              -75.67282894121752,
              6.89198648938708
            ],
            [
              -75.65962965014837,
              6.889585968085846
            ],
            [
              -75.65152696634648,
              6.887786305088758
            ],
            [
              -75.64692630748716,
              6.88428624437685
            ],
            [
              -75.64232564440394,
              6.881386052305847
            ],
            [
              -75.6371298842721,
              6.876186041914252
            ],
            [
              -75.6359244392799,
              6.870385714262486
            ]
          ]
        ]
      }
    },
    {
      "type": "Feature",
      "properties": {
        "AREA": 387439495.813,
        "PERIMETER": 96485.388688,
        "WCOLGEN02_": 293,
        "WCOLGEN021": 343,
        "DPTO": "05",
        "NOMBRE_DPT": "ANTIOQUIA",
        "MPIO": "310",
        "NOMBRE_MPI": "GOMEZ PLATA",
        "NOMBRE_CAB": "GOMEZ PLATA",
        "CLASEMUN": "CM",
        "MPIOS": "05310",
        "ZONA": "ZONA04",
        "OF_REG": "DAMED",
        "REG_ZONAS": "DAMEDZONA04",
        "HECTARES": 38743.95
      },
      "geometry": {
        "type": "Polygon",
        "coordinates": [
          [
            [
              -75.24911672862252,
              6.786182073576016
            ],
            [
              -75.25141318189425,
              6.796582032085668
            ],
            [
              -75.2422118108911,
              6.797682044206359
            ],
            [
              -75.2335139845542,
              6.800582141551365
            ],
            [
              -75.2237098184462,
              6.809181933576252
            ],
            [
              -75.21911670971171,
              6.817282030751267
            ],
            [
              -75.21340965593176,
              6.827582272983989
            ],
            [
              -75.2059096326291,
              6.837982162745908
            ],
            [
              -75.20301028647165,
              6.848982430027759
            ],
            [
              -75.19781439449594,
              6.862782702406413
            ],
            [
              -75.19441149514513,
              6.873182621086175
            ],
            [
              -75.18920798525778,
              6.885282948699801
            ],
            [
              -75.18520999327328,
              6.892782704921583
            ],
            [
              -75.18291351285883,
              6.886382980578313
            ],
            [
              -75.17880885332866,
              6.873082373726884
            ],
            [
              -75.17941170214807,
              6.858082332507598
            ],
            [
              -75.18741532287457,
              6.841982267192785
            ],
            [
              -75.19031468088038,
              6.8292820554395
            ],
            [
              -75.18801061887255,
              6.815981939000205
            ],
            [
              -75.17301080900513,
              6.803181942031405
            ],
            [
              -75.15971238751817,
              6.793881506829597
            ],
            [
              -75.1499083678075,
              6.781681415345576
            ],
            [
              -75.13780780556645,
              6.771881257963275
            ],
            [
              -75.12401342893186,
              6.766581054346485
            ],
            [
              -75.12110653514223,
              6.765980689042018
            ],
            [
              -75.12341073442086,
              6.759680658424498
            ],
            [
              -75.1234108228424,
              6.74698090506679
            ],
            [
              -75.12691290191393,
              6.737180380132875
            ],
            [
              -75.12920950811039,
              6.725580719164959
            ],
            [
              -75.11651390873845,
              6.704780273958934
            ],
            [
              -75.11471337063001,
              6.696080265838651
            ],
            [
              -75.11881053797482,
              6.689779771070736
            ],
            [
              -75.12911064179089,
              6.679379902020393
            ],
            [
              -75.12911074081397,
              6.66497972850277
            ],
            [
              -75.1291108519542,
              6.64877947394943
            ],
            [
              -75.13371161994152,
              6.636079276591109
            ],
            [
              -75.15270955501266,
              6.621779370165803
            ],
            [
              -75.16141509206217,
              6.606779388260399
            ],
            [
              -75.16481040214725,
              6.589979289072662
            ],
            [
              -75.17461458114843,
              6.579079208176781
            ],
            [
              -75.18561662793978,
              6.566379054076135
            ],
            [
              -75.19361252010732,
              6.564178955875551
            ],
            [
              -75.20111251318787,
              6.557778823732657
            ],
            [
              -75.21051996234964,
              6.545064830131045
            ],
            [
              -75.22191860211933,
              6.554479212555909
            ],
            [
              -75.22481778899902,
              6.566579116085675
            ],
            [
              -75.22941838456417,
              6.579279376352635
            ],
            [
              -75.23461412422269,
              6.587379539052876
            ],
            [
              -75.24781333526838,
              6.600779863355295
            ],
            [
              -75.2651173283545,
              6.61007984519433
            ],
            [
              -75.27491374560071,
              6.61878038496472
            ],
            [
              -75.28881493279363,
              6.625180186530147
            ],
            [
              -75.29631480427919,
              6.636780392129517
            ],
            [
              -75.29741343084883,
              6.643180583597855
            ],
            [
              -75.29921396646114,
              6.652380800841599
            ],
            [
              -75.30091536374405,
              6.654680625310851
            ],
            [
              -75.30261673704511,
              6.660480952826255
            ],
            [
              -75.3009152883697,
              6.665680911981042
            ],
            [
              -75.29861874648884,
              6.667981185945493
            ],
            [
              -75.28941737527632,
              6.669080722369529
            ],
            [
              -75.28191740478186,
              6.671980828855356
            ],
            [
              -75.27901812845055,
              6.673080885305329
            ],
            [
              -75.27151815046122,
              6.677081068073353
            ],
            [
              -75.27151806310557,
              6.689780822427662
            ],
            [
              -75.27331857751702,
              6.701981334936463
            ],
            [
              -75.26981651082572,
              6.70998130267016
            ],
            [
              -75.26401788553092,
              6.722681494194421
            ],
            [
              -75.2583184733294,
              6.731381451997735
            ],
            [
              -75.25661700072993,
              6.7399817773408
            ],
            [
              -75.25311489692157,
              6.753281853136807
            ],
            [
              -75.25311481270975,
              6.765381739979605
            ],
            [
              -75.25141336351663,
              6.770581699253619
            ],
            [
              -75.25021544706298,
              6.779282165327515
            ],
            [
              -75.24911676075823,
              6.781581970683455
            ],
            [
              -75.24911672862252,
              6.786182073576016
            ]
          ]
        ]
      }
    },
    {
      "type": "Feature",
      "properties": {
        "AREA": 872371208.397,
        "PERIMETER": 151181.011238,
        "WCOLGEN02_": 298,
        "WCOLGEN021": 388,
        "DPTO": "05",
        "NOMBRE_DPT": "ANTIOQUIA",
        "MPIO": "686",
        "NOMBRE_MPI": "SANTA ROSA DE OSOS",
        "NOMBRE_CAB": "SANTA ROSA DE OSOS",
        "CLASEMUN": "CM",
        "MPIOS": "05686",
        "ZONA": "ZONA04",
        "OF_REG": "DAMED",
        "REG_ZONAS": "DAMEDZONA04",
        "HECTARES": 87237.121
      },
      "geometry": {
        "type": "Polygon",
        "coordinates": [
          [
            [
              -75.6065273613261,
              6.871485584266058
            ],
            [
              -75.60372730176273,
              6.867985536508997
            ],
            [
              -75.59622739374167,
              6.86158529628963
            ],
            [
              -75.59042888310971,
              6.857485359005887
            ],
            [
              -75.58122753274604,
              6.855185003509604
            ],
            [
              -75.56912693740196,
              6.849385076683149
            ],
            [
              -75.55582085709062,
              6.843485004531898
            ],
            [
              -75.55002232627228,
              6.842284749969555
            ],
            [
              -75.54312514878245,
              6.837684597033721
            ],
            [
              -75.53792175933823,
              6.83248458754772
            ],
            [
              -75.52872051523738,
              6.815084522085997
            ],
            [
              -75.52352480015732,
              6.803484326400278
            ],
            [
              -75.52122070390328,
              6.794883970301565
            ],
            [
              -75.5189242462948,
              6.784983740426628
            ],
            [
              -75.5143236239533,
              6.776283708434701
            ],
            [
              -75.51252304100653,
              6.773983882295857
            ],
            [
              -75.50212389981569,
              6.762383651415343
            ],
            [
              -75.49692048175896,
              6.761283538626491
            ],
            [
              -75.49002328487425,
              6.759483408654234
            ],
            [
              -75.47912050667651,
              6.759383196016415
            ],
            [
              -75.47162056221563,
              6.758283067336889
            ],
            [
              -75.46182408436293,
              6.75818333921673
            ],
            [
              -75.455422802875,
              6.758183294815161
            ],
            [
              -75.44512277136558,
              6.757582878122903
            ],
            [
              -75.43641732207763,
              6.7592832395866
            ],
            [
              -75.43071794964324,
              6.762083221654919
            ],
            [
              -75.42781866441572,
              6.764383014922341
            ],
            [
              -75.41861727929128,
              6.767283109627388
            ],
            [
              -75.4151228969345,
              6.767283085346349
            ],
            [
              -75.40361735659039,
              6.770083026956566
            ],
            [
              -75.39721607130488,
              6.770682850828003
            ],
            [
              -75.39611743360183,
              6.765982602669117
            ],
            [
              -75.3955223482791,
              6.761982840263339
            ],
            [
              -75.39552242053125,
              6.751582419784141
            ],
            [
              -75.40412109032538,
              6.744682562652131
            ],
            [
              -75.40241973323876,
              6.736582420614892
            ],
            [
              -75.39431707148856,
              6.731882601056385
            ],
            [
              -75.3828192483468,
              6.722081969876747
            ],
            [
              -75.37531933362645,
              6.716782286421832
            ],
            [
              -75.36382147469807,
              6.71218210398517
            ],
            [
              -75.3488216330971,
              6.70338186570106
            ],
            [
              -75.3401162399329,
              6.697081758077839
            ],
            [
              -75.32281988411941,
              6.686581559879334
            ],
            [
              -75.31591509035593,
              6.680181328039857
            ],
            [
              -75.3136185758962,
              6.678481367614141
            ],
            [
              -75.30441725260371,
              6.672580851457885
            ],
            [
              -75.3009152684765,
              6.66858106994257
            ],
            [
              -75.3009152883697,
              6.665680911981042
            ],
            [
              -75.30261673704511,
              6.660480952826255
            ],
            [
              -75.30091536374405,
              6.654680625310851
            ],
            [
              -75.29921396646114,
              6.652380800841599
            ],
            [
              -75.29741343084883,
              6.643180583597855
            ],
            [
              -75.29631480427919,
              6.636780392129517
            ],
            [
              -75.28881493279363,
              6.625180186530147
            ],
            [
              -75.27491374560071,
              6.61878038496472
            ],
            [
              -75.2651173283545,
              6.61007984519433
            ],
            [
              -75.24781333526838,
              6.600779863355295
            ],
            [
              -75.23461412422269,
              6.587379539052876
            ],
            [
              -75.22941838456417,
              6.579279376352635
            ],
            [
              -75.22481778899902,
              6.566579116085675
            ],
            [
              -75.22191860211933,
              6.554479212555909
            ],
            [
              -75.21051996234964,
              6.545064830131045
            ],
            [
              -75.21841664211397,
              6.546878792977967
            ],
            [
              -75.231715097664,
              6.551579121213351
            ],
            [
              -75.24431926293369,
              6.55507923176522
            ],
            [
              -75.25761774985094,
              6.555179458410733
            ],
            [
              -75.26741422619766,
              6.555179524461827
            ],
            [
              -75.28301691226415,
              6.548879583333156
            ],
            [
              -75.30141968519027,
              6.542079452822796
            ],
            [
              -75.31121616937028,
              6.540979442486851
            ],
            [
              -75.32452229088256,
              6.540479800748296
            ],
            [
              -75.33602018903787,
              6.539279664812361
            ],
            [
              -75.34921950714201,
              6.537079600988911
            ],
            [
              -75.36141931773555,
              6.538279896202398
            ],
            [
              -75.37812064059932,
              6.537179932100257
            ],
            [
              -75.39022130095921,
              6.533179779228971
            ],
            [
              -75.40461857286964,
              6.516479887713297
            ],
            [
              -75.41031800651707,
              6.504379563375005
            ],
            [
              -75.41211863596091,
              6.49977994994185
            ],
            [
              -75.42192278952257,
              6.492879623480222
            ],
            [
              -75.42932356291004,
              6.491779596522182
            ],
            [
              -75.44032550323246,
              6.495279695938443
            ],
            [
              -75.44842054076088,
              6.499380121124521
            ],
            [
              -75.45532532930885,
              6.506879950789179
            ],
            [
              -75.46161977946268,
              6.50928041952792
            ],
            [
              -75.46802106088123,
              6.509280462299092
            ],
            [
              -75.47262165052163,
              6.523180461156559
            ],
            [
              -75.48132704530576,
              6.529580703855768
            ],
            [
              -75.49112348902823,
              6.534780740606846
            ],
            [
              -75.50032479210576,
              6.544080668257983
            ],
            [
              -75.51122749310017,
              6.555680897540326
            ],
            [
              -75.51532456812343,
              6.563181186432062
            ],
            [
              -75.517628677881,
              6.570081118189951
            ],
            [
              -75.51932238739104,
              6.581081417759952
            ],
            [
              -75.51882642052558,
              6.586881731122844
            ],
            [
              -75.51592703394985,
              6.604181571132861
            ],
            [
              -75.51592701021893,
              6.607681597892858
            ],
            [
              -75.5205276537416,
              6.613481945960847
            ],
            [
              -75.53552747980223,
              6.62508220492115
            ],
            [
              -75.54132596377492,
              6.633182374778542
            ],
            [
              -75.5447287239143,
              6.642982473472639
            ],
            [
              -75.55222864856076,
              6.647082419991737
            ],
            [
              -75.55862225730597,
              6.653482649320736
            ],
            [
              -75.56662571614996,
              6.660982489573462
            ],
            [
              -75.57642982465643,
              6.661082693545275
            ],
            [
              -75.5828234020073,
              6.672083027118199
            ],
            [
              -75.59032334670634,
              6.67328281528212
            ],
            [
              -75.59722814669493,
              6.679083180246559
            ],
            [
              -75.6041253129322,
              6.685483413722553
            ],
            [
              -75.61222797327025,
              6.690683441834179
            ],
            [
              -75.61682859345167,
              6.699883681766583
            ],
            [
              -75.62092564723997,
              6.710383792389391
            ],
            [
              -75.62722763676273,
              6.725983754236089
            ],
            [
              -75.63072955769042,
              6.739283883377746
            ],
            [
              -75.63243090351492,
              6.74908444947826
            ],
            [
              -75.63472728621436,
              6.76988435776815
            ],
            [
              -75.63822923022343,
              6.779784596974661
            ],
            [
              -75.63362850707672,
              6.785484746578313
            ],
            [
              -75.62442704748628,
              6.798784788359697
            ],
            [
              -75.62552564556395,
              6.809184742605338
            ],
            [
              -75.62902762619937,
              6.813784871847722
            ],
            [
              -75.63762614105856,
              6.829385329083941
            ],
            [
              -75.6382288314293,
              6.836885597723992
            ],
            [
              -75.64402732208296,
              6.843885694487475
            ],
            [
              -75.64752932651537,
              6.845085456192125
            ],
            [
              -75.6492306959149,
              6.851385518743964
            ],
            [
              -75.64173062844553,
              6.867585732587981
            ],
            [
              -75.6359244392799,
              6.870385714262486
            ],
            [
              -75.62962997180011,
              6.870385669959239
            ],
            [
              -75.62332787470356,
              6.870385625599437
            ],
            [
              -75.61352375290706,
              6.872085502102366
            ],
            [
              -75.6065273613261,
              6.871485584266058
            ]
          ]
        ]
      }
    },
    {
      "type": "Feature",
      "properties": {
        "AREA": 1775409553.5,
        "PERIMETER": 313036.280961,
        "WCOLGEN02_": 301,
        "WCOLGEN021": 406,
        "DPTO": "05",
        "NOMBRE_DPT": "ANTIOQUIA",
        "MPIO": "873",
        "NOMBRE_MPI": "VIGIA DEL FUERTE",
        "NOMBRE_CAB": "VIGIA DEL FUERTE",
        "CLASEMUN": "CM",
        "MPIOS": "05873",
        "ZONA": "ZONA07",
        "OF_REG": "DAMED",
        "REG_ZONAS": "DAMEDZONA07",
        "HECTARES": 177540.955
      },
      "geometry": {
        "type": "Polygon",
        "coordinates": [
          [
            [
              -76.89997666592689,
              6.832805442755474
            ],
            [
              -76.90229612656611,
              6.826767664298749
            ],
            [
              -76.90369235570387,
              6.826767673934794
            ],
            [
              -76.91204691853036,
              6.815621510925701
            ],
            [
              -76.90694274463468,
              6.804939701000392
            ],
            [
              -76.91437414299868,
              6.790077489109088
            ],
            [
              -76.91808983891826,
              6.783111305722521
            ],
            [
              -76.9143742227204,
              6.778466823136111
            ],
            [
              -76.90415809164377,
              6.779395644541454
            ],
            [
              -76.9004424882241,
              6.772893379243891
            ],
            [
              -76.89904632590908,
              6.763140486876861
            ],
            [
              -76.89347671642527,
              6.756173763427344
            ],
            [
              -76.88558004254867,
              6.751529252636856
            ],
            [
              -76.87210616759833,
              6.734345147590026
            ],
            [
              -76.86885598004302,
              6.726913994807026
            ],
            [
              -76.86746742172903,
              6.72087666860417
            ],
            [
              -76.86142473173632,
              6.719947736213444
            ],
            [
              -76.86560583980899,
              6.712516634121616
            ],
            [
              -76.86235567417602,
              6.701834838925778
            ],
            [
              -76.86653678210725,
              6.694403736890903
            ],
            [
              -76.86792540983097,
              6.690223735475641
            ],
            [
              -76.8688563266088,
              6.675826403706143
            ],
            [
              -76.85724405806153,
              6.663286293273852
            ],
            [
              -76.83681185395993,
              6.656784393755803
            ],
            [
              -76.82519950427049,
              6.656319869929805
            ],
            [
              -76.76946485617052,
              6.646566137219115
            ],
            [
              -76.73463544896222,
              6.643779229413087
            ],
            [
              -76.72070364449786,
              6.648888036759711
            ],
            [
              -76.71001442936182,
              6.656783539164349
            ],
            [
              -76.7039793292123,
              6.661892399550823
            ],
            [
              -76.68772819139691,
              6.654461161118077
            ],
            [
              -76.68401258495656,
              6.648423344033911
            ],
            [
              -76.66868458996827,
              6.647958795216428
            ],
            [
              -76.65707222660743,
              6.649816499068941
            ],
            [
              -76.6408134191391,
              6.648423052898748
            ],
            [
              -76.63106272261055,
              6.646100759598187
            ],
            [
              -76.62966647821426,
              6.648422977753665
            ],
            [
              -76.63013185017705,
              6.653996327073153
            ],
            [
              -76.62176972459622,
              6.655854052701007
            ],
            [
              -76.61713091642446,
              6.651674011796428
            ],
            [
              -76.6194503628271,
              6.647494017858564
            ],
            [
              -76.61341530713202,
              6.646100640656254
            ],
            [
              -76.59437166328726,
              6.646100512278847
            ],
            [
              -76.57458035301902,
              6.640116947675277
            ],
            [
              -76.57715938369,
              6.609788770730468
            ],
            [
              -76.56446380373636,
              6.58258858517061
            ],
            [
              -76.56446402303567,
              6.549687823113008
            ],
            [
              -76.56566211376516,
              6.514487731487696
            ],
            [
              -76.5598635957643,
              6.510387317254557
            ],
            [
              -76.54825900203494,
              6.491287280965609
            ],
            [
              -76.55056325548586,
              6.476887104622473
            ],
            [
              -76.53446480072462,
              6.455986479793509
            ],
            [
              -76.53096286793519,
              6.443286689313505
            ],
            [
              -76.52695733993498,
              6.436286126768282
            ],
            [
              -76.52115887081452,
              6.424685922336697
            ],
            [
              -76.52695752051716,
              6.40858582370103
            ],
            [
              -76.534465129051,
              6.405686188577777
            ],
            [
              -76.54706178677442,
              6.393085686822018
            ],
            [
              -76.54416254801814,
              6.387885692103406
            ],
            [
              -76.5309632442503,
              6.385485654348622
            ],
            [
              -76.51246137262616,
              6.375585314751964
            ],
            [
              -76.49926229251395,
              6.338585055246932
            ],
            [
              -76.49515761491224,
              6.32588478645699
            ],
            [
              -76.49576040329138,
              6.318884731904086
            ],
            [
              -76.50435913009225,
              6.303984390283165
            ],
            [
              -76.513560582309,
              6.291884552649022
            ],
            [
              -76.52685920105655,
              6.273984420260684
            ],
            [
              -76.54006624524285,
              6.258983970666979
            ],
            [
              -76.54645996548102,
              6.249284066762353
            ],
            [
              -76.55166345864451,
              6.239484018215208
            ],
            [
              -76.54816149076464,
              6.231884069119477
            ],
            [
              -76.53435943942868,
              6.230083898748399
            ],
            [
              -76.51586511514593,
              6.23298346513576
            ],
            [
              -76.50265812681023,
              6.239283433595722
            ],
            [
              -76.47725898390892,
              6.237983398143026
            ],
            [
              -76.45646055794658,
              6.232083285961312
            ],
            [
              -76.44496272445244,
              6.221082918624067
            ],
            [
              -76.43515870211478,
              6.205982665107411
            ],
            [
              -76.43055806606822,
              6.197882501902485
            ],
            [
              -76.41265903915169,
              6.171882041760623
            ],
            [
              -76.43165690776358,
              6.170782560743998
            ],
            [
              -76.45356168545185,
              6.168582543965663
            ],
            [
              -76.47956360056739,
              6.165182815411922
            ],
            [
              -76.4996601451892,
              6.163582655696954
            ],
            [
              -76.51176079227193,
              6.163582731451698
            ],
            [
              -76.5383654304907,
              6.163683035036397
            ],
            [
              -76.56076613495325,
              6.162082889533155
            ],
            [
              -76.57806262740391,
              6.155183076960733
            ],
            [
              -76.60226393361093,
              6.153583419241906
            ],
            [
              -76.62366513593122,
              6.154783290333691
            ],
            [
              -76.64496712375244,
              6.160683404330573
            ],
            [
              -76.66806975295692,
              6.160183816968317
            ],
            [
              -76.70026692896093,
              6.16208376149545
            ],
            [
              -76.71322970653746,
              6.165959624339516
            ],
            [
              -76.7202412856182,
              6.179344658217824
            ],
            [
              -76.71744878729903,
              6.185846875354277
            ],
            [
              -76.71419850609608,
              6.192813058114639
            ],
            [
              -76.71931035586073,
              6.196993098229139
            ],
            [
              -76.71884489377707,
              6.205353111422709
            ],
            [
              -76.71744862993609,
              6.210926446752421
            ],
            [
              -76.72395668801302,
              6.218357136448865
            ],
            [
              -76.72442199516408,
              6.234612249947697
            ],
            [
              -76.72767222397049,
              6.236005606561777
            ],
            [
              -76.73510350083878,
              6.238792325705006
            ],
            [
              -76.74067314222347,
              6.241114587753124
            ],
            [
              -76.75413944969584,
              6.249474689690014
            ],
            [
              -76.75507022485846,
              6.25644089946369
            ],
            [
              -76.75181992535359,
              6.266194231931567
            ],
            [
              -76.74856962576001,
              6.275947087589853
            ],
            [
              -76.75460464429432,
              6.28337825226502
            ],
            [
              -76.764362984173,
              6.283842759771301
            ],
            [
              -76.77689852852973,
              6.283378394141734
            ],
            [
              -76.78339895092284,
              6.29173845291134
            ],
            [
              -76.78247566954536,
              6.306135778099508
            ],
            [
              -76.78944150143404,
              6.31449584023542
            ],
            [
              -76.78851061383988,
              6.325177602317638
            ],
            [
              -76.78201012928746,
              6.326570896971613
            ],
            [
              -76.77829445507724,
              6.330750882027357
            ],
            [
              -76.79129532742071,
              6.343058292657362
            ],
            [
              -76.78851044254348,
              6.351882738183734
            ],
            [
              -76.7792251163311,
              6.355366019272874
            ],
            [
              -76.77318238784063,
              6.360474403386243
            ],
            [
              -76.77179374372268,
              6.367441076084484
            ],
            [
              -76.77875961996448,
              6.368834457345148
            ],
            [
              -76.78665628858086,
              6.374407853712285
            ],
            [
              -76.78432919840142,
              6.380909598223473
            ],
            [
              -76.77736331313291,
              6.380909553215224
            ],
            [
              -76.76900121100772,
              6.379051717384213
            ],
            [
              -76.76575092822401,
              6.386018378120928
            ],
            [
              -76.76946651252793,
              6.395771756700141
            ],
            [
              -76.78757927393913,
              6.405989197458451
            ],
            [
              -76.7954759303785,
              6.413420376289984
            ],
            [
              -76.79501046643063,
              6.421779915056349
            ],
            [
              -76.78619056309745,
              6.423173194144765
            ],
            [
              -76.77318200630613,
              6.419457545769042
            ],
            [
              -76.76482749468434,
              6.423637500662958
            ],
            [
              -76.76343119624741,
              6.434319737395257
            ],
            [
              -76.76946622282034,
              6.440357091079052
            ],
            [
              -76.77550894266552,
              6.436642043487567
            ],
            [
              -76.78711368925526,
              6.432926555247093
            ],
            [
              -76.79501037576507,
              6.435713279603634
            ],
            [
              -76.79640655324931,
              6.443608385201281
            ],
            [
              -76.78804436008424,
              6.455683913434574
            ],
            [
              -76.78200922416575,
              6.466365643514856
            ],
            [
              -76.78247458513034,
              6.473796774545566
            ],
            [
              -76.77875894374114,
              6.472867859192302
            ],
            [
              -76.7750433479939,
              6.464972261425305
            ],
            [
              -76.7680774445036,
              6.467758888764862
            ],
            [
              -76.76854277802663,
              6.479370029166366
            ],
            [
              -76.78711329420284,
              6.493303039428746
            ],
            [
              -76.80383742821606,
              6.507700483755235
            ],
            [
              -76.81451908658711,
              6.48865876432989
            ],
            [
              -76.82148498131968,
              6.487265473498984
            ],
            [
              -76.81963073993997,
              6.522562368160125
            ],
            [
              -76.82520037204124,
              6.526277969287449
            ],
            [
              -76.8372781834745,
              6.518847397095851
            ],
            [
              -76.8423824121531,
              6.52163362722784
            ],
            [
              -76.84981348483288,
              6.555305502772644
            ],
            [
              -76.86514138697729,
              6.570167386214188
            ],
            [
              -76.87675375254321,
              6.568309681021247
            ],
            [
              -76.88325428134212,
              6.560414625990064
            ],
            [
              -76.886969929236,
              6.560414650642482
            ],
            [
              -76.89579737704693,
              6.572025372323421
            ],
            [
              -76.89904751947127,
              6.586422730871787
            ],
            [
              -76.89161610273311,
              6.604535583347106
            ],
            [
              -76.88093454386312,
              6.608251076891183
            ],
            [
              -76.86375254295996,
              6.606857625239457
            ],
            [
              -76.85910598561591,
              6.620326516706349
            ],
            [
              -76.87164146936047,
              6.629150590499377
            ],
            [
              -76.88278841923838,
              6.628221773989162
            ],
            [
              -76.9060131450052,
              6.625435255854201
            ],
            [
              -76.91204813399362,
              6.63704643721575
            ],
            [
              -76.90694381474611,
              6.647728175852071
            ],
            [
              -76.89486594192745,
              6.663983692117282
            ],
            [
              -76.90601283573649,
              6.671414420816679
            ],
            [
              -76.91576359765763,
              6.664448278571212
            ],
            [
              -76.91994476174915,
              6.648657154524868
            ],
            [
              -76.92459124172981,
              6.646799403148199
            ],
            [
              -76.93388416115714,
              6.649121693861584
            ],
            [
              -76.9385229365346,
              6.658410638250218
            ],
            [
              -76.93713416467253,
              6.683954663828458
            ],
            [
              -76.94130757716147,
              6.686276443562959
            ],
            [
              -76.94270381889874,
              6.684419147129542
            ],
            [
              -76.94410008574296,
              6.678845808439987
            ],
            [
              -76.94735035239492,
              6.674665819294085
            ],
            [
              -76.95710107086924,
              6.674201439382137
            ],
            [
              -76.9631437614782,
              6.675130371497773
            ],
            [
              -76.96546313658271,
              6.681632626733825
            ],
            [
              -76.9640668759847,
              6.686276597336755
            ],
            [
              -76.94688479192253,
              6.696958731956978
            ],
            [
              -76.93480692410229,
              6.712284880927947
            ],
            [
              -76.9366685156691,
              6.719251578905062
            ],
            [
              -76.943168967241,
              6.722967188611204
            ],
            [
              -76.9571007247147,
              6.725289511775503
            ],
            [
              -76.96546274893899,
              6.738758017377926
            ],
            [
              -76.96685892431425,
              6.746653604073176
            ],
            [
              -76.96221236776947,
              6.759657575715059
            ],
            [
              -76.9645317073427,
              6.771268257886076
            ],
            [
              -76.96314303775473,
              6.781486054481881
            ],
            [
              -76.95896191601287,
              6.790774463678905
            ],
            [
              -76.95942730979505,
              6.793096695559265
            ],
            [
              -76.96592777404571,
              6.794954523139229
            ],
            [
              -76.97335906421199,
              6.795883465642985
            ],
            [
              -76.97335899711905,
              6.805636826355451
            ],
            [
              -76.97242814244913,
              6.810745246377568
            ],
            [
              -76.96639305271621,
              6.813996325107823
            ],
            [
              -76.9519958662872,
              6.814460671735667
            ],
            [
              -76.93898730200061,
              6.811673907730391
            ],
            [
              -76.9338830543297,
              6.811673872593679
            ],
            [
              -76.93202140581919,
              6.813067196981653
            ],
            [
              -76.93016734531983,
              6.820498315988821
            ],
            [
              -76.92505536531864,
              6.835360067550353
            ],
            [
              -76.91530457781914,
              6.845810029344112
            ],
            [
              -76.89997666592689,
              6.832805442755474
            ]
          ]
        ]
      }
    },
    {
      "type": "Feature",
      "properties": {
        "AREA": 171001761.318,
        "PERIMETER": 53125.60011,
        "WCOLGEN02_": 303,
        "WCOLGEN021": 325,
        "DPTO": "05",
        "NOMBRE_DPT": "ANTIOQUIA",
        "MPIO": "150",
        "NOMBRE_MPI": "CAROLINA",
        "NOMBRE_CAB": "CAROLINA",
        "CLASEMUN": "CM",
        "MPIOS": "05150",
        "ZONA": "ZONA04",
        "OF_REG": "DAMED",
        "REG_ZONAS": "DAMEDZONA04",
        "HECTARES": 17100.176
      },
      "geometry": {
        "type": "Polygon",
        "coordinates": [
          [
            [
              -75.24911672862252,
              6.786182073576016
            ],
            [
              -75.24911676075823,
              6.781581970683455
            ],
            [
              -75.25021544706298,
              6.779282165327515
            ],
            [
              -75.25141336351663,
              6.770581699253619
            ],
            [
              -75.25311481270975,
              6.765381739979605
            ],
            [
              -75.25311489692157,
              6.753281853136807
            ],
            [
              -75.25661700072993,
              6.7399817773408
            ],
            [
              -75.2583184733294,
              6.731381451997735
            ],
            [
              -75.26401788553092,
              6.722681494194421
            ],
            [
              -75.26981651082572,
              6.70998130267016
            ],
            [
              -75.27331857751702,
              6.701981334936463
            ],
            [
              -75.27151806310557,
              6.689780822427662
            ],
            [
              -75.27151815046122,
              6.677081068073353
            ],
            [
              -75.27901812845055,
              6.673080885305329
            ],
            [
              -75.28191740478186,
              6.671980828855356
            ],
            [
              -75.28941737527632,
              6.669080722369529
            ],
            [
              -75.29861874648884,
              6.667981185945493
            ],
            [
              -75.3009152883697,
              6.665680911981042
            ],
            [
              -75.3009152684765,
              6.66858106994257
            ],
            [
              -75.30441725260371,
              6.672580851457885
            ],
            [
              -75.3136185758962,
              6.678481367614141
            ],
            [
              -75.31591509035593,
              6.680181328039857
            ],
            [
              -75.32281988411941,
              6.686581559879334
            ],
            [
              -75.3401162399329,
              6.697081758077839
            ],
            [
              -75.3488216330971,
              6.70338186570106
            ],
            [
              -75.36382147469807,
              6.71218210398517
            ],
            [
              -75.37531933362645,
              6.716782286421832
            ],
            [
              -75.3828192483468,
              6.722081969876747
            ],
            [
              -75.39431707148856,
              6.731882601056385
            ],
            [
              -75.40241973323876,
              6.736582420614892
            ],
            [
              -75.40412109032538,
              6.744682562652131
            ],
            [
              -75.39552242053125,
              6.751582419784141
            ],
            [
              -75.3955223482791,
              6.761982840263339
            ],
            [
              -75.39611743360183,
              6.765982602669117
            ],
            [
              -75.39721607130488,
              6.770682850828003
            ],
            [
              -75.39611736537204,
              6.775783154931593
            ],
            [
              -75.38922013230307,
              6.779283133869328
            ],
            [
              -75.37821815715114,
              6.780983002208532
            ],
            [
              -75.37071818977695,
              6.783282763273713
            ],
            [
              -75.36151679394337,
              6.787782665574818
            ],
            [
              -75.34481544633232,
              6.792382652472122
            ],
            [
              -75.3338134639539,
              6.79518259711895
            ],
            [
              -75.31771485951396,
              6.799782587975123
            ],
            [
              -75.31021488483671,
              6.803182902135985
            ],
            [
              -75.2987169465041,
              6.810082738161016
            ],
            [
              -75.29461216413144,
              6.814082467483887
            ],
            [
              -75.29061422919817,
              6.813482571138566
            ],
            [
              -75.28661630199638,
              6.811782598286875
            ],
            [
              -75.27971147704865,
              6.809982468094537
            ],
            [
              -75.27161646595458,
              6.802482626850711
            ],
            [
              -75.25831806332613,
              6.790282032605004
            ],
            [
              -75.24911672862252,
              6.786182073576016
            ]
          ]
        ]
      }
    },
    {
      "type": "Feature",
      "properties": {
        "AREA": 896719101.539,
        "PERIMETER": 218508.72626,
        "WCOLGEN02_": 304,
        "WCOLGEN021": 409,
        "DPTO": "05",
        "NOMBRE_DPT": "ANTIOQUIA",
        "MPIO": "890",
        "NOMBRE_MPI": "YOLOMBO",
        "NOMBRE_CAB": "YOLOMBO",
        "CLASEMUN": "CM",
        "MPIOS": "05890",
        "ZONA": "ZONA05",
        "OF_REG": "DAMED",
        "REG_ZONAS": "DAMEDZONA05",
        "HECTARES": 89671.91
      },
      "geometry": {
        "type": "Polygon",
        "coordinates": [
          [
            [
              -75.12110653514223,
              6.765980689042018
            ],
            [
              -75.11651350817291,
              6.762480631127309
            ],
            [
              -75.11301148121015,
              6.764780896234577
            ],
            [
              -75.11131006013208,
              6.765980620776966
            ],
            [
              -75.10150595207747,
              6.766480760507968
            ],
            [
              -75.08540739626905,
              6.764680566903555
            ],
            [
              -75.07271169389536,
              6.758880640119994
            ],
            [
              -75.06230487153684,
              6.755380541953002
            ],
            [
              -75.05020419034207,
              6.762780580070618
            ],
            [
              -75.05140959449254,
              6.774380741743456
            ],
            [
              -75.05140952174307,
              6.78478068196465
            ],
            [
              -75.05250811890332,
              6.795180629993008
            ],
            [
              -75.04851009584344,
              6.807280963677049
            ],
            [
              -75.03870596799547,
              6.810680783710978
            ],
            [
              -75.01560342020686,
              6.80488078328233
            ],
            [
              -74.99260774561736,
              6.790880519589042
            ],
            [
              -74.98330726026356,
              6.782179982317762
            ],
            [
              -74.97410595201211,
              6.774680135903155
            ],
            [
              -74.96890258228467,
              6.767079703779798
            ],
            [
              -74.96780396892535,
              6.758979569274223
            ],
            [
              -74.96720125011966,
              6.755579676689046
            ],
            [
              -74.9747089004513,
              6.745179789915662
            ],
            [
              -74.9874047101654,
              6.735379807228774
            ],
            [
              -74.99140269181413,
              6.729079789379727
            ],
            [
              -74.99200547462762,
              6.723279479116603
            ],
            [
              -74.98910627882672,
              6.712879520129235
            ],
            [
              -74.98390293621254,
              6.701279332386653
            ],
            [
              -74.98330789106771,
              6.691479257762285
            ],
            [
              -74.98100381542636,
              6.679978750551
            ],
            [
              -74.96710266134225,
              6.669478579636944
            ],
            [
              -74.95620754214349,
              6.665978479697823
            ],
            [
              -74.93890353188067,
              6.660078386835659
            ],
            [
              -74.93600437883102,
              6.643378384586927
            ],
            [
              -74.9366072124717,
              6.630078294492665
            ],
            [
              -74.93140381791868,
              6.625977889303946
            ],
            [
              -74.91700668061657,
              6.623677978998901
            ],
            [
              -74.9049060693692,
              6.621277947504761
            ],
            [
              -74.8915999610151,
              6.620677511744615
            ],
            [
              -74.88290216234748,
              6.620077584328723
            ],
            [
              -74.87260212191056,
              6.621677320770704
            ],
            [
              -74.85640436793697,
              6.622277554811941
            ],
            [
              -74.84840086032628,
              6.622777231084322
            ],
            [
              -74.83630020202838,
              6.627377248493674
            ],
            [
              -74.82470313303033,
              6.627277032166919
            ],
            [
              -74.80919967465947,
              6.628377001781579
            ],
            [
              -74.80050181708418,
              6.636477066551747
            ],
            [
              -74.79300180712782,
              6.645677215225799
            ],
            [
              -74.77749836571651,
              6.644377235986529
            ],
            [
              -74.758401362578,
              6.642577024283574
            ],
            [
              -74.75149648898972,
              6.648376812551366
            ],
            [
              -74.74119642578405,
              6.653477049423868
            ],
            [
              -74.73019446994748,
              6.653476973741775
            ],
            [
              -74.71699512743864,
              6.660376794164917
            ],
            [
              -74.68929949819969,
              6.660276466463593
            ],
            [
              -74.68119681475048,
              6.659576405848632
            ],
            [
              -74.66679201231248,
              6.66297667044163
            ],
            [
              -74.65069340781329,
              6.66927660243365
            ],
            [
              -74.64089694592707,
              6.668076322287171
            ],
            [
              -74.62879628161338,
              6.673876550727051
            ],
            [
              -74.6154900697861,
              6.688776355787811
            ],
            [
              -74.60049018741886,
              6.687576516259008
            ],
            [
              -74.58899229002249,
              6.689876247888296
            ],
            [
              -74.57289373097585,
              6.68977599945717
            ],
            [
              -74.55789384927553,
              6.688576159920975
            ],
            [
              -74.540589813859,
              6.687375827604757
            ],
            [
              -74.52269068278753,
              6.683776020050779
            ],
            [
              -74.51809001294872,
              6.682575775787999
            ],
            [
              -74.5255900572801,
              6.668175663081437
            ],
            [
              -74.53128945256263,
              6.661275792485314
            ],
            [
              -74.53999492531696,
              6.654975810353895
            ],
            [
              -74.54519075203918,
              6.649775402618173
            ],
            [
              -74.55319431296097,
              6.641175604491213
            ],
            [
              -74.5629908255638,
              6.634875629653999
            ],
            [
              -74.57459555337012,
              6.630275610414229
            ],
            [
              -74.57279497198813,
              6.62797531015437
            ],
            [
              -74.58029491293013,
              6.628575706257152
            ],
            [
              -74.58719211164826,
              6.629175621386177
            ],
            [
              -74.60049057790555,
              6.630975792898447
            ],
            [
              -74.60859325724198,
              6.632176060971916
            ],
            [
              -74.6200911306476,
              6.63337587553213
            ],
            [
              -74.63679242931128,
              6.633975858018441
            ],
            [
              -74.64369728967247,
              6.62997615079012
            ],
            [
              -74.64779445887797,
              6.623075791537075
            ],
            [
              -74.6546917450875,
              6.610975961200356
            ],
            [
              -74.66449586417185,
              6.60817600928987
            ],
            [
              -74.67309451507197,
              6.60297610093598
            ],
            [
              -74.68579793338169,
              6.595475932442335
            ],
            [
              -74.69329792637744,
              6.588576073015217
            ],
            [
              -74.70769514620152,
              6.578275896790517
            ],
            [
              -74.71289858324093,
              6.575976120929575
            ],
            [
              -74.72839444905644,
              6.569175975679594
            ],
            [
              -74.73999914718844,
              6.569176054502375
            ],
            [
              -74.74749908129316,
              6.570976185836972
            ],
            [
              -74.75319841046414,
              6.573876380597643
            ],
            [
              -74.7635975928323,
              6.578476074023836
            ],
            [
              -74.77450036285452,
              6.578576285084208
            ],
            [
              -74.78319817210495,
              6.577476268547995
            ],
            [
              -74.78840162177163,
              6.573376411998646
            ],
            [
              -74.79700024567659,
              6.572276394724447
            ],
            [
              -74.80569803949074,
              6.573476666412387
            ],
            [
              -74.81660080998871,
              6.573576400547172
            ],
            [
              -74.82640491153543,
              6.573576467126721
            ],
            [
              -74.83970339272318,
              6.573676694358881
            ],
            [
              -74.85120127707903,
              6.573676772423569
            ],
            [
              -74.8551992537096,
              6.567876963720498
            ],
            [
              -74.86220332039483,
              6.56097662278918
            ],
            [
              -74.86620132000331,
              6.551776449894468
            ],
            [
              -74.87430409157328,
              6.539676625273695
            ],
            [
              -74.8754027998589,
              6.533976457022766
            ],
            [
              -74.87370143480649,
              6.526976397180824
            ],
            [
              -74.86269956712322,
              6.513676231429812
            ],
            [
              -74.85580242489554,
              6.504375848677376
            ],
            [
              -74.86620162347025,
              6.506776343753859
            ],
            [
              -74.88520708511518,
              6.506776471445639
            ],
            [
              -74.90130564919839,
              6.506876239677525
            ],
            [
              -74.91630553966847,
              6.507576345275567
            ],
            [
              -74.92900890583968,
              6.508176775363412
            ],
            [
              -74.93940811730303,
              6.508776713138313
            ],
            [
              -74.94860946948428,
              6.50997698765422
            ],
            [
              -74.96130518291446,
              6.514076965303828
            ],
            [
              -74.96940784993036,
              6.517577044227705
            ],
            [
              -74.980905704171,
              6.522277358828926
            ],
            [
              -74.99590555347342,
              6.529277508941862
            ],
            [
              -75.00450416027483,
              6.5309775106932
            ],
            [
              -75.01201173762526,
              6.531077221357682
            ],
            [
              -75.02350962399711,
              6.531077298786164
            ],
            [
              -75.02701163453828,
              6.531077322367463
            ],
            [
              -75.03050601880486,
              6.530577614842855
            ],
            [
              -75.03620538078626,
              6.528877709306928
            ],
            [
              -75.04031013393697,
              6.528877736934032
            ],
            [
              -75.04491081453365,
              6.528877767897643
            ],
            [
              -75.04781004756681,
              6.534077756151241
            ],
            [
              -75.05061011868608,
              6.535777718951787
            ],
            [
              -75.06100932337505,
              6.537577869919676
            ],
            [
              -75.06390856788013,
              6.541077914351842
            ],
            [
              -75.06510638426218,
              6.546877759359661
            ],
            [
              -75.06510631401395,
              6.557278174093689
            ],
            [
              -75.0668076955106,
              6.56187828654512
            ],
            [
              -75.0743076010653,
              6.568278519269072
            ],
            [
              -75.08121242148239,
              6.570578378116038
            ],
            [
              -75.09100889199387,
              6.571178312502663
            ],
            [
              -75.10201085119735,
              6.571278523945065
            ],
            [
              -75.11180733749175,
              6.569578646149739
            ],
            [
              -75.11931495155007,
              6.564378727638227
            ],
            [
              -75.12390805695593,
              6.556378292394501
            ],
            [
              -75.12791366010131,
              6.551178350153511
            ],
            [
              -75.13310948512455,
              6.546578283995416
            ],
            [
              -75.13371225134505,
              6.543078262891193
            ],
            [
              -75.14060944595974,
              6.544878390442565
            ],
            [
              -75.14981081555275,
              6.54377837640927
            ],
            [
              -75.16310932137556,
              6.540878785680832
            ],
            [
              -75.17171557010042,
              6.54097850375704
            ],
            [
              -75.17921551976951,
              6.540978554259318
            ],
            [
              -75.184411321438,
              6.539878513161458
            ],
            [
              -75.19301757102266,
              6.539878571095803
            ],
            [
              -75.20111261837752,
              6.542178914754746
            ],
            [
              -75.20631602624456,
              6.544578899102068
            ],
            [
              -75.21051996234964,
              6.545064830131045
            ],
            [
              -75.20111251318787,
              6.557778823732657
            ],
            [
              -75.19361252010732,
              6.564178955875551
            ],
            [
              -75.18561662793978,
              6.566379054076135
            ],
            [
              -75.17461458114843,
              6.579079208176781
            ],
            [
              -75.16481040214725,
              6.589979289072662
            ],
            [
              -75.16141509206217,
              6.606779388260399
            ],
            [
              -75.15270955501266,
              6.621779370165803
            ],
            [
              -75.13371161994152,
              6.636079276591109
            ],
            [
              -75.1291108519542,
              6.64877947394943
            ],
            [
              -75.12911074081397,
              6.66497972850277
            ],
            [
              -75.12911064179089,
              6.679379902020393
            ],
            [
              -75.11881053797482,
              6.689779771070736
            ],
            [
              -75.11471337063001,
              6.696080265838651
            ],
            [
              -75.11651390873845,
              6.704780273958934
            ],
            [
              -75.12920950811039,
              6.725580719164959
            ],
            [
              -75.12691290191393,
              6.737180380132875
            ],
            [
              -75.1234108228424,
              6.74698090506679
            ],
            [
              -75.12341073442086,
              6.759680658424498
            ],
            [
              -75.12110653514223,
              6.765980689042018
            ]
          ]
        ]
      }
    },
    {
      "type": "Feature",
      "properties": {
        "AREA": 241289881.615,
        "PERIMETER": 62878.999248,
        "WCOLGEN02_": 308,
        "WCOLGEN021": 356,
        "DPTO": "05",
        "NOMBRE_DPT": "ANTIOQUIA",
        "MPIO": "411",
        "NOMBRE_MPI": "LIBORINA",
        "NOMBRE_CAB": "LIBORINA",
        "CLASEMUN": "CM",
        "MPIOS": "05411",
        "ZONA": "ZONA01",
        "OF_REG": "DAMED",
        "REG_ZONAS": "DAMEDZONA01",
        "HECTARES": 24128.988
      },
      "geometry": {
        "type": "Polygon",
        "coordinates": [
          [
            [
              -75.76272985435976,
              6.799285959513603
            ],
            [
              -75.75983059178483,
              6.798185862317851
            ],
            [
              -75.75062922018782,
              6.798685529873507
            ],
            [
              -75.74312927433185,
              6.797485740482402
            ],
            [
              -75.73852860218142,
              6.795785762875832
            ],
            [
              -75.7356293487302,
              6.793385314627906
            ],
            [
              -75.73273011058441,
              6.788785666114661
            ],
            [
              -75.73223425092574,
              6.778985106912299
            ],
            [
              -75.73163157247852,
              6.769685232303079
            ],
            [
              -75.73273031120029,
              6.759885161193053
            ],
            [
              -75.73392823122975,
              6.750684959417352
            ],
            [
              -75.73043389613802,
              6.743684879188361
            ],
            [
              -75.72462778216708,
              6.73558470620396
            ],
            [
              -75.71892845924891,
              6.73098456205296
            ],
            [
              -75.71602918915609,
              6.730984542075951
            ],
            [
              -75.71432778780942,
              6.729184447871788
            ],
            [
              -75.71373274957789,
              6.718284288772393
            ],
            [
              -75.71422873308299,
              6.710184159577461
            ],
            [
              -75.71882951239557,
              6.696284216856269
            ],
            [
              -75.72632955683109,
              6.683084299595651
            ],
            [
              -75.73043437998767,
              6.673283773020761
            ],
            [
              -75.73323451169531,
              6.666383873642568
            ],
            [
              -75.73443238373902,
              6.664084067937154
            ],
            [
              -75.73553109819113,
              6.657683888457004
            ],
            [
              -75.73613388413254,
              6.651383842661676
            ],
            [
              -75.7396282676138,
              6.651383866450868
            ],
            [
              -75.74483169048118,
              6.651983770388672
            ],
            [
              -75.75403306661916,
              6.650784095986808
            ],
            [
              -75.76493585599897,
              6.649684093327126
            ],
            [
              -75.77763159551411,
              6.651484262153097
            ],
            [
              -75.78573426910737,
              6.6549843451867
            ],
            [
              -75.79433290191743,
              6.653884326826225
            ],
            [
              -75.804137076008,
              6.644684183852675
            ],
            [
              -75.81103431883233,
              6.64008412587734
            ],
            [
              -75.81853429250555,
              6.637284154441665
            ],
            [
              -75.83353421759338,
              6.634984442209831
            ],
            [
              -75.84793899351736,
              6.637984359618065
            ],
            [
              -75.85143327950361,
              6.652384567065633
            ],
            [
              -75.85373727908399,
              6.675484768704746
            ],
            [
              -75.86533423390311,
              6.694085066327705
            ],
            [
              -75.87053759438412,
              6.703885181352792
            ],
            [
              -75.8687368959184,
              6.718285353993525
            ],
            [
              -75.8653339446652,
              6.736185544248649
            ],
            [
              -75.87053728056608,
              6.749485688471616
            ],
            [
              -75.87633570552508,
              6.766286342600531
            ],
            [
              -75.86749280509275,
              6.784348622678641
            ],
            [
              -75.86243435041972,
              6.782986246751791
            ],
            [
              -75.85903152654103,
              6.782386354492404
            ],
            [
              -75.85213433470823,
              6.779486146737182
            ],
            [
              -75.84233785232007,
              6.779486078842556
            ],
            [
              -75.8330372902347,
              6.780586091465136
            ],
            [
              -75.81803736534158,
              6.78278614161133
            ],
            [
              -75.79673531816753,
              6.788485699526597
            ],
            [
              -75.78522975660786,
              6.793686070550767
            ],
            [
              -75.77022981638547,
              6.798185934648761
            ],
            [
              -75.76272985435976,
              6.799285959513603
            ]
          ]
        ]
      }
    },
    {
      "type": "Feature",
      "properties": {
        "AREA": 309269647.43,
        "PERIMETER": 100749.237722,
        "WCOLGEN02_": 309,
        "WCOLGEN021": 310,
        "DPTO": "05",
        "NOMBRE_DPT": "ANTIOQUIA",
        "MPIO": "086",
        "NOMBRE_MPI": "BELMIRA",
        "NOMBRE_CAB": "BELMIRA",
        "CLASEMUN": "CM",
        "MPIOS": "05086",
        "ZONA": "ZONA01",
        "OF_REG": "DAMED",
        "REG_ZONAS": "DAMEDZONA01",
        "HECTARES": 30926.965
      },
      "geometry": {
        "type": "Polygon",
        "coordinates": [
          [
            [
              -75.71602918915609,
              6.730984542075951
            ],
            [
              -75.70913195063174,
              6.734984730812923
            ],
            [
              -75.69642855414016,
              6.737284457177472
            ],
            [
              -75.68953130397136,
              6.74298459122748
            ],
            [
              -75.68262642000367,
              6.749284593713613
            ],
            [
              -75.67512641025785,
              6.75738467449041
            ],
            [
              -75.66872506774473,
              6.765984494323397
            ],
            [
              -75.66472709098502,
              6.771184916773326
            ],
            [
              -75.65892851082504,
              6.776984718408847
            ],
            [
              -75.65142854551326,
              6.778684611764758
            ],
            [
              -75.64342503119622,
              6.779184764528636
            ],
            [
              -75.63822923022343,
              6.779784596974661
            ],
            [
              -75.63472728621436,
              6.76988435776815
            ],
            [
              -75.63243090351492,
              6.74908444947826
            ],
            [
              -75.63072955769042,
              6.739283883377746
            ],
            [
              -75.62722763676273,
              6.725983754236089
            ],
            [
              -75.62092564723997,
              6.710383792389391
            ],
            [
              -75.61682859345167,
              6.699883681766583
            ],
            [
              -75.61222797327025,
              6.690683441834179
            ],
            [
              -75.6041253129322,
              6.685483413722553
            ],
            [
              -75.59722814669493,
              6.679083180246559
            ],
            [
              -75.59032334670634,
              6.67328281528212
            ],
            [
              -75.59432898373342,
              6.663482766329959
            ],
            [
              -75.60702480021949,
              6.653682776660607
            ],
            [
              -75.62082685365996,
              6.653183139354889
            ],
            [
              -75.62722814028479,
              6.652582837709247
            ],
            [
              -75.63642951054902,
              6.652083169003096
            ],
            [
              -75.64962882554859,
              6.650983182225427
            ],
            [
              -75.66002806863202,
              6.648083094105817
            ],
            [
              -75.66353014414457,
              6.638882909626083
            ],
            [
              -75.66462889303128,
              6.62738289522064
            ],
            [
              -75.65883042448685,
              6.616882773867617
            ],
            [
              -75.64103053167126,
              6.602382336073945
            ],
            [
              -75.62942592413845,
              6.587382209438147
            ],
            [
              -75.62712946744713,
              6.576982249739113
            ],
            [
              -75.62082739409004,
              6.573482180241073
            ],
            [
              -75.60872681629044,
              6.564781622989494
            ],
            [
              -75.59893036408576,
              6.560681661801473
            ],
            [
              -75.58732570677684,
              6.553081661723839
            ],
            [
              -75.57062446558764,
              6.541481392765819
            ],
            [
              -75.5631245444201,
              6.536781102264234
            ],
            [
              -75.55732605148738,
              6.529881147111606
            ],
            [
              -75.54982621128616,
              6.513080969337649
            ],
            [
              -75.54232634753546,
              6.499780818571719
            ],
            [
              -75.55442699038126,
              6.498680822786489
            ],
            [
              -75.56142338963659,
              6.498080524264034
            ],
            [
              -75.57463031363909,
              6.49988069405446
            ],
            [
              -75.58502954337666,
              6.498780686871494
            ],
            [
              -75.59542881916022,
              6.490780763388331
            ],
            [
              -75.60633160647265,
              6.489680759430867
            ],
            [
              -75.61383157144277,
              6.487880727476287
            ],
            [
              -75.63232587528985,
              6.485681174239533
            ],
            [
              -75.6392307304936,
              6.483380930063769
            ],
            [
              -75.65013351030719,
              6.483481139497358
            ],
            [
              -75.6576334709459,
              6.482381112767012
            ],
            [
              -75.66633129584812,
              6.480081357249708
            ],
            [
              -75.66453066610728,
              6.484681448692542
            ],
            [
              -75.6651333478994,
              6.493881182716666
            ],
            [
              -75.66803257519494,
              6.500281387443499
            ],
            [
              -75.66803253255395,
              6.506681572926387
            ],
            [
              -75.67152683502685,
              6.518781485113408
            ],
            [
              -75.68072808184759,
              6.536781890093927
            ],
            [
              -75.6830321224858,
              6.554082244009663
            ],
            [
              -75.69172983156348,
              6.569082350952372
            ],
            [
              -75.70093112826424,
              6.579582494764049
            ],
            [
              -75.70672959410824,
              6.590582824194812
            ],
            [
              -75.71363430547677,
              6.609683293038511
            ],
            [
              -75.71593081697752,
              6.611983122283868
            ],
            [
              -75.71712863806259,
              6.617183103143809
            ],
            [
              -75.7159307111932,
              6.627583517446808
            ],
            [
              -75.71483199763897,
              6.633883559601478
            ],
            [
              -75.72632983666057,
              6.642083429933452
            ],
            [
              -75.73613388413254,
              6.651383842661676
            ],
            [
              -75.73553109819113,
              6.657683888457004
            ],
            [
              -75.73443238373902,
              6.664084067937154
            ],
            [
              -75.73323451169531,
              6.666383873642568
            ],
            [
              -75.73043437998767,
              6.673283773020761
            ],
            [
              -75.72632955683109,
              6.683084299595651
            ],
            [
              -75.71882951239557,
              6.696284216856269
            ],
            [
              -75.71422873308299,
              6.710184159577461
            ],
            [
              -75.71373274957789,
              6.718284288772393
            ],
            [
              -75.71432778780942,
              6.729184447871788
            ],
            [
              -75.71602918915609,
              6.730984542075951
            ]
          ]
        ]
      }
    },
    {
      "type": "Feature",
      "properties": {
        "AREA": 487395849.131,
        "PERIMETER": 113031.80627,
        "WCOLGEN02_": 310,
        "WCOLGEN021": 407,
        "DPTO": "05",
        "NOMBRE_DPT": "ANTIOQUIA",
        "MPIO": "885",
        "NOMBRE_MPI": "YALI",
        "NOMBRE_CAB": "YALI",
        "CLASEMUN": "CM",
        "MPIOS": "05885",
        "ZONA": "ZONA05",
        "OF_REG": "DAMED",
        "REG_ZONAS": "DAMEDZONA05",
        "HECTARES": 48739.585
      },
      "geometry": {
        "type": "Polygon",
        "coordinates": [
          [
            [
              -74.59879590642903,
              6.759177265895646
            ],
            [
              -74.59419530837614,
              6.747677222994273
            ],
            [
              -74.59018991212908,
              6.723376824637905
            ],
            [
              -74.58959492403918,
              6.705476630492375
            ],
            [
              -74.58899221786784,
              6.700276659087158
            ],
            [
              -74.58899229002249,
              6.689876247888296
            ],
            [
              -74.60049018741886,
              6.687576516259008
            ],
            [
              -74.6154900697861,
              6.688776355787811
            ],
            [
              -74.62879628161338,
              6.673876550727051
            ],
            [
              -74.64089694592707,
              6.668076322287171
            ],
            [
              -74.65069340781329,
              6.66927660243365
            ],
            [
              -74.66679201231248,
              6.66297667044163
            ],
            [
              -74.68119681475048,
              6.659576405848632
            ],
            [
              -74.68929949819969,
              6.660276466463593
            ],
            [
              -74.71699512743864,
              6.660376794164917
            ],
            [
              -74.73019446994748,
              6.653476973741775
            ],
            [
              -74.74119642578405,
              6.653477049423868
            ],
            [
              -74.75149648898972,
              6.648376812551366
            ],
            [
              -74.758401362578,
              6.642577024283574
            ],
            [
              -74.77749836571651,
              6.644377235986529
            ],
            [
              -74.79300180712782,
              6.645677215225799
            ],
            [
              -74.80050181708418,
              6.636477066551747
            ],
            [
              -74.80919967465947,
              6.628377001781579
            ],
            [
              -74.82470313303033,
              6.627277032166919
            ],
            [
              -74.83630020202838,
              6.627377248493674
            ],
            [
              -74.84840086032628,
              6.622777231084322
            ],
            [
              -74.85640436793697,
              6.622277554811941
            ],
            [
              -74.87260212191056,
              6.621677320770704
            ],
            [
              -74.88290216234748,
              6.620077584328723
            ],
            [
              -74.8915999610151,
              6.620677511744615
            ],
            [
              -74.9049060693692,
              6.621277947504761
            ],
            [
              -74.91700668061657,
              6.623677978998901
            ],
            [
              -74.93140381791868,
              6.625977889303946
            ],
            [
              -74.9366072124717,
              6.630078294492665
            ],
            [
              -74.93600437883102,
              6.643378384586927
            ],
            [
              -74.93890353188067,
              6.660078386835659
            ],
            [
              -74.95620754214349,
              6.665978479697823
            ],
            [
              -74.96710266134225,
              6.669478579636944
            ],
            [
              -74.98100381542636,
              6.679978750551
            ],
            [
              -74.98330789106771,
              6.691479257762285
            ],
            [
              -74.98390293621254,
              6.701279332386653
            ],
            [
              -74.98910627882672,
              6.712879520129235
            ],
            [
              -74.99200547462762,
              6.723279479116603
            ],
            [
              -74.99140269181413,
              6.729079789379727
            ],
            [
              -74.9874047101654,
              6.735379807228774
            ],
            [
              -74.9747089004513,
              6.745179789915662
            ],
            [
              -74.96720125011966,
              6.755579676689046
            ],
            [
              -74.96780396892535,
              6.758979569274223
            ],
            [
              -74.95740477737343,
              6.755479471459855
            ],
            [
              -74.94470145887982,
              6.747979601310463
            ],
            [
              -74.93430229610459,
              6.740379133627097
            ],
            [
              -74.919905223613,
              6.728778882199999
            ],
            [
              -74.90089982144181,
              6.720078756221787
            ],
            [
              -74.87900276222867,
              6.714178630496976
            ],
            [
              -74.85709802944528,
              6.714678686549037
            ],
            [
              -74.84320439900047,
              6.719778421920725
            ],
            [
              -74.80919884338391,
              6.748578525338379
            ],
            [
              -74.79249746552719,
              6.758878685961652
            ],
            [
              -74.77869535931674,
              6.768578521765647
            ],
            [
              -74.7528003053269,
              6.771378360320769
            ],
            [
              -74.73599987585347,
              6.762678249812887
            ],
            [
              -74.72219779840226,
              6.768378329448448
            ],
            [
              -74.70839576176412,
              6.768278095914137
            ],
            [
              -74.69399863223374,
              6.765377838683649
            ],
            [
              -74.6835917776418,
              6.767077709575591
            ],
            [
              -74.67029329424422,
              6.767577824322609
            ],
            [
              -74.65359199142856,
              6.767477570455662
            ],
            [
              -74.64959399813243,
              6.77557766672166
            ],
            [
              -74.64209405666331,
              6.774977746225702
            ],
            [
              -74.62879563065813,
              6.76737725988141
            ],
            [
              -74.6120943608063,
              6.762677383024362
            ],
            [
              -74.59879590642903,
              6.759177265895646
            ]
          ]
        ]
      }
    },
    {
      "type": "Feature",
      "properties": {
        "AREA": 282106381.055,
        "PERIMETER": 76981.332261,
        "WCOLGEN02_": 315,
        "WCOLGEN021": 295,
        "DPTO": "05",
        "NOMBRE_DPT": "ANTIOQUIA",
        "MPIO": "004",
        "NOMBRE_MPI": "ABRIAQUI",
        "NOMBRE_CAB": "ABRIAQUI",
        "CLASEMUN": "CM",
        "MPIOS": "05004",
        "ZONA": "ZONA02",
        "OF_REG": "DAMED",
        "REG_ZONAS": "DAMEDZONA02",
        "HECTARES": 28210.638
      },
      "geometry": {
        "type": "Polygon",
        "coordinates": [
          [
            [
              -76.0192400198756,
              6.651985635912019
            ],
            [
              -76.02614483543113,
              6.655985920008521
            ],
            [
              -76.01864498102584,
              6.640985337310386
            ],
            [
              -76.0174395536397,
              6.632285326020437
            ],
            [
              -76.01344164678808,
              6.62708532455752
            ],
            [
              -76.01283892324011,
              6.624185160539914
            ],
            [
              -76.00934457800565,
              6.618385293922799
            ],
            [
              -76.00594182378047,
              6.607384976901462
            ],
            [
              -76.00993981637522,
              6.599885215247672
            ],
            [
              -76.02783912757405,
              6.580885044706571
            ],
            [
              -76.0277401123046,
              6.555484565118046
            ],
            [
              -76.02954083913694,
              6.536484286903923
            ],
            [
              -76.02774035121342,
              6.519684139051083
            ],
            [
              -76.02254464486403,
              6.505784128622472
            ],
            [
              -76.03174602996047,
              6.50358403573129
            ],
            [
              -76.04044383895832,
              6.504183962060089
            ],
            [
              -76.04734104082871,
              6.50588395345443
            ],
            [
              -76.05374232210508,
              6.506484341402864
            ],
            [
              -76.06004440987142,
              6.508283989090172
            ],
            [
              -76.06634650962788,
              6.508284030934198
            ],
            [
              -76.07044357964804,
              6.516984537442964
            ],
            [
              -76.07274768731368,
              6.524484341208086
            ],
            [
              -76.0831468530995,
              6.533784758629518
            ],
            [
              -76.08944126532903,
              6.542484803438071
            ],
            [
              -76.09864259373855,
              6.548885053400423
            ],
            [
              -76.10794309241447,
              6.557585118673338
            ],
            [
              -76.12004368078324,
              6.565685334238653
            ],
            [
              -76.13324293578101,
              6.574485563192284
            ],
            [
              -76.14484759233095,
              6.583185644683129
            ],
            [
              -76.15575029723658,
              6.595286090500574
            ],
            [
              -76.16554673150756,
              6.602886083181472
            ],
            [
              -76.1702464783352,
              6.621386200567605
            ],
            [
              -76.17714356333829,
              6.640486678966236
            ],
            [
              -76.18174408112942,
              6.665286849603931
            ],
            [
              -76.17484678463717,
              6.67738717669938
            ],
            [
              -76.15354475787143,
              6.679086977864187
            ],
            [
              -76.13964350718906,
              6.680186960549201
            ],
            [
              -76.12014204235436,
              6.68758695760621
            ],
            [
              -76.11034541175415,
              6.708887000487275
            ],
            [
              -76.10854469654615,
              6.725687128707074
            ],
            [
              -76.0884405244036,
              6.72788714545603
            ],
            [
              -76.07514197376145,
              6.735387321169575
            ],
            [
              -76.07404327094349,
              6.739987420159919
            ],
            [
              -76.07404323514682,
              6.745187395494204
            ],
            [
              -76.06824473278432,
              6.739387034687614
            ],
            [
              -76.05784557313314,
              6.729486744474826
            ],
            [
              -76.05324497486842,
              6.716786947890744
            ],
            [
              -76.04914041108177,
              6.68848627644445
            ],
            [
              -76.04684397803958,
              6.674586282127337
            ],
            [
              -76.03654403489114,
              6.660085888142373
            ],
            [
              -76.02094139134059,
              6.658285699194039
            ],
            [
              -76.0192400198756,
              6.651985635912019
            ]
          ]
        ]
      }
    },
    {
      "type": "Feature",
      "properties": {
        "AREA": 1140318608.65,
        "PERIMETER": 154352.604101,
        "WCOLGEN02_": 317,
        "WCOLGEN021": 1049,
        "DPTO": "05",
        "NOMBRE_DPT": "ANTIOQUIA",
        "MPIO": "579",
        "NOMBRE_MPI": "PUERTO BERRIO",
        "NOMBRE_CAB": "PUERTO BERRIO",
        "CLASEMUN": "CM",
        "MPIOS": "05579",
        "ZONA": "ZONA05",
        "OF_REG": "DAMED",
        "REG_ZONAS": "DAMEDZONA05",
        "HECTARES": 114031.861
      },
      "geometry": {
        "type": "Polygon",
        "coordinates": [
          [
            [
              -74.51809001294872,
              6.682575775787999
            ],
            [
              -74.5105900003778,
              6.692375789513046
            ],
            [
              -74.48989072850307,
              6.697475952543358
            ],
            [
              -74.48239071179673,
              6.707875833781063
            ],
            [
              -74.47368521894796,
              6.717075971022921
            ],
            [
              -74.46568927917953,
              6.726875980906208
            ],
            [
              -74.45529009306614,
              6.723375885003247
            ],
            [
              -74.45298593931616,
              6.723375868943085
            ],
            [
              -74.44258676170203,
              6.718675560771271
            ],
            [
              -74.42008707946523,
              6.697175057167871
            ],
            [
              -74.40858927656384,
              6.686175177203546
            ],
            [
              -74.40048666692499,
              6.675174844284486
            ],
            [
              -74.39358955747629,
              6.661874709294505
            ],
            [
              -74.39358965695308,
              6.647474546936121
            ],
            [
              -74.39068286527834,
              6.632374360229575
            ],
            [
              -74.38488441220495,
              6.620874313633978
            ],
            [
              -74.37798723899411,
              6.616773899042456
            ],
            [
              -74.37448530628336,
              6.605774076210995
            ],
            [
              -74.38889011580208,
              6.60067386937748
            ],
            [
              -74.40218869429121,
              6.585673931225769
            ],
            [
              -74.41478532942047,
              6.572973798643844
            ],
            [
              -74.41828742020256,
              6.560873948496154
            ],
            [
              -74.42868671590347,
              6.548273460819885
            ],
            [
              -74.43498886413315,
              6.539573515437978
            ],
            [
              -74.43728541935532,
              6.534973433145574
            ],
            [
              -74.44078747451236,
              6.52807354851541
            ],
            [
              -74.43038840904687,
              6.506673272207344
            ],
            [
              -74.42809197066393,
              6.493973038954798
            ],
            [
              -74.42858799129331,
              6.480073089504604
            ],
            [
              -74.4279853652243,
              6.462772770576937
            ],
            [
              -74.42048549911041,
              6.451172578345274
            ],
            [
              -74.4141911866631,
              6.429172464835977
            ],
            [
              -74.41419124796217,
              6.419972270404589
            ],
            [
              -74.40608867782989,
              6.402571766170909
            ],
            [
              -74.39279028700902,
              6.389771801896862
            ],
            [
              -74.39108891337317,
              6.38407161868292
            ],
            [
              -74.39568965566781,
              6.374271587822224
            ],
            [
              -74.41928819345237,
              6.368571571866576
            ],
            [
              -74.43489083835432,
              6.366271864833265
            ],
            [
              -74.4440922082172,
              6.364071775497494
            ],
            [
              -74.45739081765329,
              6.343871872319427
            ],
            [
              -74.47178809220792,
              6.324271366888416
            ],
            [
              -74.48208821538856,
              6.309271408299382
            ],
            [
              -74.49649306963524,
              6.297271290867497
            ],
            [
              -74.51209583596211,
              6.27647153450661
            ],
            [
              -74.5201909410308,
              6.269071472597637
            ],
            [
              -74.52709581444789,
              6.262671341046826
            ],
            [
              -74.52819449485774,
              6.260971405632672
            ],
            [
              -74.54029521461963,
              6.245970981258618
            ],
            [
              -74.54838265138575,
              6.244549090067005
            ],
            [
              -74.55239579924492,
              6.251871505370865
            ],
            [
              -74.55759160103999,
              6.250171119605039
            ],
            [
              -74.56339777476013,
              6.248471214615463
            ],
            [
              -74.62559476937774,
              6.233671386838603
            ],
            [
              -74.62969942387363,
              6.248671917400611
            ],
            [
              -74.63140078652708,
              6.256271840579157
            ],
            [
              -74.6314007347251,
              6.264271823484542
            ],
            [
              -74.63140067441819,
              6.273572155366801
            ],
            [
              -74.63259844296758,
              6.286872248268615
            ],
            [
              -74.63779415153088,
              6.299572499845435
            ],
            [
              -74.65159612679216,
              6.308872445416455
            ],
            [
              -74.66369669422261,
              6.317572989405396
            ],
            [
              -74.673500722126,
              6.328572852374202
            ],
            [
              -74.67699507879053,
              6.332072897999946
            ],
            [
              -74.68049699691036,
              6.34597335204442
            ],
            [
              -74.68679902657725,
              6.355273249783619
            ],
            [
              -74.68969827116958,
              6.358673154837914
            ],
            [
              -74.6949016766019,
              6.361073613503089
            ],
            [
              -74.7006009908801,
              6.366273616983618
            ],
            [
              -74.71100016957683,
              6.371473651525515
            ],
            [
              -74.71619589995615,
              6.380774019498111
            ],
            [
              -74.72259713019265,
              6.387774107950186
            ],
            [
              -74.72660268529393,
              6.389474077528089
            ],
            [
              -74.73179840435282,
              6.400473912217882
            ],
            [
              -74.72829640615831,
              6.398773945899599
            ],
            [
              -74.71849985922027,
              6.410273889056863
            ],
            [
              -74.69950198552264,
              6.417074012388858
            ],
            [
              -74.69719782725451,
              6.417673864818642
            ],
            [
              -74.68509714538597,
              6.426274113736967
            ],
            [
              -74.67759718032308,
              6.429174219252999
            ],
            [
              -74.67239375185731,
              6.43027426001618
            ],
            [
              -74.66549648725515,
              6.439473934197387
            ],
            [
              -74.66379501403264,
              6.44867411984728
            ],
            [
              -74.66379492921143,
              6.461374340089339
            ],
            [
              -74.66089560412291,
              6.470074310199608
            ],
            [
              -74.65399833516577,
              6.479874328945275
            ],
            [
              -74.64879484432521,
              6.49027470360739
            ],
            [
              -74.64539959648744,
              6.498274665772234
            ],
            [
              -74.64019610143735,
              6.509274908187423
            ],
            [
              -74.63789189267005,
              6.517374537794637
            ],
            [
              -74.63729671789444,
              6.52657473126406
            ],
            [
              -74.63439736518643,
              6.5392749325695
            ],
            [
              -74.63269588288388,
              6.54967485423961
            ],
            [
              -74.63219227105635,
              6.557774973092875
            ],
            [
              -74.63039162689945,
              6.564675347639264
            ],
            [
              -74.61889367511132,
              6.574975065914974
            ],
            [
              -74.61139363911559,
              6.588275580721097
            ],
            [
              -74.5935935655361,
              6.603175354614644
            ],
            [
              -74.57799080626224,
              6.62167530358525
            ],
            [
              -74.57279497198813,
              6.62797531015437
            ],
            [
              -74.57459555337012,
              6.630275610414229
            ],
            [
              -74.5629908255638,
              6.634875629653999
            ],
            [
              -74.55319431296097,
              6.641175604491213
            ],
            [
              -74.54519075203918,
              6.649775402618173
            ],
            [
              -74.53999492531696,
              6.654975810353895
            ],
            [
              -74.53128945256263,
              6.661275792485314
            ],
            [
              -74.5255900572801,
              6.668175663081437
            ],
            [
              -74.51809001294872,
              6.682575775787999
            ]
          ]
        ]
      }
    },
    {
      "type": "Feature",
      "properties": {
        "AREA": 101658256.618,
        "PERIMETER": 44261.844797,
        "WCOLGEN02_": 320,
        "WCOLGEN021": 341,
        "DPTO": "05",
        "NOMBRE_DPT": "ANTIOQUIA",
        "MPIO": "306",
        "NOMBRE_MPI": "GIRALDO",
        "NOMBRE_CAB": "GIRALDO",
        "CLASEMUN": "CM",
        "MPIOS": "05306",
        "ZONA": "ZONA01",
        "OF_REG": "DAMED",
        "REG_ZONAS": "DAMEDZONA01",
        "HECTARES": 10165.826
      },
      "geometry": {
        "type": "Polygon",
        "coordinates": [
          [
            [
              -75.88253939148889,
              6.653684652829764
            ],
            [
              -75.88543871714394,
              6.645584539074097
            ],
            [
              -75.8883380386608,
              6.638084770775865
            ],
            [
              -75.89233600735214,
              6.634084561291989
            ],
            [
              -75.9015373766981,
              6.634084623669033
            ],
            [
              -75.91144061169224,
              6.643385038451362
            ],
            [
              -75.91543854926137,
              6.643984934201457
            ],
            [
              -75.92463993784396,
              6.641184973975063
            ],
            [
              -75.92753927162845,
              6.631884645860196
            ],
            [
              -75.93043859652467,
              6.623884668894354
            ],
            [
              -75.93323873240006,
              6.616384899679352
            ],
            [
              -75.94774271977991,
              6.615784652238175
            ],
            [
              -75.95573860268786,
              6.61588484331496
            ],
            [
              -75.96554270359145,
              6.617684992280508
            ],
            [
              -75.97823844239358,
              6.619984892405981
            ],
            [
              -75.98804254352088,
              6.6217850414458
            ],
            [
              -76.00184458673709,
              6.6235852175491
            ],
            [
              -76.01283892324011,
              6.624185160539914
            ],
            [
              -76.01344164678808,
              6.62708532455752
            ],
            [
              -76.0174395536397,
              6.632285326020437
            ],
            [
              -76.01864498102584,
              6.640985337310386
            ],
            [
              -76.02614483543113,
              6.655985920008521
            ],
            [
              -76.0192400198756,
              6.651985635912019
            ],
            [
              -76.01173999364268,
              6.662285873858872
            ],
            [
              -76.00423998642937,
              6.669785611921157
            ],
            [
              -75.99213930633526,
              6.675485712519872
            ],
            [
              -75.97823797121855,
              6.689285935255706
            ],
            [
              -75.96903655392279,
              6.696185792736804
            ],
            [
              -75.96153656248515,
              6.701385715958456
            ],
            [
              -75.95403652374456,
              6.713486036312672
            ],
            [
              -75.94253864269061,
              6.711086005941688
            ],
            [
              -75.9310407926269,
              6.70418553011941
            ],
            [
              -75.9212367750196,
              6.69028548587727
            ],
            [
              -75.90733553581032,
              6.690185253807686
            ],
            [
              -75.8952349866626,
              6.676885063182748
            ],
            [
              -75.88833784954801,
              6.665885199575469
            ],
            [
              -75.88253939148889,
              6.653684652829764
            ]
          ]
        ]
      }
    },
    {
      "type": "Feature",
      "properties": {
        "AREA": 192845259.552,
        "PERIMETER": 65270.065998,
        "WCOLGEN02_": 327,
        "WCOLGEN021": 337,
        "DPTO": "05",
        "NOMBRE_DPT": "ANTIOQUIA",
        "MPIO": "264",
        "NOMBRE_MPI": "ENTRERRIOS",
        "NOMBRE_CAB": "ENTRERRIOS",
        "CLASEMUN": "CM",
        "MPIOS": "05264",
        "ZONA": "ZONA01",
        "OF_REG": "DAMED",
        "REG_ZONAS": "DAMEDZONA01",
        "HECTARES": 19284.526
      },
      "geometry": {
        "type": "Polygon",
        "coordinates": [
          [
            [
              -75.59032334670634,
              6.67328281528212
            ],
            [
              -75.5828234020073,
              6.672083027118199
            ],
            [
              -75.57642982465643,
              6.661082693545275
            ],
            [
              -75.56662571614996,
              6.660982489573462
            ],
            [
              -75.55862225730597,
              6.653482649320736
            ],
            [
              -75.55222864856076,
              6.647082419991737
            ],
            [
              -75.5447287239143,
              6.642982473472639
            ],
            [
              -75.54132596377492,
              6.633182374778542
            ],
            [
              -75.53552747980223,
              6.62508220492115
            ],
            [
              -75.5205276537416,
              6.613481945960847
            ],
            [
              -75.51592701021893,
              6.607681597892858
            ],
            [
              -75.51592703394985,
              6.604181571132861
            ],
            [
              -75.51882642052558,
              6.586881731122844
            ],
            [
              -75.51932238739104,
              6.581081417759952
            ],
            [
              -75.517628677881,
              6.570081118189951
            ],
            [
              -75.51532456812343,
              6.563181186432062
            ],
            [
              -75.51122749310017,
              6.555680897540326
            ],
            [
              -75.50032479210576,
              6.544080668257983
            ],
            [
              -75.49112348902823,
              6.534780740606846
            ],
            [
              -75.48132704530576,
              6.529580703855768
            ],
            [
              -75.47262165052163,
              6.523180461156559
            ],
            [
              -75.46802106088123,
              6.509280462299092
            ],
            [
              -75.475521039543,
              6.505280278040331
            ],
            [
              -75.47662736704915,
              6.501180390924076
            ],
            [
              -75.47722249557454,
              6.49888010517325
            ],
            [
              -75.48532519375476,
              6.49838042794789
            ],
            [
              -75.49562521433462,
              6.500680309557566
            ],
            [
              -75.50602443122803,
              6.501380384193176
            ],
            [
              -75.51812506228924,
              6.50198033319176
            ],
            [
              -75.52742561355305,
              6.501980395228935
            ],
            [
              -75.53662698670665,
              6.500880380164697
            ],
            [
              -75.54232634753546,
              6.499780818571719
            ],
            [
              -75.54982621128616,
              6.513080969337649
            ],
            [
              -75.55732605148738,
              6.529881147111606
            ],
            [
              -75.5631245444201,
              6.536781102264234
            ],
            [
              -75.57062446558764,
              6.541481392765819
            ],
            [
              -75.58732570677684,
              6.553081661723839
            ],
            [
              -75.59893036408576,
              6.560681661801473
            ],
            [
              -75.60872681629044,
              6.564781622989494
            ],
            [
              -75.62082739409004,
              6.573482180241073
            ],
            [
              -75.62712946744713,
              6.576982249739113
            ],
            [
              -75.62942592413845,
              6.587382209438147
            ],
            [
              -75.64103053167126,
              6.602382336073945
            ],
            [
              -75.65883042448685,
              6.616882773867617
            ],
            [
              -75.66462889303128,
              6.62738289522064
            ],
            [
              -75.66353014414457,
              6.638882909626083
            ],
            [
              -75.66002806863202,
              6.648083094105817
            ],
            [
              -75.64962882554859,
              6.650983182225427
            ],
            [
              -75.63642951054902,
              6.652083169003096
            ],
            [
              -75.62722814028479,
              6.652582837709247
            ],
            [
              -75.62082685365996,
              6.653183139354889
            ],
            [
              -75.60702480021949,
              6.653682776660607
            ],
            [
              -75.59432898373342,
              6.663482766329959
            ],
            [
              -75.59032334670634,
              6.67328281528212
            ]
          ]
        ]
      }
    },
    {
      "type": "Feature",
      "properties": {
        "AREA": 118549689.448,
        "PERIMETER": 49196.323246,
        "WCOLGEN02_": 330,
        "WCOLGEN021": 365,
        "DPTO": "05",
        "NOMBRE_DPT": "ANTIOQUIA",
        "MPIO": "501",
        "NOMBRE_MPI": "OLAYA",
        "NOMBRE_CAB": "OLAYA",
        "CLASEMUN": "CM",
        "MPIOS": "05501",
        "ZONA": "ZONA01",
        "OF_REG": "DAMED",
        "REG_ZONAS": "DAMEDZONA01",
        "HECTARES": 11854.969
      },
      "geometry": {
        "type": "Polygon",
        "coordinates": [
          [
            [
              -75.84793899351736,
              6.637984359618065
            ],
            [
              -75.83353421759338,
              6.634984442209831
            ],
            [
              -75.81853429250555,
              6.637284154441665
            ],
            [
              -75.81103431883233,
              6.64008412587734
            ],
            [
              -75.804137076008,
              6.644684183852675
            ],
            [
              -75.79433290191743,
              6.653884326826225
            ],
            [
              -75.78573426910737,
              6.6549843451867
            ],
            [
              -75.77763159551411,
              6.651484262153097
            ],
            [
              -75.76493585599897,
              6.649684093327126
            ],
            [
              -75.75403306661916,
              6.650784095986808
            ],
            [
              -75.74483169048118,
              6.651983770388672
            ],
            [
              -75.7396282676138,
              6.651383866450868
            ],
            [
              -75.73613388413254,
              6.651383842661676
            ],
            [
              -75.72632983666057,
              6.642083429933452
            ],
            [
              -75.71483199763897,
              6.633883559601478
            ],
            [
              -75.7159307111932,
              6.627583517446808
            ],
            [
              -75.71712863806259,
              6.617183103143809
            ],
            [
              -75.71593081697752,
              6.611983122283868
            ],
            [
              -75.72002794336612,
              6.611983150017652
            ],
            [
              -75.73443276909472,
              6.607383143181752
            ],
            [
              -75.7442292847715,
              6.602283373621008
            ],
            [
              -75.754033453809,
              6.593683099615931
            ],
            [
              -75.75743639066532,
              6.577482858830201
            ],
            [
              -75.755132319278,
              6.564782607341821
            ],
            [
              -75.75683386126067,
              6.545682673418311
            ],
            [
              -75.763136012644,
              6.537682721107742
            ],
            [
              -75.77473312423899,
              6.533082694524428
            ],
            [
              -75.78913793426486,
              6.530882637305596
            ],
            [
              -75.79773653279865,
              6.534882930543989
            ],
            [
              -75.80293232233954,
              6.536082702233287
            ],
            [
              -75.80983716349111,
              6.536082748396727
            ],
            [
              -75.82143424821328,
              6.535583094463195
            ],
            [
              -75.81963361796105,
              6.540183186816218
            ],
            [
              -75.81563562251199,
              6.548282815235253
            ],
            [
              -75.81333900266044,
              6.562083113180281
            ],
            [
              -75.81973255526341,
              6.577183343766665
            ],
            [
              -75.83643365199353,
              6.610783723554899
            ],
            [
              -75.84913692056394,
              6.627584420648877
            ],
            [
              -75.84793899351736,
              6.637984359618065
            ]
          ]
        ]
      }
    },
    {
      "type": "Feature",
      "properties": {
        "AREA": 445379482.303,
        "PERIMETER": 91079.74156,
        "WCOLGEN02_": 331,
        "WCOLGEN021": 303,
        "DPTO": "05",
        "NOMBRE_DPT": "ANTIOQUIA",
        "MPIO": "042",
        "NOMBRE_MPI": "SANTAFE DE ANTIOQUIA",
        "NOMBRE_CAB": "SANTAFE DE ANTIOQUIA",
        "CLASEMUN": "CM",
        "MPIOS": "05042",
        "ZONA": "ZONA01",
        "OF_REG": "DAMED",
        "REG_ZONAS": "DAMEDZONA01",
        "HECTARES": 44537.948
      },
      "geometry": {
        "type": "Polygon",
        "coordinates": [
          [
            [
              -75.88253939148889,
              6.653684652829764
            ],
            [
              -75.87393313573625,
              6.653684594304208
            ],
            [
              -75.86703596318887,
              6.647884705066015
            ],
            [
              -75.85493537124911,
              6.640884566614363
            ],
            [
              -75.85203611639442,
              6.63858425599501
            ],
            [
              -75.84793899351736,
              6.637984359618065
            ],
            [
              -75.84913692056394,
              6.627584420648877
            ],
            [
              -75.83643365199353,
              6.610783723554899
            ],
            [
              -75.81973255526341,
              6.577183343766665
            ],
            [
              -75.81333900266044,
              6.562083113180281
            ],
            [
              -75.81563562251199,
              6.548282815235253
            ],
            [
              -75.81963361796105,
              6.540183186816218
            ],
            [
              -75.82143424821328,
              6.535583094463195
            ],
            [
              -75.82423434438104,
              6.533882691050626
            ],
            [
              -75.82833917431283,
              6.5228829042438
            ],
            [
              -75.83063577829776,
              6.511382897133006
            ],
            [
              -75.8340387139229,
              6.49518265617011
            ],
            [
              -75.8357402465966,
              6.477282458889674
            ],
            [
              -75.82883558837864,
              6.449582128522109
            ],
            [
              -75.82763793326755,
              6.418981678048453
            ],
            [
              -75.82763802439995,
              6.405081229560842
            ],
            [
              -75.83053733272274,
              6.399281407939713
            ],
            [
              -75.83923518504324,
              6.392981415993912
            ],
            [
              -75.8489401373617,
              6.38898124403217
            ],
            [
              -75.85824063878373,
              6.397081435871161
            ],
            [
              -75.8697385193681,
              6.399481461645903
            ],
            [
              -75.88354051201541,
              6.408781897053398
            ],
            [
              -75.89104040616014,
              6.418081814617181
            ],
            [
              -75.9072380555159,
              6.435982129643411
            ],
            [
              -75.926838608126,
              6.442482582313045
            ],
            [
              -75.94414260781795,
              6.452882642298772
            ],
            [
              -75.96374313866029,
              6.462782986406878
            ],
            [
              -75.97414228460336,
              6.474983084151246
            ],
            [
              -75.98504500331644,
              6.484883371600825
            ],
            [
              -76.00063995977844,
              6.495283422005524
            ],
            [
              -76.01853909971688,
              6.50178386545914
            ],
            [
              -76.02254464486403,
              6.505784128622472
            ],
            [
              -76.02774035121342,
              6.519684139051083
            ],
            [
              -76.02954083913694,
              6.536484286903923
            ],
            [
              -76.0277401123046,
              6.555484565118046
            ],
            [
              -76.02783912757405,
              6.580885044706571
            ],
            [
              -76.00993981637522,
              6.599885215247672
            ],
            [
              -76.00594182378047,
              6.607384976901462
            ],
            [
              -76.00934457800565,
              6.618385293922799
            ],
            [
              -76.01283892324011,
              6.624185160539914
            ],
            [
              -76.00184458673709,
              6.6235852175491
            ],
            [
              -75.98804254352088,
              6.6217850414458
            ],
            [
              -75.97823844239358,
              6.619984892405981
            ],
            [
              -75.96554270359145,
              6.617684992280508
            ],
            [
              -75.95573860268786,
              6.61588484331496
            ],
            [
              -75.94774271977991,
              6.615784652238175
            ],
            [
              -75.93323873240006,
              6.616384899679352
            ],
            [
              -75.93043859652467,
              6.623884668894354
            ],
            [
              -75.92753927162845,
              6.631884645860196
            ],
            [
              -75.92463993784396,
              6.641184973975063
            ],
            [
              -75.91543854926137,
              6.643984934201457
            ],
            [
              -75.91144061169224,
              6.643385038451362
            ],
            [
              -75.9015373766981,
              6.634084623669033
            ],
            [
              -75.89233600735214,
              6.634084561291989
            ],
            [
              -75.8883380386608,
              6.638084770775865
            ],
            [
              -75.88543871714394,
              6.645584539074097
            ],
            [
              -75.88253939148889,
              6.653684652829764
            ]
          ]
        ]
      }
    },
    {
      "type": "Feature",
      "properties": {
        "AREA": 423599973.203,
        "PERIMETER": 94902.191681,
        "WCOLGEN02_": 334,
        "WCOLGEN021": 357,
        "DPTO": "05",
        "NOMBRE_DPT": "ANTIOQUIA",
        "MPIO": "425",
        "NOMBRE_MPI": "MACEO",
        "NOMBRE_CAB": "MACEO",
        "CLASEMUN": "CM",
        "MPIOS": "05425",
        "ZONA": "ZONA05",
        "OF_REG": "DAMED",
        "REG_ZONAS": "DAMEDZONA05",
        "HECTARES": 42359.997
      },
      "geometry": {
        "type": "Polygon",
        "coordinates": [
          [
            [
              -74.85580242489554,
              6.504375848677376
            ],
            [
              -74.86269956712322,
              6.513676231429812
            ],
            [
              -74.87370143480649,
              6.526976397180824
            ],
            [
              -74.8754027998589,
              6.533976457022766
            ],
            [
              -74.87430409157328,
              6.539676625273695
            ],
            [
              -74.86620132000331,
              6.551776449894468
            ],
            [
              -74.86220332039483,
              6.56097662278918
            ],
            [
              -74.8551992537096,
              6.567876963720498
            ],
            [
              -74.85120127707903,
              6.573676772423569
            ],
            [
              -74.83970339272318,
              6.573676694358881
            ],
            [
              -74.82640491153543,
              6.573576467126721
            ],
            [
              -74.81660080998871,
              6.573576400547172
            ],
            [
              -74.80569803949074,
              6.573476666412387
            ],
            [
              -74.79700024567659,
              6.572276394724447
            ],
            [
              -74.78840162177163,
              6.573376411998646
            ],
            [
              -74.78319817210495,
              6.577476268547995
            ],
            [
              -74.77450036285452,
              6.578576285084208
            ],
            [
              -74.7635975928323,
              6.578476074023836
            ],
            [
              -74.75319841046414,
              6.573876380597643
            ],
            [
              -74.74749908129316,
              6.570976185836972
            ],
            [
              -74.73999914718844,
              6.569176054502375
            ],
            [
              -74.72839444905644,
              6.569175975679594
            ],
            [
              -74.71289858324093,
              6.575976120929575
            ],
            [
              -74.70769514620152,
              6.578275896790517
            ],
            [
              -74.69329792637744,
              6.588576073015217
            ],
            [
              -74.68579793338169,
              6.595475932442335
            ],
            [
              -74.67309451507197,
              6.60297610093598
            ],
            [
              -74.66449586417185,
              6.60817600928987
            ],
            [
              -74.6546917450875,
              6.610975961200356
            ],
            [
              -74.64779445887797,
              6.623075791537075
            ],
            [
              -74.64369728967247,
              6.62997615079012
            ],
            [
              -74.63679242931128,
              6.633975858018441
            ],
            [
              -74.6200911306476,
              6.63337587553213
            ],
            [
              -74.60859325724198,
              6.632176060971916
            ],
            [
              -74.60049057790555,
              6.630975792898447
            ],
            [
              -74.58719211164826,
              6.629175621386177
            ],
            [
              -74.58029491293013,
              6.628575706257152
            ],
            [
              -74.57279497198813,
              6.62797531015437
            ],
            [
              -74.57799080626224,
              6.62167530358525
            ],
            [
              -74.5935935655361,
              6.603175354614644
            ],
            [
              -74.61139363911559,
              6.588275580721097
            ],
            [
              -74.61889367511132,
              6.574975065914974
            ],
            [
              -74.63039162689945,
              6.564675347639264
            ],
            [
              -74.63219227105635,
              6.557774973092875
            ],
            [
              -74.63269588288388,
              6.54967485423961
            ],
            [
              -74.63439736518643,
              6.5392749325695
            ],
            [
              -74.63729671789444,
              6.52657473126406
            ],
            [
              -74.63789189267005,
              6.517374537794637
            ],
            [
              -74.64019610143735,
              6.509274908187423
            ],
            [
              -74.64539959648744,
              6.498274665772234
            ],
            [
              -74.64879484432521,
              6.49027470360739
            ],
            [
              -74.65399833516577,
              6.479874328945275
            ],
            [
              -74.66089560412291,
              6.470074310199608
            ],
            [
              -74.66379492921143,
              6.461374340089339
            ],
            [
              -74.66379501403264,
              6.44867411984728
            ],
            [
              -74.66549648725515,
              6.439473934197387
            ],
            [
              -74.67239375185731,
              6.43027426001618
            ],
            [
              -74.67759718032308,
              6.429174219252999
            ],
            [
              -74.68509714538597,
              6.426274113736967
            ],
            [
              -74.69719782725451,
              6.417673864818642
            ],
            [
              -74.69950198552264,
              6.417074012388858
            ],
            [
              -74.71849985922027,
              6.410273889056863
            ],
            [
              -74.72829640615831,
              6.398773945899599
            ],
            [
              -74.73179840435282,
              6.400473912217882
            ],
            [
              -74.74039698907204,
              6.405174204691381
            ],
            [
              -74.74620314898326,
              6.405774110892884
            ],
            [
              -74.75429820073262,
              6.406874239949773
            ],
            [
              -74.76120301846944,
              6.409274233562629
            ],
            [
              -74.76700152963912,
              6.412774295343799
            ],
            [
              -74.76980156562044,
              6.419674700620152
            ],
            [
              -74.78540410077935,
              6.43477497360182
            ],
            [
              -74.79179772876398,
              6.43767469502716
            ],
            [
              -74.80270046840953,
              6.442375003608094
            ],
            [
              -74.81020037654602,
              6.448175365195017
            ],
            [
              -74.81139820840832,
              6.451675396839178
            ],
            [
              -74.81710514526266,
              6.457975477545364
            ],
            [
              -74.82520015819345,
              6.464975579066645
            ],
            [
              -74.83790342219288,
              6.480675702736604
            ],
            [
              -74.84370191082708,
              6.487575652437843
            ],
            [
              -74.84540328817003,
              6.492776108118001
            ],
            [
              -74.84890527860661,
              6.495675810853838
            ],
            [
              -74.85059903365193,
              6.499776190908603
            ],
            [
              -74.85580242489554,
              6.504375848677376
            ]
          ]
        ]
      }
    },
    {
      "type": "Feature",
      "properties": {
        "AREA": 188354867.063,
        "PERIMETER": 70370.717937,
        "WCOLGEN02_": 337,
        "WCOLGEN021": 393,
        "DPTO": "05",
        "NOMBRE_DPT": "ANTIOQUIA",
        "MPIO": "761",
        "NOMBRE_MPI": "SOPETRAN",
        "NOMBRE_CAB": "SOPETRAN",
        "CLASEMUN": "CM",
        "MPIOS": "05761",
        "ZONA": "ZONA01",
        "OF_REG": "DAMED",
        "REG_ZONAS": "DAMEDZONA01",
        "HECTARES": 18835.487
      },
      "geometry": {
        "type": "Polygon",
        "coordinates": [
          [
            [
              -75.71593081697752,
              6.611983122283868
            ],
            [
              -75.71363430547677,
              6.609683293038511
            ],
            [
              -75.70672959410824,
              6.590582824194812
            ],
            [
              -75.70093112826424,
              6.579582494764049
            ],
            [
              -75.69172983156348,
              6.569082350952372
            ],
            [
              -75.6830321224858,
              6.554082244009663
            ],
            [
              -75.68072808184759,
              6.536781890093927
            ],
            [
              -75.67152683502685,
              6.518781485113408
            ],
            [
              -75.66803253255395,
              6.506681572926387
            ],
            [
              -75.66803257519494,
              6.500281387443499
            ],
            [
              -75.67612764929783,
              6.499181364754854
            ],
            [
              -75.68883102544204,
              6.499781794544292
            ],
            [
              -75.70093166211215,
              6.499881535260259
            ],
            [
              -75.72223367448568,
              6.498781600391127
            ],
            [
              -75.7262316266229,
              6.497081681940069
            ],
            [
              -75.73833236008527,
              6.482681582678569
            ],
            [
              -75.74242952499964,
              6.476881769305157
            ],
            [
              -75.75393507614118,
              6.472881610210607
            ],
            [
              -75.76713440361073,
              6.470081675915575
            ],
            [
              -75.77643496848431,
              6.468381792406098
            ],
            [
              -75.78563641266744,
              6.456881832054261
            ],
            [
              -75.78673515214125,
              6.446481417994732
            ],
            [
              -75.78563655379274,
              6.435481597992201
            ],
            [
              -75.7890318044703,
              6.427481626528724
            ],
            [
              -75.79483802391609,
              6.419981402296839
            ],
            [
              -75.79543318650701,
              6.41248114384604
            ],
            [
              -75.80113256049955,
              6.409581022567739
            ],
            [
              -75.80803742058143,
              6.406681386005781
            ],
            [
              -75.81783390957757,
              6.40558137356612
            ],
            [
              -75.82763802439995,
              6.405081229560842
            ],
            [
              -75.82763793326755,
              6.418981678048453
            ],
            [
              -75.82883558837864,
              6.449582128522109
            ],
            [
              -75.8357402465966,
              6.477282458889674
            ],
            [
              -75.8340387139229,
              6.49518265617011
            ],
            [
              -75.83063577829776,
              6.511382897133006
            ],
            [
              -75.82833917431283,
              6.5228829042438
            ],
            [
              -75.82423434438104,
              6.533882691050626
            ],
            [
              -75.82143424821328,
              6.535583094463195
            ],
            [
              -75.80983716349111,
              6.536082748396727
            ],
            [
              -75.80293232233954,
              6.536082702233287
            ],
            [
              -75.79773653279865,
              6.534882930543989
            ],
            [
              -75.78913793426486,
              6.530882637305596
            ],
            [
              -75.77473312423899,
              6.533082694524428
            ],
            [
              -75.763136012644,
              6.537682721107742
            ],
            [
              -75.75683386126067,
              6.545682673418311
            ],
            [
              -75.755132319278,
              6.564782607341821
            ],
            [
              -75.75743639066532,
              6.577482858830201
            ],
            [
              -75.754033453809,
              6.593683099615931
            ],
            [
              -75.7442292847715,
              6.602283373621008
            ],
            [
              -75.73443276909472,
              6.607383143181752
            ],
            [
              -75.72002794336612,
              6.611983150017652
            ],
            [
              -75.71593081697752,
              6.611983122283868
            ]
          ]
        ]
      }
    },
    {
      "type": "Feature",
      "properties": {
        "AREA": 2646107005.15,
        "PERIMETER": 255351.166256,
        "WCOLGEN02_": 339,
        "WCOLGEN021": 401,
        "DPTO": "05",
        "NOMBRE_DPT": "ANTIOQUIA",
        "MPIO": "847",
        "NOMBRE_MPI": "URRAO",
        "NOMBRE_CAB": "URRAO",
        "CLASEMUN": "CM",
        "MPIOS": "05847",
        "ZONA": "ZONA06",
        "OF_REG": "DAMED",
        "REG_ZONAS": "DAMEDZONA06",
        "HECTARES": 264610.701
      },
      "geometry": {
        "type": "Polygon",
        "coordinates": [
          [
            [
              -76.56446380373636,
              6.58258858517061
            ],
            [
              -76.54666375812654,
              6.588288651924224
            ],
            [
              -76.53736336671696,
              6.562888097496868
            ],
            [
              -76.52526291183833,
              6.533887358435162
            ],
            [
              -76.50335829153711,
              6.511887092862324
            ],
            [
              -76.48955619146757,
              6.517587186504572
            ],
            [
              -76.48725955918637,
              6.533187100300776
            ],
            [
              -76.47225950950269,
              6.552787645221615
            ],
            [
              -76.45616080004328,
              6.570587622214738
            ],
            [
              -76.43765876181656,
              6.586087767517149
            ],
            [
              -76.40195189490456,
              6.592287445145598
            ],
            [
              -76.37715555147173,
              6.582987404249921
            ],
            [
              -76.35465580334251,
              6.563786682386938
            ],
            [
              -76.34315028292534,
              6.56208665934413
            ],
            [
              -76.32354969507556,
              6.559686576413657
            ],
            [
              -76.26294722935849,
              6.568086242080571
            ],
            [
              -76.19614944698175,
              6.581685840117883
            ],
            [
              -76.17484738582766,
              6.588485958037434
            ],
            [
              -76.16325028139931,
              6.59128590338345
            ],
            [
              -76.15575029723658,
              6.595286090500574
            ],
            [
              -76.14484759233095,
              6.583185644683129
            ],
            [
              -76.13324293578101,
              6.574485563192284
            ],
            [
              -76.12004368078324,
              6.565685334238653
            ],
            [
              -76.10794309241447,
              6.557585118673338
            ],
            [
              -76.09864259373855,
              6.548885053400423
            ],
            [
              -76.08944126532903,
              6.542484803438071
            ],
            [
              -76.0831468530995,
              6.533784758629518
            ],
            [
              -76.07274768731368,
              6.524484341208086
            ],
            [
              -76.07044357964804,
              6.516984537442964
            ],
            [
              -76.06634650962788,
              6.508284030934198
            ],
            [
              -76.06754444265778,
              6.496784013861955
            ],
            [
              -76.06984103545031,
              6.486983949791865
            ],
            [
              -76.07044380180639,
              6.483483925484562
            ],
            [
              -76.07094741691934,
              6.474783926650493
            ],
            [
              -76.06634680738043,
              6.463283871651068
            ],
            [
              -76.06464542731513,
              6.458083409833203
            ],
            [
              -76.05824422953718,
              6.444783260763719
            ],
            [
              -76.05484150726969,
              6.428582972251538
            ],
            [
              -76.05594788798786,
              6.416382949972338
            ],
            [
              -76.04844804079664,
              6.399682903811264
            ],
            [
              -76.04154327368715,
              6.388082698258852
            ],
            [
              -76.02654344462105,
              6.375282226449857
            ],
            [
              -76.01844080904334,
              6.365482096181338
            ],
            [
              -76.00694295259164,
              6.359081834715809
            ],
            [
              -76.00173964486463,
              6.340481586357249
            ],
            [
              -75.99254588953384,
              6.3427818173908
            ],
            [
              -75.9855418616009,
              6.342781772028679
            ],
            [
              -75.9786447388449,
              6.328881277831637
            ],
            [
              -75.97864481370324,
              6.317281118966219
            ],
            [
              -75.98154417722351,
              6.30288095705244
            ],
            [
              -75.98614490655491,
              6.295981069043898
            ],
            [
              -75.99534635422701,
              6.283880761270704
            ],
            [
              -75.99764289280995,
              6.282180830865003
            ],
            [
              -76.00404418149401,
              6.281581003481246
            ],
            [
              -76.01434423683729,
              6.279380916101728
            ],
            [
              -76.03164834286076,
              6.273681322998156
            ],
            [
              -76.03974343491969,
              6.270180870577918
            ],
            [
              -76.04374144661496,
              6.259281219553275
            ],
            [
              -76.04314642554034,
              6.244780898076081
            ],
            [
              -76.03624170050495,
              6.226280778060402
            ],
            [
              -76.03504399021168,
              6.203180114165799
            ],
            [
              -76.03394542460236,
              6.186480114088269
            ],
            [
              -76.03904217245194,
              6.165079912692062
            ],
            [
              -76.04194919603474,
              6.145479779799776
            ],
            [
              -76.04194928301197,
              6.131579332221056
            ],
            [
              -76.0419493841263,
              6.115379071554274
            ],
            [
              -76.04194943769181,
              6.106779209972356
            ],
            [
              -76.05054811159557,
              6.099279001693533
            ],
            [
              -76.05804811067298,
              6.092379131707429
            ],
            [
              -76.07134666602748,
              6.083179007546547
            ],
            [
              -76.08744532424853,
              6.071178879076863
            ],
            [
              -76.1041467084816,
              6.061978775572771
            ],
            [
              -76.12264865711083,
              6.058579000040142
            ],
            [
              -76.14334801928734,
              6.043679217423797
            ],
            [
              -76.15715012919868,
              6.035078963677541
            ],
            [
              -76.1652528828364,
              6.026379014572035
            ],
            [
              -76.16874735957887,
              6.011378988636845
            ],
            [
              -76.16985371670101,
              6.002178788425673
            ],
            [
              -76.18824892174152,
              5.987178376799569
            ],
            [
              -76.19405509045238,
              5.987778757448213
            ],
            [
              -76.20044874252808,
              5.988478801855556
            ],
            [
              -76.20965010767326,
              5.989578934610874
            ],
            [
              -76.21595220086637,
              5.990778709855558
            ],
            [
              -76.21945417655536,
              5.997178916927917
            ],
            [
              -76.22284935465613,
              6.000678964749287
            ],
            [
              -76.22865550953172,
              6.003579158947276
            ],
            [
              -76.23445401705816,
              6.009379035032338
            ],
            [
              -76.24075606819835,
              6.017479204660897
            ],
            [
              -76.24135112548551,
              6.026679416112041
            ],
            [
              -76.24425032215832,
              6.038879460858277
            ],
            [
              -76.24825576671228,
              6.059679852380047
            ],
            [
              -76.25575561705543,
              6.077079898858077
            ],
            [
              -76.25585468133946,
              6.096680530371946
            ],
            [
              -76.26215669218203,
              6.111180411337338
            ],
            [
              -76.26215658451477,
              6.128480752376363
            ],
            [
              -76.2581509077029,
              6.145180723299492
            ],
            [
              -76.25235220169789,
              6.171181029434432
            ],
            [
              -76.25985207969416,
              6.183881313872218
            ],
            [
              -76.27375326557998,
              6.193181748130066
            ],
            [
              -76.28645666015214,
              6.192081751307909
            ],
            [
              -76.30085384686302,
              6.189881688187484
            ],
            [
              -76.31865386326558,
              6.187681646422717
            ],
            [
              -76.33298238853197,
              6.184675717924002
            ],
            [
              -76.33485928802284,
              6.184281857358648
            ],
            [
              -76.3584578964782,
              6.174481926853883
            ],
            [
              -76.38325431108251,
              6.172882274019075
            ],
            [
              -76.41265903915169,
              6.171882041760623
            ],
            [
              -76.43055806606822,
              6.197882501902485
            ],
            [
              -76.43515870211478,
              6.205982665107411
            ],
            [
              -76.44496272445244,
              6.221082918624067
            ],
            [
              -76.45646055794658,
              6.232083285961312
            ],
            [
              -76.47725898390892,
              6.237983398143026
            ],
            [
              -76.50265812681023,
              6.239283433595722
            ],
            [
              -76.51586511514593,
              6.23298346513576
            ],
            [
              -76.53435943942868,
              6.230083898748399
            ],
            [
              -76.54816149076464,
              6.231884069119477
            ],
            [
              -76.55166345864451,
              6.239484018215208
            ],
            [
              -76.54645996548102,
              6.249284066762353
            ],
            [
              -76.54006624524285,
              6.258983970666979
            ],
            [
              -76.52685920105655,
              6.273984420260684
            ],
            [
              -76.513560582309,
              6.291884552649022
            ],
            [
              -76.50435913009225,
              6.303984390283165
            ],
            [
              -76.49576040329138,
              6.318884731904086
            ],
            [
              -76.49515761491224,
              6.32588478645699
            ],
            [
              -76.49926229251395,
              6.338585055246932
            ],
            [
              -76.51246137262616,
              6.375585314751964
            ],
            [
              -76.5309632442503,
              6.385485654348622
            ],
            [
              -76.54416254801814,
              6.387885692103406
            ],
            [
              -76.54706178677442,
              6.393085686822018
            ],
            [
              -76.534465129051,
              6.405686188577777
            ],
            [
              -76.52695752051716,
              6.40858582370103
            ],
            [
              -76.52115887081452,
              6.424685922336697
            ],
            [
              -76.52695733993498,
              6.436286126768282
            ],
            [
              -76.53096286793519,
              6.443286689313505
            ],
            [
              -76.53446480072462,
              6.455986479793509
            ],
            [
              -76.55056325548586,
              6.476887104622473
            ],
            [
              -76.54825900203494,
              6.491287280965609
            ],
            [
              -76.5598635957643,
              6.510387317254557
            ],
            [
              -76.56566211376516,
              6.514487731487696
            ],
            [
              -76.56446402303567,
              6.549687823113008
            ],
            [
              -76.56446380373636,
              6.58258858517061
            ]
          ]
        ]
      }
    },
    {
      "type": "Feature",
      "properties": {
        "AREA": 39014811.9626,
        "PERIMETER": 27421.231823,
        "WCOLGEN02_": 341,
        "WCOLGEN021": 328,
        "DPTO": "05",
        "NOMBRE_DPT": "ANTIOQUIA",
        "MPIO": "190",
        "NOMBRE_MPI": "CISNEROS",
        "NOMBRE_CAB": "CISNEROS",
        "CLASEMUN": "CM",
        "MPIOS": "05190",
        "ZONA": "ZONA05",
        "OF_REG": "DAMED",
        "REG_ZONAS": "DAMEDZONA05",
        "HECTARES": 3901.481
      },
      "geometry": {
        "type": "Polygon",
        "coordinates": [
          [
            [
              -75.04491081453365,
              6.528877767897643
            ],
            [
              -75.04951150255613,
              6.527777722943425
            ],
            [
              -75.05411219530819,
              6.525977673015706
            ],
            [
              -75.0581101522267,
              6.523177680049013
            ],
            [
              -75.06040668580707,
              6.521977482617045
            ],
            [
              -75.0674107226225,
              6.519677717732163
            ],
            [
              -75.07140868360223,
              6.516277856698509
            ],
            [
              -75.08000731796169,
              6.513977625616302
            ],
            [
              -75.08460799874238,
              6.513977656497321
            ],
            [
              -75.08930788382649,
              6.511177668129894
            ],
            [
              -75.09271071715928,
              6.509977954904605
            ],
            [
              -75.10710785659587,
              6.512378000454171
            ],
            [
              -75.10890841179874,
              6.518777717595853
            ],
            [
              -75.1077105333951,
              6.522178074425551
            ],
            [
              -75.10771050247119,
              6.526778175403651
            ],
            [
              -75.10661178530418,
              6.533778218051838
            ],
            [
              -75.11001459112562,
              6.536678397950467
            ],
            [
              -75.11460764240255,
              6.536678428877943
            ],
            [
              -75.1198110659685,
              6.536678463913662
            ],
            [
              -75.12441174694526,
              6.536678494889474
            ],
            [
              -75.12850885128806,
              6.539578202689594
            ],
            [
              -75.13371225134505,
              6.543078262891193
            ],
            [
              -75.13310948512455,
              6.546578283995416
            ],
            [
              -75.12791366010131,
              6.551178350153511
            ],
            [
              -75.12390805695593,
              6.556378292394501
            ],
            [
              -75.11931495155007,
              6.564378727638227
            ],
            [
              -75.11180733749175,
              6.569578646149739
            ],
            [
              -75.10201085119735,
              6.571278523945065
            ],
            [
              -75.09100889199387,
              6.571178312502663
            ],
            [
              -75.08121242148239,
              6.570578378116038
            ],
            [
              -75.0743076010653,
              6.568278519269072
            ],
            [
              -75.0668076955106,
              6.56187828654512
            ],
            [
              -75.06510631401395,
              6.557278174093689
            ],
            [
              -75.06510638426218,
              6.546877759359661
            ],
            [
              -75.06390856788013,
              6.541077914351842
            ],
            [
              -75.06100932337505,
              6.537577869919676
            ],
            [
              -75.05061011868608,
              6.535777718951787
            ],
            [
              -75.04781004756681,
              6.534077756151241
            ],
            [
              -75.04491081453365,
              6.528877767897643
            ]
          ]
        ]
      }
    },
    {
      "type": "Feature",
      "properties": {
        "AREA": 183130490.179,
        "PERIMETER": 81652.956021,
        "WCOLGEN02_": 344,
        "WCOLGEN021": 334,
        "DPTO": "05",
        "NOMBRE_DPT": "ANTIOQUIA",
        "MPIO": "237",
        "NOMBRE_MPI": "DON MATIAS",
        "NOMBRE_CAB": "DON MATIAS",
        "CLASEMUN": "CM",
        "MPIOS": "05237",
        "ZONA": "ZONA04",
        "OF_REG": "DAMED",
        "REG_ZONAS": "DAMEDZONA04",
        "HECTARES": 18313.049
      },
      "geometry": {
        "type": "Polygon",
        "coordinates": [
          [
            [
              -75.21051996234964,
              6.545064830131045
            ],
            [
              -75.2230173733936,
              6.539479178816611
            ],
            [
              -75.22761810194979,
              6.532478681985795
            ],
            [
              -75.23801737037785,
              6.525079106722854
            ],
            [
              -75.24551735142468,
              6.520479055449838
            ],
            [
              -75.2530173325026,
              6.51587900412443
            ],
            [
              -75.2570152948617,
              6.512379005422887
            ],
            [
              -75.25821320417101,
              6.504378546481522
            ],
            [
              -75.2628139011795,
              6.502078764879903
            ],
            [
              -75.26741463295737,
              6.494578536691976
            ],
            [
              -75.27431950100242,
              6.489978958048157
            ],
            [
              -75.27892018269783,
              6.489978988755991
            ],
            [
              -75.2927146056012,
              6.48887900467407
            ],
            [
              -75.31121649835634,
              6.491878945701611
            ],
            [
              -75.31922000630166,
              6.49187899911682
            ],
            [
              -75.33191575945982,
              6.490779007646774
            ],
            [
              -75.34232263159453,
              6.487379188337838
            ],
            [
              -75.34812117679739,
              6.48627915079336
            ],
            [
              -75.35442330658837,
              6.481079222686057
            ],
            [
              -75.36022187115968,
              6.477079027526563
            ],
            [
              -75.36942330453364,
              6.466679148502625
            ],
            [
              -75.38211911604043,
              6.456879160739881
            ],
            [
              -75.38842122598243,
              6.454679050114306
            ],
            [
              -75.39991917770658,
              6.445478922356561
            ],
            [
              -75.41092120977981,
              6.43507905483176
            ],
            [
              -75.4310253861243,
              6.429978877584992
            ],
            [
              -75.44262251963755,
              6.42137909502257
            ],
            [
              -75.45472316900447,
              6.419078885323245
            ],
            [
              -75.45812600279261,
              6.417979308339903
            ],
            [
              -75.46742656067505,
              6.416879293356454
            ],
            [
              -75.47892444840626,
              6.417479237295253
            ],
            [
              -75.49042233232043,
              6.418679526296173
            ],
            [
              -75.48752301750348,
              6.425579422189979
            ],
            [
              -75.48522646791412,
              6.429079433043803
            ],
            [
              -75.47892432243499,
              6.436579651526421
            ],
            [
              -75.4674264201689,
              6.438179383073637
            ],
            [
              -75.46282572239683,
              6.440479165367551
            ],
            [
              -75.4593236454657,
              6.45027969177741
            ],
            [
              -75.45872087549054,
              6.454379581996626
            ],
            [
              -75.46332144327832,
              6.471679945604484
            ],
            [
              -75.47602478539893,
              6.476980137691178
            ],
            [
              -75.47722259152384,
              6.48447992923982
            ],
            [
              -75.47722251491597,
              6.495979947202727
            ],
            [
              -75.47722249557454,
              6.49888010517325
            ],
            [
              -75.47662736704915,
              6.501180390924076
            ],
            [
              -75.475521039543,
              6.505280278040331
            ],
            [
              -75.46802106088123,
              6.509280462299092
            ],
            [
              -75.46161977946268,
              6.50928041952792
            ],
            [
              -75.45532532930885,
              6.506879950789179
            ],
            [
              -75.44842054076088,
              6.499380121124521
            ],
            [
              -75.44032550323246,
              6.495279695938443
            ],
            [
              -75.42932356291004,
              6.491779596522182
            ],
            [
              -75.42192278952257,
              6.492879623480222
            ],
            [
              -75.41211863596091,
              6.49977994994185
            ],
            [
              -75.41031800651707,
              6.504379563375005
            ],
            [
              -75.40461857286964,
              6.516479887713297
            ],
            [
              -75.39022130095921,
              6.533179779228971
            ],
            [
              -75.37812064059932,
              6.537179932100257
            ],
            [
              -75.36141931773555,
              6.538279896202398
            ],
            [
              -75.34921950714201,
              6.537079600988911
            ],
            [
              -75.33602018903787,
              6.539279664812361
            ],
            [
              -75.32452229088256,
              6.540479800748296
            ],
            [
              -75.31121616937028,
              6.540979442486851
            ],
            [
              -75.30141968519027,
              6.542079452822796
            ],
            [
              -75.28301691226415,
              6.548879583333156
            ],
            [
              -75.26741422619766,
              6.555179524461827
            ],
            [
              -75.25761774985094,
              6.555179458410733
            ],
            [
              -75.24431926293369,
              6.55507923176522
            ],
            [
              -75.231715097664,
              6.551579121213351
            ],
            [
              -75.21841664211397,
              6.546878792977967
            ],
            [
              -75.21051996234964,
              6.545064830131045
            ]
          ]
        ]
      }
    },
    {
      "type": "Feature",
      "properties": {
        "AREA": 262460802.496,
        "PERIMETER": 93146.373042,
        "WCOLGEN02_": 345,
        "WCOLGEN021": 389,
        "DPTO": "05",
        "NOMBRE_DPT": "ANTIOQUIA",
        "MPIO": "690",
        "NOMBRE_MPI": "SANTO DOMINGO",
        "NOMBRE_CAB": "SANTO DOMINGO",
        "CLASEMUN": "CM",
        "MPIOS": "05690",
        "ZONA": "ZONA05",
        "OF_REG": "DAMED",
        "REG_ZONAS": "DAMEDZONA05",
        "HECTARES": 26246.08
      },
      "geometry": {
        "type": "Polygon",
        "coordinates": [
          [
            [
              -75.13371225134505,
              6.543078262891193
            ],
            [
              -75.12850885128806,
              6.539578202689594
            ],
            [
              -75.12441174694526,
              6.536678494889474
            ],
            [
              -75.1198110659685,
              6.536678463913662
            ],
            [
              -75.11460764240255,
              6.536678428877943
            ],
            [
              -75.11001459112562,
              6.536678397950467
            ],
            [
              -75.10661178530418,
              6.533778218051838
            ],
            [
              -75.10771050247119,
              6.526778175403651
            ],
            [
              -75.1077105333951,
              6.522178074425551
            ],
            [
              -75.10890841179874,
              6.518777717595853
            ],
            [
              -75.10710785659587,
              6.512378000454171
            ],
            [
              -75.09271071715928,
              6.509977954904605
            ],
            [
              -75.08930788382649,
              6.511177668129894
            ],
            [
              -75.08460799874238,
              6.513977656497321
            ],
            [
              -75.08000731796169,
              6.513977625616302
            ],
            [
              -75.07140868360223,
              6.516277856698509
            ],
            [
              -75.0674107226225,
              6.519677717732163
            ],
            [
              -75.06040668580707,
              6.521977482617045
            ],
            [
              -75.0581101522267,
              6.523177680049013
            ],
            [
              -75.05411219530819,
              6.525977673015706
            ],
            [
              -75.04951150255613,
              6.527777722943425
            ],
            [
              -75.04491081453365,
              6.528877767897643
            ],
            [
              -75.04031013393697,
              6.528877736934032
            ],
            [
              -75.03620538078626,
              6.528877709306928
            ],
            [
              -75.03050601880486,
              6.530577614842855
            ],
            [
              -75.03161235747923,
              6.524777308813912
            ],
            [
              -75.03100963846211,
              6.521277280039651
            ],
            [
              -75.03050610827528,
              6.51727752090219
            ],
            [
              -75.03330622169523,
              6.512677439134663
            ],
            [
              -75.0374109983245,
              6.509177441995774
            ],
            [
              -75.0420116983591,
              6.506277316158003
            ],
            [
              -75.04951166980413,
              6.502877478686981
            ],
            [
              -75.0575075921709,
              6.495977142929036
            ],
            [
              -75.0650075636904,
              6.492577305353444
            ],
            [
              -75.07140885787116,
              6.490277536283269
            ],
            [
              -75.08350952561256,
              6.484577440621731
            ],
            [
              -75.09441231922692,
              6.481677356679687
            ],
            [
              -75.10251502956247,
              6.478877390933585
            ],
            [
              -75.10831358534698,
              6.47597727282232
            ],
            [
              -75.12041422276599,
              6.474877754454377
            ],
            [
              -75.12731144472603,
              6.472577511619676
            ],
            [
              -75.13301084577793,
              6.465077291922175
            ],
            [
              -75.13130949427968,
              6.455877555870545
            ],
            [
              -75.1267088711048,
              6.447177054904003
            ],
            [
              -75.1140131512471,
              6.443676945854168
            ],
            [
              -75.10771105768318,
              6.443676904019231
            ],
            [
              -75.09561042844473,
              6.443577163581929
            ],
            [
              -75.08581396917594,
              6.441276809876318
            ],
            [
              -75.07710857027351,
              6.435976646754328
            ],
            [
              -75.06670940306071,
              6.428476797722634
            ],
            [
              -75.05920948941564,
              6.423176642859649
            ],
            [
              -75.04830680356577,
              6.409876477977489
            ],
            [
              -75.04080690449527,
              6.402376171924416
            ],
            [
              -75.0361070665778,
              6.398115552750489
            ],
            [
              -75.03900634076905,
              6.397176192058542
            ],
            [
              -75.04540763451371,
              6.394875945820104
            ],
            [
              -75.05341115141385,
              6.393176054884337
            ],
            [
              -75.06151385386184,
              6.391476164572865
            ],
            [
              -75.06841106727022,
              6.390376134229658
            ],
            [
              -75.08341098005359,
              6.388076421331074
            ],
            [
              -75.10011229386356,
              6.387576323409798
            ],
            [
              -75.1128156624323,
              6.388176274973625
            ],
            [
              -75.12261213260162,
              6.388876344354729
            ],
            [
              -75.13411000899067,
              6.390576840693835
            ],
            [
              -75.13471272857193,
              6.394076869276686
            ],
            [
              -75.1532146375579,
              6.394176651219077
            ],
            [
              -75.16071453761472,
              6.401676957954266
            ],
            [
              -75.16181318861759,
              6.404577121946117
            ],
            [
              -75.16761169438156,
              6.409276920988616
            ],
            [
              -75.17681301845178,
              6.41507729535064
            ],
            [
              -75.18661708523497,
              6.420877196992899
            ],
            [
              -75.1976113780939,
              6.42667758349647
            ],
            [
              -75.21031471685622,
              6.431977773534837
            ],
            [
              -75.22241535545783,
              6.430877777631684
            ],
            [
              -75.22871744976202,
              6.430877819335893
            ],
            [
              -75.24201590989988,
              6.434977800548773
            ],
            [
              -75.24491515931918,
              6.437877976840505
            ],
            [
              -75.2408179972146,
              6.443578126938837
            ],
            [
              -75.23741514424027,
              6.447677997632894
            ],
            [
              -75.23391306790148,
              6.45747804493464
            ],
            [
              -75.23451576072598,
              6.464978307353038
            ],
            [
              -75.23621711970553,
              6.473078445247522
            ],
            [
              -75.24031420939043,
              6.478278441999137
            ],
            [
              -75.24261832630765,
              6.484078294964506
            ],
            [
              -75.2472189651364,
              6.490478508276908
            ],
            [
              -75.25181961998548,
              6.494478772385788
            ],
            [
              -75.25581752746805,
              6.499178560763348
            ],
            [
              -75.25821320417101,
              6.504378546481522
            ],
            [
              -75.2570152948617,
              6.512379005422887
            ],
            [
              -75.2530173325026,
              6.51587900412443
            ],
            [
              -75.24551735142468,
              6.520479055449838
            ],
            [
              -75.23801737037785,
              6.525079106722854
            ],
            [
              -75.22761810194979,
              6.532478681985795
            ],
            [
              -75.2230173733936,
              6.539479178816611
            ],
            [
              -75.21051996234964,
              6.545064830131045
            ],
            [
              -75.20631602624456,
              6.544578899102068
            ],
            [
              -75.20111261837752,
              6.542178914754746
            ],
            [
              -75.19301757102266,
              6.539878571095803
            ],
            [
              -75.184411321438,
              6.539878513161458
            ],
            [
              -75.17921551976951,
              6.540978554259318
            ],
            [
              -75.17171557010042,
              6.54097850375704
            ],
            [
              -75.16310932137556,
              6.540878785680832
            ],
            [
              -75.14981081555275,
              6.54377837640927
            ],
            [
              -75.14060944595974,
              6.544878390442565
            ],
            [
              -75.13371225134505,
              6.543078262891193
            ]
          ]
        ]
      }
    },
    {
      "type": "Feature",
      "properties": {
        "AREA": 432420021.679,
        "PERIMETER": 102464.057794,
        "WCOLGEN02_": 350,
        "WCOLGEN021": 413,
        "DPTO": "05",
        "NOMBRE_DPT": "ANTIOQUIA",
        "MPIO": "670",
        "NOMBRE_MPI": "SAN ROQUE",
        "NOMBRE_CAB": "SAN ROQUE",
        "CLASEMUN": "CM",
        "MPIOS": "05670",
        "ZONA": "ZONA05",
        "OF_REG": "DAMED",
        "REG_ZONAS": "DAMEDZONA05",
        "HECTARES": 43242.002
      },
      "geometry": {
        "type": "Polygon",
        "coordinates": [
          [
            [
              -74.85580242489554,
              6.504375848677376
            ],
            [
              -74.85059903365193,
              6.499776190908603
            ],
            [
              -74.84890527860661,
              6.495675810853838
            ],
            [
              -74.84540328817003,
              6.492776108118001
            ],
            [
              -74.84370191082708,
              6.487575652437843
            ],
            [
              -74.83790342219288,
              6.480675702736604
            ],
            [
              -74.82520015819345,
              6.464975579066645
            ],
            [
              -74.81710514526266,
              6.457975477545364
            ],
            [
              -74.81139820840832,
              6.451675396839178
            ],
            [
              -74.81020037654602,
              6.448175365195017
            ],
            [
              -74.81309966319117,
              6.44527522866916
            ],
            [
              -74.81599899573135,
              6.43547518177112
            ],
            [
              -74.83210531898635,
              6.415875156421981
            ],
            [
              -74.84070399993959,
              6.406174807330333
            ],
            [
              -74.84070406868416,
              6.395774873474499
            ],
            [
              -74.84070410697528,
              6.389974561949717
            ],
            [
              -74.8350047998536,
              6.383574821925334
            ],
            [
              -74.82860356484117,
              6.377174600549402
            ],
            [
              -74.82340021133798,
              6.366774156066412
            ],
            [
              -74.82280516689133,
              6.356374218913779
            ],
            [
              -74.82280522723929,
              6.347174021305082
            ],
            [
              -74.81990604371347,
              6.334374121455369
            ],
            [
              -74.81250531639775,
              6.329173629770072
            ],
            [
              -74.81190265299503,
              6.31707374997301
            ],
            [
              -74.84420656437675,
              6.321774196469901
            ],
            [
              -74.84530518841962,
              6.328774250306912
            ],
            [
              -74.85050093178624,
              6.336274061884761
            ],
            [
              -74.85740573204681,
              6.341474073756837
            ],
            [
              -74.86780488180032,
              6.351374344548659
            ],
            [
              -74.87700619928907,
              6.357774584208595
            ],
            [
              -74.8880081185084,
              6.363574491207288
            ],
            [
              -74.89720179858077,
              6.371174943615378
            ],
            [
              -74.91160652349429,
              6.379875029283449
            ],
            [
              -74.92200570446832,
              6.385075065030385
            ],
            [
              -74.93820345056695,
              6.385775176550776
            ],
            [
              -74.95030408964915,
              6.384075312790822
            ],
            [
              -74.95600344690058,
              6.38297527469041
            ],
            [
              -74.9635110626355,
              6.377175488797563
            ],
            [
              -74.97101103690969,
              6.373175306393682
            ],
            [
              -74.98200539190674,
              6.369175623743137
            ],
            [
              -74.9877047118794,
              6.373775284024277
            ],
            [
              -74.99410598945472,
              6.373875463036714
            ],
            [
              -75.00040806713207,
              6.376175792766347
            ],
            [
              -75.00960938578847,
              6.382575556775747
            ],
            [
              -75.02170997243763,
              6.388975816886382
            ],
            [
              -75.0281112317998,
              6.39187601537025
            ],
            [
              -75.0361070665778,
              6.398115552750489
            ],
            [
              -75.04080690449527,
              6.402376171924416
            ],
            [
              -75.04830680356577,
              6.409876477977489
            ],
            [
              -75.05920948941564,
              6.423176642859649
            ],
            [
              -75.06670940306071,
              6.428476797722634
            ],
            [
              -75.07710857027351,
              6.435976646754328
            ],
            [
              -75.08581396917594,
              6.441276809876318
            ],
            [
              -75.09561042844473,
              6.443577163581929
            ],
            [
              -75.10771105768318,
              6.443676904019231
            ],
            [
              -75.1140131512471,
              6.443676945854168
            ],
            [
              -75.1267088711048,
              6.447177054904003
            ],
            [
              -75.13130949427968,
              6.455877555870545
            ],
            [
              -75.13301084577793,
              6.465077291922175
            ],
            [
              -75.12731144472603,
              6.472577511619676
            ],
            [
              -75.12041422276599,
              6.474877754454377
            ],
            [
              -75.10831358534698,
              6.47597727282232
            ],
            [
              -75.10251502956247,
              6.478877390933585
            ],
            [
              -75.09441231922692,
              6.481677356679687
            ],
            [
              -75.08350952561256,
              6.484577440621731
            ],
            [
              -75.07140885787116,
              6.490277536283269
            ],
            [
              -75.0650075636904,
              6.492577305353444
            ],
            [
              -75.0575075921709,
              6.495977142929036
            ],
            [
              -75.04951166980413,
              6.502877478686981
            ],
            [
              -75.0420116983591,
              6.506277316158003
            ],
            [
              -75.0374109983245,
              6.509177441995774
            ],
            [
              -75.03330622169523,
              6.512677439134663
            ],
            [
              -75.03050610827528,
              6.51727752090219
            ],
            [
              -75.03100963846211,
              6.521277280039651
            ],
            [
              -75.03161235747923,
              6.524777308813912
            ],
            [
              -75.03050601880486,
              6.530577614842855
            ],
            [
              -75.02701163453828,
              6.531077322367463
            ],
            [
              -75.02350962399711,
              6.531077298786164
            ],
            [
              -75.01201173762526,
              6.531077221357682
            ],
            [
              -75.00450416027483,
              6.5309775106932
            ],
            [
              -74.99590555347342,
              6.529277508941862
            ],
            [
              -74.980905704171,
              6.522277358828926
            ],
            [
              -74.96940784993036,
              6.517577044227705
            ],
            [
              -74.96130518291446,
              6.514076965303828
            ],
            [
              -74.94860946948428,
              6.50997698765422
            ],
            [
              -74.93940811730303,
              6.508776713138313
            ],
            [
              -74.92900890583968,
              6.508176775363412
            ],
            [
              -74.91630553966847,
              6.507576345275567
            ],
            [
              -74.90130564919839,
              6.506876239677525
            ],
            [
              -74.88520708511518,
              6.506776471445639
            ],
            [
              -74.86620162347025,
              6.506776343753859
            ],
            [
              -74.85580242489554,
              6.504375848677376
            ]
          ]
        ]
      }
    },
    {
      "type": "Feature",
      "properties": {
        "AREA": 223235976.826,
        "PERIMETER": 61276.968164,
        "WCOLGEN02_": 354,
        "WCOLGEN021": 318,
        "DPTO": "05",
        "NOMBRE_DPT": "ANTIOQUIA",
        "MPIO": "125",
        "NOMBRE_MPI": "CAICEDO",
        "NOMBRE_CAB": "CAICEDO",
        "CLASEMUN": "CM",
        "MPIOS": "05125",
        "ZONA": "ZONA06",
        "OF_REG": "DAMED",
        "REG_ZONAS": "DAMEDZONA06",
        "HECTARES": 22323.598
      },
      "geometry": {
        "type": "Polygon",
        "coordinates": [
          [
            [
              -76.06634650962788,
              6.508284030934198
            ],
            [
              -76.06004440987142,
              6.508283989090172
            ],
            [
              -76.05374232210508,
              6.506484341402864
            ],
            [
              -76.04734104082871,
              6.50588395345443
            ],
            [
              -76.04044383895832,
              6.504183962060089
            ],
            [
              -76.03174602996047,
              6.50358403573129
            ],
            [
              -76.02254464486403,
              6.505784128622472
            ],
            [
              -76.01853909971688,
              6.50178386545914
            ],
            [
              -76.00063995977844,
              6.495283422005524
            ],
            [
              -75.98504500331644,
              6.484883371600825
            ],
            [
              -75.97414228460336,
              6.474983084151246
            ],
            [
              -75.96374313866029,
              6.462782986406878
            ],
            [
              -75.94414260781795,
              6.452882642298772
            ],
            [
              -75.926838608126,
              6.442482582313045
            ],
            [
              -75.9072380555159,
              6.435982129643411
            ],
            [
              -75.89104040616014,
              6.418081814617181
            ],
            [
              -75.88354051201541,
              6.408781897053398
            ],
            [
              -75.89564120077227,
              6.401281713280068
            ],
            [
              -75.90604050166948,
              6.389781759454069
            ],
            [
              -75.9181412504611,
              6.373081367238567
            ],
            [
              -75.92393984049986,
              6.365581618866133
            ],
            [
              -75.93194340928123,
              6.356981331229362
            ],
            [
              -75.94584469007756,
              6.350681372234581
            ],
            [
              -75.9636447045254,
              6.347881465764219
            ],
            [
              -75.97234253883028,
              6.344481631737143
            ],
            [
              -75.9855418616009,
              6.342781772028679
            ],
            [
              -75.99254588953384,
              6.3427818173908
            ],
            [
              -76.00173964486463,
              6.340481586357249
            ],
            [
              -76.00694295259164,
              6.359081834715809
            ],
            [
              -76.01844080904334,
              6.365482096181338
            ],
            [
              -76.02654344462105,
              6.375282226449857
            ],
            [
              -76.04154327368715,
              6.388082698258852
            ],
            [
              -76.04844804079664,
              6.399682903811264
            ],
            [
              -76.05594788798786,
              6.416382949972338
            ],
            [
              -76.05484150726969,
              6.428582972251538
            ],
            [
              -76.05824422953718,
              6.444783260763719
            ],
            [
              -76.06464542731513,
              6.458083409833203
            ],
            [
              -76.06634680738043,
              6.463283871651068
            ],
            [
              -76.07094741691934,
              6.474783926650493
            ],
            [
              -76.07044380180639,
              6.483483925484562
            ],
            [
              -76.06984103545031,
              6.486983949791865
            ],
            [
              -76.06754444265778,
              6.496784013861955
            ],
            [
              -76.06634650962788,
              6.508284030934198
            ]
          ]
        ]
      }
    },
    {
      "type": "Feature",
      "properties": {
        "AREA": 221485268.823,
        "PERIMETER": 65488.906726,
        "WCOLGEN02_": 355,
        "WCOLGEN021": 309,
        "DPTO": "05",
        "NOMBRE_DPT": "ANTIOQUIA",
        "MPIO": "079",
        "NOMBRE_MPI": "BARBOSA",
        "NOMBRE_CAB": "BARBOSA",
        "CLASEMUN": "CM",
        "MPIOS": "05079",
        "ZONA": "ZONA03",
        "OF_REG": "DAMED",
        "REG_ZONAS": "DAMEDZONA03",
        "HECTARES": 22148.527
      },
      "geometry": {
        "type": "Polygon",
        "coordinates": [
          [
            [
              -75.25821320417101,
              6.504378546481522
            ],
            [
              -75.25581752746805,
              6.499178560763348
            ],
            [
              -75.25181961998548,
              6.494478772385788
            ],
            [
              -75.2472189651364,
              6.490478508276908
            ],
            [
              -75.24261832630765,
              6.484078294964506
            ],
            [
              -75.24031420939043,
              6.478278441999137
            ],
            [
              -75.23621711970553,
              6.473078445247522
            ],
            [
              -75.23451576072598,
              6.464978307353038
            ],
            [
              -75.23391306790148,
              6.45747804493464
            ],
            [
              -75.23741514424027,
              6.447677997632894
            ],
            [
              -75.2408179972146,
              6.443578126938837
            ],
            [
              -75.24491515931918,
              6.437877976840505
            ],
            [
              -75.24891310611557,
              6.436677790322602
            ],
            [
              -75.25642073891144,
              6.428677850557916
            ],
            [
              -75.2633179689517,
              6.425278007926924
            ],
            [
              -75.27481592688254,
              6.414877668376794
            ],
            [
              -75.30251932392505,
              6.396477922668503
            ],
            [
              -75.30712006223072,
              6.387877618444284
            ],
            [
              -75.31571872843485,
              6.380977761408417
            ],
            [
              -75.31751935319437,
              6.376977540034297
            ],
            [
              -75.31802295953248,
              6.369477761810276
            ],
            [
              -75.32441662207039,
              6.367677722592675
            ],
            [
              -75.32721670475517,
              6.367777877883669
            ],
            [
              -75.35321858335276,
              6.365577895926647
            ],
            [
              -75.36932479649752,
              6.363878057092498
            ],
            [
              -75.38321843206646,
              6.358777838458322
            ],
            [
              -75.38832274325709,
              6.347777587670151
            ],
            [
              -75.39762324427011,
              6.355277907132172
            ],
            [
              -75.41372178669364,
              6.359978250816172
            ],
            [
              -75.41722373064496,
              6.370378213309925
            ],
            [
              -75.4206264961797,
              6.379678576017619
            ],
            [
              -75.42532632605604,
              6.385478444908431
            ],
            [
              -75.43392489884032,
              6.3929787606759
            ],
            [
              -75.43682416015164,
              6.394178516039709
            ],
            [
              -75.4506261503857,
              6.402879079435578
            ],
            [
              -75.45582188094356,
              6.412778846030016
            ],
            [
              -75.45472316900447,
              6.419078885323245
            ],
            [
              -75.44262251963755,
              6.42137909502257
            ],
            [
              -75.4310253861243,
              6.429978877584992
            ],
            [
              -75.41092120977981,
              6.43507905483176
            ],
            [
              -75.39991917770658,
              6.445478922356561
            ],
            [
              -75.38842122598243,
              6.454679050114306
            ],
            [
              -75.38211911604043,
              6.456879160739881
            ],
            [
              -75.36942330453364,
              6.466679148502625
            ],
            [
              -75.36022187115968,
              6.477079027526563
            ],
            [
              -75.35442330658837,
              6.481079222686057
            ],
            [
              -75.34812117679739,
              6.48627915079336
            ],
            [
              -75.34232263159453,
              6.487379188337838
            ],
            [
              -75.33191575945982,
              6.490779007646774
            ],
            [
              -75.31922000630166,
              6.49187899911682
            ],
            [
              -75.31121649835634,
              6.491878945701611
            ],
            [
              -75.2927146056012,
              6.48887900467407
            ],
            [
              -75.27892018269783,
              6.489978988755991
            ],
            [
              -75.27431950100242,
              6.489978958048157
            ],
            [
              -75.26741463295737,
              6.494578536691976
            ],
            [
              -75.2628139011795,
              6.502078764879903
            ],
            [
              -75.25821320417101,
              6.504378546481522
            ]
          ]
        ]
      }
    },
    {
      "type": "Feature",
      "properties": {
        "AREA": 215948613.58,
        "PERIMETER": 66002.442969,
        "WCOLGEN02_": 357,
        "WCOLGEN021": 383,
        "DPTO": "05",
        "NOMBRE_DPT": "ANTIOQUIA",
        "MPIO": "664",
        "NOMBRE_MPI": "SAN PEDRO",
        "NOMBRE_CAB": "SAN PEDRO",
        "CLASEMUN": "CM",
        "MPIOS": "05664",
        "ZONA": "ZONA01",
        "OF_REG": "DAMED",
        "REG_ZONAS": "DAMEDZONA01",
        "HECTARES": 21594.861
      },
      "geometry": {
        "type": "Polygon",
        "coordinates": [
          [
            [
              -75.47722249557454,
              6.49888010517325
            ],
            [
              -75.47722251491597,
              6.495979947202727
            ],
            [
              -75.47722259152384,
              6.48447992923982
            ],
            [
              -75.47602478539893,
              6.476980137691178
            ],
            [
              -75.46332144327832,
              6.471679945604484
            ],
            [
              -75.45872087549054,
              6.454379581996626
            ],
            [
              -75.4593236454657,
              6.45027969177741
            ],
            [
              -75.46282572239683,
              6.440479165367551
            ],
            [
              -75.4674264201689,
              6.438179383073637
            ],
            [
              -75.47892432243499,
              6.436579651526421
            ],
            [
              -75.48522646791412,
              6.429079433043803
            ],
            [
              -75.48752301750348,
              6.425579422189979
            ],
            [
              -75.49042233232043,
              6.418679526296173
            ],
            [
              -75.49332160563243,
              6.418079200336144
            ],
            [
              -75.49912777337222,
              6.418179375561722
            ],
            [
              -75.50192786117454,
              6.417579525783099
            ],
            [
              -75.50602499385,
              6.416479476461018
            ],
            [
              -75.5117243510834,
              6.41587964575945
            ],
            [
              -75.52042984953037,
              6.406679498307985
            ],
            [
              -75.52612921800815,
              6.404379246158886
            ],
            [
              -75.53252287343156,
              6.403879556921533
            ],
            [
              -75.53882501174425,
              6.397479414367094
            ],
            [
              -75.54232702411353,
              6.397479437348522
            ],
            [
              -75.54692773328125,
              6.393479233344983
            ],
            [
              -75.55552634846829,
              6.394679503050617
            ],
            [
              -75.56482687313631,
              6.398779458462979
            ],
            [
              -75.58152813090221,
              6.408079910295966
            ],
            [
              -75.58963081146051,
              6.410379776457559
            ],
            [
              -75.60862863384213,
              6.413980064683036
            ],
            [
              -75.6172272607414,
              6.413479913077755
            ],
            [
              -75.61902790975286,
              6.405880003801675
            ],
            [
              -75.61892877340932,
              6.398379742250413
            ],
            [
              -75.63163220119674,
              6.390979701610116
            ],
            [
              -75.64142866614215,
              6.393280055619269
            ],
            [
              -75.64953133150766,
              6.397980348607608
            ],
            [
              -75.6605332634989,
              6.403180392019887
            ],
            [
              -75.66453120339442,
              6.403280078402957
            ],
            [
              -75.67312982027937,
              6.404380211282714
            ],
            [
              -75.67602906721866,
              6.407880256906345
            ],
            [
              -75.68123244778891,
              6.414880344341928
            ],
            [
              -75.680629670656,
              6.420080788714493
            ],
            [
              -75.67203097079954,
              6.431580751646121
            ],
            [
              -75.66803297352385,
              6.440180586508457
            ],
            [
              -75.6674301652178,
              6.450080794336582
            ],
            [
              -75.66633144494261,
              6.457581048743132
            ],
            [
              -75.66633140722142,
              6.463281228574774
            ],
            [
              -75.66633133035191,
              6.474881385510767
            ],
            [
              -75.66633129584812,
              6.480081357249708
            ],
            [
              -75.6576334709459,
              6.482381112767012
            ],
            [
              -75.65013351030719,
              6.483481139497358
            ],
            [
              -75.6392307304936,
              6.483380930063769
            ],
            [
              -75.63232587528985,
              6.485681174239533
            ],
            [
              -75.61383157144277,
              6.487880727476287
            ],
            [
              -75.60633160647265,
              6.489680759430867
            ],
            [
              -75.59542881916022,
              6.490780763388331
            ],
            [
              -75.58502954337666,
              6.498780686871494
            ],
            [
              -75.57463031363909,
              6.49988069405446
            ],
            [
              -75.56142338963659,
              6.498080524264034
            ],
            [
              -75.55442699038126,
              6.498680822786489
            ],
            [
              -75.54232634753546,
              6.499780818571719
            ],
            [
              -75.53662698670665,
              6.500880380164697
            ],
            [
              -75.52742561355305,
              6.501980395228935
            ],
            [
              -75.51812506228924,
              6.50198033319176
            ],
            [
              -75.50602443122803,
              6.501380384193176
            ],
            [
              -75.49562521433462,
              6.500680309557566
            ],
            [
              -75.48532519375476,
              6.49838042794789
            ],
            [
              -75.47722249557454,
              6.49888010517325
            ]
          ]
        ]
      }
    },
    {
      "type": "Feature",
      "properties": {
        "AREA": 151309514.321,
        "PERIMETER": 50681.246069,
        "WCOLGEN02_": 358,
        "WCOLGEN021": 379,
        "DPTO": "05",
        "NOMBRE_DPT": "ANTIOQUIA",
        "MPIO": "656",
        "NOMBRE_MPI": "SAN JERONIMO",
        "NOMBRE_CAB": "SAN JERONIMO",
        "CLASEMUN": "CM",
        "MPIOS": "05656",
        "ZONA": "ZONA01",
        "OF_REG": "DAMED",
        "REG_ZONAS": "DAMEDZONA01",
        "HECTARES": 15130.951
      },
      "geometry": {
        "type": "Polygon",
        "coordinates": [
          [
            [
              -75.66633129584812,
              6.480081357249708
            ],
            [
              -75.66633133035191,
              6.474881385510767
            ],
            [
              -75.66633140722142,
              6.463281228574774
            ],
            [
              -75.66633144494261,
              6.457581048743132
            ],
            [
              -75.6674301652178,
              6.450080794336582
            ],
            [
              -75.66803297352385,
              6.440180586508457
            ],
            [
              -75.67203097079954,
              6.431580751646121
            ],
            [
              -75.680629670656,
              6.420080788714493
            ],
            [
              -75.68123244778891,
              6.414880344341928
            ],
            [
              -75.67602906721866,
              6.407880256906345
            ],
            [
              -75.67312982027937,
              6.404380211282714
            ],
            [
              -75.67373259732115,
              6.399180243868326
            ],
            [
              -75.67773056805555,
              6.39458016702658
            ],
            [
              -75.67833335616525,
              6.387680254860501
            ],
            [
              -75.67543412418334,
              6.381879919455177
            ],
            [
              -75.6720313197543,
              6.378379870714743
            ],
            [
              -75.68183543308064,
              6.377880203465019
            ],
            [
              -75.69102917062187,
              6.377880263523994
            ],
            [
              -75.6991318665317,
              6.377979976608423
            ],
            [
              -75.70483122093245,
              6.377980013834653
            ],
            [
              -75.71233117463241,
              6.37798006281847
            ],
            [
              -75.723935883734,
              6.378080275606783
            ],
            [
              -75.73133666703453,
              6.37578051075332
            ],
            [
              -75.74173590929028,
              6.37298055725235
            ],
            [
              -75.7567358244825,
              6.371880578569298
            ],
            [
              -75.75903229552154,
              6.380480455013251
            ],
            [
              -75.7677376788288,
              6.389180987331788
            ],
            [
              -75.77063693724305,
              6.390980611391593
            ],
            [
              -75.77863277346313,
              6.397981194381611
            ],
            [
              -75.78153201749063,
              6.40198097168915
            ],
            [
              -75.7936326028214,
              6.410081181610724
            ],
            [
              -75.79543318650701,
              6.41248114384604
            ],
            [
              -75.79483802391609,
              6.419981402296839
            ],
            [
              -75.7890318044703,
              6.427481626528724
            ],
            [
              -75.78563655379274,
              6.435481597992201
            ],
            [
              -75.78673515214125,
              6.446481417994732
            ],
            [
              -75.78563641266744,
              6.456881832054261
            ],
            [
              -75.77643496848431,
              6.468381792406098
            ],
            [
              -75.76713440361073,
              6.470081675915575
            ],
            [
              -75.75393507614118,
              6.472881610210607
            ],
            [
              -75.74242952499964,
              6.476881769305157
            ],
            [
              -75.73833236008527,
              6.482681582678569
            ],
            [
              -75.7262316266229,
              6.497081681940069
            ],
            [
              -75.72223367448568,
              6.498781600391127
            ],
            [
              -75.70093166211215,
              6.499881535260259
            ],
            [
              -75.68883102544204,
              6.499781794544292
            ],
            [
              -75.67612764929783,
              6.499181364754854
            ],
            [
              -75.66803257519494,
              6.500281387443499
            ],
            [
              -75.6651333478994,
              6.493881182716666
            ],
            [
              -75.66453066610728,
              6.484681448692542
            ],
            [
              -75.66633129584812,
              6.480081357249708
            ]
          ]
        ]
      }
    },
    {
      "type": "Feature",
      "properties": {
        "AREA": 309947085.987,
        "PERIMETER": 82758.004373,
        "WCOLGEN02_": 367,
        "WCOLGEN021": 322,
        "DPTO": "05",
        "NOMBRE_DPT": "ANTIOQUIA",
        "MPIO": "142",
        "NOMBRE_MPI": "CARACOLI",
        "NOMBRE_CAB": "CARACOLI",
        "CLASEMUN": "CM",
        "MPIOS": "05142",
        "ZONA": "ZONA05",
        "OF_REG": "DAMED",
        "REG_ZONAS": "DAMEDZONA05",
        "HECTARES": 30994.709
      },
      "geometry": {
        "type": "Polygon",
        "coordinates": [
          [
            [
              -74.81020037654602,
              6.448175365195017
            ],
            [
              -74.80270046840953,
              6.442375003608094
            ],
            [
              -74.79179772876398,
              6.43767469502716
            ],
            [
              -74.78540410077935,
              6.43477497360182
            ],
            [
              -74.76980156562044,
              6.419674700620152
            ],
            [
              -74.76700152963912,
              6.412774295343799
            ],
            [
              -74.76120301846944,
              6.409274233562629
            ],
            [
              -74.75429820073262,
              6.406874239949773
            ],
            [
              -74.74620314898326,
              6.405774110892884
            ],
            [
              -74.74039698907204,
              6.405174204691381
            ],
            [
              -74.73179840435282,
              6.400473912217882
            ],
            [
              -74.72660268529393,
              6.389474077528089
            ],
            [
              -74.72259713019265,
              6.387774107950186
            ],
            [
              -74.71619589995615,
              6.380774019498111
            ],
            [
              -74.71100016957683,
              6.371473651525515
            ],
            [
              -74.7006009908801,
              6.366273616983618
            ],
            [
              -74.6949016766019,
              6.361073613503089
            ],
            [
              -74.68969827116958,
              6.358673154837914
            ],
            [
              -74.68679902657725,
              6.355273249783619
            ],
            [
              -74.68049699691036,
              6.34597335204442
            ],
            [
              -74.67699507879053,
              6.332072897999946
            ],
            [
              -74.673500722126,
              6.328572852374202
            ],
            [
              -74.66369669422261,
              6.317572989405396
            ],
            [
              -74.65159612679216,
              6.308872445416455
            ],
            [
              -74.63779415153088,
              6.299572499845435
            ],
            [
              -74.63259844296758,
              6.286872248268615
            ],
            [
              -74.63140067441819,
              6.273572155366801
            ],
            [
              -74.6314007347251,
              6.264271823484542
            ],
            [
              -74.63140078652708,
              6.256271840579157
            ],
            [
              -74.62969942387363,
              6.248671917400611
            ],
            [
              -74.62559476937774,
              6.233671386838603
            ],
            [
              -74.6376954711583,
              6.221571592445164
            ],
            [
              -74.6503988927509,
              6.212971347138344
            ],
            [
              -74.66019530294298,
              6.222271741798219
            ],
            [
              -74.67119716041596,
              6.23737197721869
            ],
            [
              -74.68670049305486,
              6.255272260332654
            ],
            [
              -74.70289823903703,
              6.25537250204432
            ],
            [
              -74.71560163595326,
              6.250772486420987
            ],
            [
              -74.71840178463815,
              6.240372096816538
            ],
            [
              -74.71789828315607,
              6.231772242524074
            ],
            [
              -74.71499905734773,
              6.225372046433248
            ],
            [
              -74.71840187739205,
              6.225971935964128
            ],
            [
              -74.7317003568268,
              6.226072158485693
            ],
            [
              -74.74319823963597,
              6.226072232519087
            ],
            [
              -74.75069814850552,
              6.231872590805146
            ],
            [
              -74.75940349380515,
              6.245172733184399
            ],
            [
              -74.76860482959292,
              6.248672815366149
            ],
            [
              -74.77029854480948,
              6.259072757819935
            ],
            [
              -74.78820518432543,
              6.282273161893348
            ],
            [
              -74.80380002450538,
              6.307773363124268
            ],
            [
              -74.81190265299503,
              6.31707374997301
            ],
            [
              -74.81250531639775,
              6.329173629770072
            ],
            [
              -74.81990604371347,
              6.334374121455369
            ],
            [
              -74.82280522723929,
              6.347174021305082
            ],
            [
              -74.82280516689133,
              6.356374218913779
            ],
            [
              -74.82340021133798,
              6.366774156066412
            ],
            [
              -74.82860356484117,
              6.377174600549402
            ],
            [
              -74.8350047998536,
              6.383574821925334
            ],
            [
              -74.84070410697528,
              6.389974561949717
            ],
            [
              -74.84070406868416,
              6.395774873474499
            ],
            [
              -74.84070399993959,
              6.406174807330333
            ],
            [
              -74.83210531898635,
              6.415875156421981
            ],
            [
              -74.81599899573135,
              6.43547518177112
            ],
            [
              -74.81309966319117,
              6.44527522866916
            ],
            [
              -74.81020037654602,
              6.448175365195017
            ]
          ]
        ]
      }
    },
    {
      "type": "Feature",
      "properties": {
        "AREA": 155676213.664,
        "PERIMETER": 53568.757343,
        "WCOLGEN02_": 368,
        "WCOLGEN021": 330,
        "DPTO": "05",
        "NOMBRE_DPT": "ANTIOQUIA",
        "MPIO": "206",
        "NOMBRE_MPI": "CONCEPCION",
        "NOMBRE_CAB": "CONCEPCION",
        "CLASEMUN": "CM",
        "MPIOS": "05206",
        "ZONA": "ZONA01",
        "OF_REG": "DAMED",
        "REG_ZONAS": "DAMEDZONA01",
        "HECTARES": 15567.621
      },
      "geometry": {
        "type": "Polygon",
        "coordinates": [
          [
            [
              -75.24491515931918,
              6.437877976840505
            ],
            [
              -75.24201590989988,
              6.434977800548773
            ],
            [
              -75.22871744976202,
              6.430877819335893
            ],
            [
              -75.22241535545783,
              6.430877777631684
            ],
            [
              -75.21031471685622,
              6.431977773534837
            ],
            [
              -75.1976113780939,
              6.42667758349647
            ],
            [
              -75.18661708523497,
              6.420877196992899
            ],
            [
              -75.17681301845178,
              6.41507729535064
            ],
            [
              -75.16761169438156,
              6.409276920988616
            ],
            [
              -75.16181318861759,
              6.404577121946117
            ],
            [
              -75.16071453761472,
              6.401676957954266
            ],
            [
              -75.1532146375579,
              6.394176651219077
            ],
            [
              -75.15721267463191,
              6.379176639911477
            ],
            [
              -75.15951689102864,
              6.36987679393745
            ],
            [
              -75.16351484786142,
              6.367076800455288
            ],
            [
              -75.16991613839478,
              6.365376421728719
            ],
            [
              -75.1699161763722,
              6.359576585269245
            ],
            [
              -75.16991624438268,
              6.349176648402024
            ],
            [
              -75.1727163990843,
              6.338176385111137
            ],
            [
              -75.17681357525049,
              6.330176423843293
            ],
            [
              -75.18021642359165,
              6.326676421474738
            ],
            [
              -75.18431357757692,
              6.322076347780654
            ],
            [
              -75.1866177707203,
              6.316276049637263
            ],
            [
              -75.1912185038982,
              6.308276091611901
            ],
            [
              -75.19751300202505,
              6.303076164170157
            ],
            [
              -75.20101497552065,
              6.308876023196074
            ],
            [
              -75.2027163318321,
              6.317576504045499
            ],
            [
              -75.20901839606029,
              6.322176168659689
            ],
            [
              -75.2154196419028,
              6.327376655671702
            ],
            [
              -75.22521606818752,
              6.334976636896369
            ],
            [
              -75.23101458248863,
              6.338476699456175
            ],
            [
              -75.2494172555669,
              6.346576945097031
            ],
            [
              -75.25401797037036,
              6.34147666641966
            ],
            [
              -75.25861869362967,
              6.335076991571759
            ],
            [
              -75.26381447651852,
              6.336877106345333
            ],
            [
              -75.27191716168183,
              6.338076895220568
            ],
            [
              -75.27591507454439,
              6.34207715413876
            ],
            [
              -75.28462047968672,
              6.346776971985259
            ],
            [
              -75.29212045621567,
              6.342777264841256
            ],
            [
              -75.29901764509164,
              6.345676989966327
            ],
            [
              -75.30132174401845,
              6.354377476013491
            ],
            [
              -75.31742027371263,
              6.360777286571458
            ],
            [
              -75.31802295953248,
              6.369477761810276
            ],
            [
              -75.31751935319437,
              6.376977540034297
            ],
            [
              -75.31571872843485,
              6.380977761408417
            ],
            [
              -75.30712006223072,
              6.387877618444284
            ],
            [
              -75.30251932392505,
              6.396477922668503
            ],
            [
              -75.27481592688254,
              6.414877668376794
            ],
            [
              -75.2633179689517,
              6.425278007926924
            ],
            [
              -75.25642073891144,
              6.428677850557916
            ],
            [
              -75.24891310611557,
              6.436677790322602
            ],
            [
              -75.24491515931918,
              6.437877976840505
            ]
          ]
        ]
      }
    },
    {
      "type": "Feature",
      "properties": {
        "AREA": 82737711.1107,
        "PERIMETER": 37254.629252,
        "WCOLGEN02_": 369,
        "WCOLGEN021": 342,
        "DPTO": "05",
        "NOMBRE_DPT": "ANTIOQUIA",
        "MPIO": "308",
        "NOMBRE_MPI": "GIRARDOTA",
        "NOMBRE_CAB": "GIRARDOTA",
        "CLASEMUN": "CM",
        "MPIOS": "05308",
        "ZONA": "ZONA03",
        "OF_REG": "DAMED",
        "REG_ZONAS": "DAMEDZONA03",
        "HECTARES": 8273.771
      },
      "geometry": {
        "type": "Polygon",
        "coordinates": [
          [
            [
              -75.49042233232043,
              6.418679526296173
            ],
            [
              -75.47892444840626,
              6.417479237295253
            ],
            [
              -75.46742656067505,
              6.416879293356454
            ],
            [
              -75.45812600279261,
              6.417979308339903
            ],
            [
              -75.45472316900447,
              6.419078885323245
            ],
            [
              -75.45582188094356,
              6.412778846030016
            ],
            [
              -75.4506261503857,
              6.402879079435578
            ],
            [
              -75.43682416015164,
              6.394178516039709
            ],
            [
              -75.43392489884032,
              6.3929787606759
            ],
            [
              -75.42532632605604,
              6.385478444908431
            ],
            [
              -75.4206264961797,
              6.379678576017619
            ],
            [
              -75.41722373064496,
              6.370378213309925
            ],
            [
              -75.41372178669364,
              6.359978250816172
            ],
            [
              -75.41542325208594,
              6.351978271789646
            ],
            [
              -75.41952044489724,
              6.341577882233722
            ],
            [
              -75.42122192184137,
              6.331777822083747
            ],
            [
              -75.42122195562334,
              6.326577852448261
            ],
            [
              -75.42122201208016,
              6.31787785746296
            ],
            [
              -75.42982063722438,
              6.317377705266302
            ],
            [
              -75.44142536949047,
              6.313377547121839
            ],
            [
              -75.45232814762946,
              6.313377617800442
            ],
            [
              -75.45752395039483,
              6.312278052193424
            ],
            [
              -75.46792317141968,
              6.312278119585129
            ],
            [
              -75.47312658514684,
              6.314077757715663
            ],
            [
              -75.47652178207582,
              6.314077779721635
            ],
            [
              -75.47942859478941,
              6.327378372647479
            ],
            [
              -75.48232780758931,
              6.336078387091963
            ],
            [
              -75.48982767692814,
              6.348778665383684
            ],
            [
              -75.49332196883132,
              6.362678654243961
            ],
            [
              -75.49672469355227,
              6.378279064086364
            ],
            [
              -75.49902883075825,
              6.381178760005551
            ],
            [
              -75.50022652018575,
              6.406579228512982
            ],
            [
              -75.50602499385,
              6.416479476461018
            ],
            [
              -75.50192786117454,
              6.417579525783099
            ],
            [
              -75.49912777337222,
              6.418179375561722
            ],
            [
              -75.49332160563243,
              6.418079200336144
            ],
            [
              -75.49042233232043,
              6.418679526296173
            ]
          ]
        ]
      }
    },
    {
      "type": "Feature",
      "properties": {
        "AREA": 66310604.578,
        "PERIMETER": 37701.402725,
        "WCOLGEN02_": 371,
        "WCOLGEN021": 332,
        "DPTO": "05",
        "NOMBRE_DPT": "ANTIOQUIA",
        "MPIO": "212",
        "NOMBRE_MPI": "COPACABANA",
        "NOMBRE_CAB": "COPACABANA",
        "CLASEMUN": "CM",
        "MPIOS": "05212",
        "ZONA": "ZONA06",
        "OF_REG": "DAMED",
        "REG_ZONAS": "DAMEDZONA06",
        "HECTARES": 6631.06
      },
      "geometry": {
        "type": "Polygon",
        "coordinates": [
          [
            [
              -75.54692773328125,
              6.393479233344983
            ],
            [
              -75.54232702411353,
              6.397479437348522
            ],
            [
              -75.53882501174425,
              6.397479414367094
            ],
            [
              -75.53252287343156,
              6.403879556921533
            ],
            [
              -75.52612921800815,
              6.404379246158886
            ],
            [
              -75.52042984953037,
              6.406679498307985
            ],
            [
              -75.5117243510834,
              6.41587964575945
            ],
            [
              -75.50602499385,
              6.416479476461018
            ],
            [
              -75.50022652018575,
              6.406579228512982
            ],
            [
              -75.49902883075825,
              6.381178760005551
            ],
            [
              -75.49672469355227,
              6.378279064086364
            ],
            [
              -75.49332196883132,
              6.362678654243961
            ],
            [
              -75.48982767692814,
              6.348778665383684
            ],
            [
              -75.48232780758931,
              6.336078387091963
            ],
            [
              -75.47942859478941,
              6.327378372647479
            ],
            [
              -75.47652178207582,
              6.314077779721635
            ],
            [
              -75.48292306350896,
              6.314077821209478
            ],
            [
              -75.49092657989422,
              6.312978273752857
            ],
            [
              -75.499624424828,
              6.30727815213509
            ],
            [
              -75.5048279027365,
              6.299178058409077
            ],
            [
              -75.51342657765134,
              6.291077986581162
            ],
            [
              -75.51802725977203,
              6.291178153252784
            ],
            [
              -75.52202520357847,
              6.290577834063628
            ],
            [
              -75.52612995871874,
              6.290577860556734
            ],
            [
              -75.53073063767347,
              6.291178235251072
            ],
            [
              -75.5347285589545,
              6.294077941735571
            ],
            [
              -75.54052707143205,
              6.298178349906642
            ],
            [
              -75.54222845512902,
              6.302778462850936
            ],
            [
              -75.54172486418608,
              6.307978429742596
            ],
            [
              -75.53882549758694,
              6.32297845336191
            ],
            [
              -75.53762758182927,
              6.33217864971101
            ],
            [
              -75.53762751035178,
              6.343178935346151
            ],
            [
              -75.5371238964005,
              6.351878928313893
            ],
            [
              -75.53252319137572,
              6.355278787253779
            ],
            [
              -75.52962389518588,
              6.359378662453278
            ],
            [
              -75.53823006482968,
              6.372078949052552
            ],
            [
              -75.54232718648134,
              6.372679320892738
            ],
            [
              -75.54692783149693,
              6.378479189742063
            ],
            [
              -75.54692773328125,
              6.393479233344983
            ]
          ]
        ]
      }
    },
    {
      "type": "Feature",
      "properties": {
        "AREA": 150502452.211,
        "PERIMETER": 50813.38957,
        "WCOLGEN02_": 372,
        "WCOLGEN021": 311,
        "DPTO": "05",
        "NOMBRE_DPT": "ANTIOQUIA",
        "MPIO": "088",
        "NOMBRE_MPI": "BELLO",
        "NOMBRE_CAB": "BELLO",
        "CLASEMUN": "CM",
        "MPIOS": "05088",
        "ZONA": "ZONA06",
        "OF_REG": "DAMED",
        "REG_ZONAS": "DAMEDZONA06",
        "HECTARES": 15050.245
      },
      "geometry": {
        "type": "Polygon",
        "coordinates": [
          [
            [
              -75.67312982027937,
              6.404380211282714
            ],
            [
              -75.66453120339442,
              6.403280078402957
            ],
            [
              -75.6605332634989,
              6.403180392019887
            ],
            [
              -75.64953133150766,
              6.397980348607608
            ],
            [
              -75.64142866614215,
              6.393280055619269
            ],
            [
              -75.63163220119674,
              6.390979701610116
            ],
            [
              -75.61892877340932,
              6.398379742250413
            ],
            [
              -75.61902790975286,
              6.405880003801675
            ],
            [
              -75.6172272607414,
              6.413479913077755
            ],
            [
              -75.60862863384213,
              6.413980064683036
            ],
            [
              -75.58963081146051,
              6.410379776457559
            ],
            [
              -75.58152813090221,
              6.408079910295966
            ],
            [
              -75.56482687313631,
              6.398779458462979
            ],
            [
              -75.55552634846829,
              6.394679503050617
            ],
            [
              -75.54692773328125,
              6.393479233344983
            ],
            [
              -75.54692783149693,
              6.378479189742063
            ],
            [
              -75.54232718648134,
              6.372679320892738
            ],
            [
              -75.53823006482968,
              6.372078949052552
            ],
            [
              -75.52962389518588,
              6.359378662453278
            ],
            [
              -75.53252319137572,
              6.355278787253779
            ],
            [
              -75.5371238964005,
              6.351878928313893
            ],
            [
              -75.53762751035178,
              6.343178935346151
            ],
            [
              -75.53762758182927,
              6.33217864971101
            ],
            [
              -75.53882549758694,
              6.32297845336191
            ],
            [
              -75.54172486418608,
              6.307978429742596
            ],
            [
              -75.54222845512902,
              6.302778462850936
            ],
            [
              -75.55262769513756,
              6.29997850945842
            ],
            [
              -75.5595249344407,
              6.295378452006866
            ],
            [
              -75.5647283899746,
              6.290778383581504
            ],
            [
              -75.57573036210809,
              6.289678378323377
            ],
            [
              -75.58372624246626,
              6.289678429894178
            ],
            [
              -75.58783099786648,
              6.289678456366866
            ],
            [
              -75.59993161444116,
              6.292678352251245
            ],
            [
              -75.60563095726657,
              6.294378810342056
            ],
            [
              -75.61313086887765,
              6.30077856564735
            ],
            [
              -75.62472789865592,
              6.308379037715821
            ],
            [
              -75.63733202517292,
              6.318779060605183
            ],
            [
              -75.6477311917881,
              6.327479124948931
            ],
            [
              -75.65413238418503,
              6.341379611360939
            ],
            [
              -75.6587330221504,
              6.348379693890752
            ],
            [
              -75.66223496011213,
              6.359879735175685
            ],
            [
              -75.67203136088165,
              6.372079823056958
            ],
            [
              -75.6720313197543,
              6.378379870714743
            ],
            [
              -75.67543412418334,
              6.381879919455177
            ],
            [
              -75.67833335616525,
              6.387680254860501
            ],
            [
              -75.67773056805555,
              6.39458016702658
            ],
            [
              -75.67373259732115,
              6.399180243868326
            ],
            [
              -75.67312982027937,
              6.404380211282714
            ]
          ]
        ]
      }
    },
    {
      "type": "Feature",
      "properties": {
        "AREA": 221099701.558,
        "PERIMETER": 64103.016948,
        "WCOLGEN02_": 373,
        "WCOLGEN021": 335,
        "DPTO": "05",
        "NOMBRE_DPT": "ANTIOQUIA",
        "MPIO": "240",
        "NOMBRE_MPI": "EBEJICO",
        "NOMBRE_CAB": "EBEJICO",
        "CLASEMUN": "CM",
        "MPIOS": "05240",
        "ZONA": "ZONA01",
        "OF_REG": "DAMED",
        "REG_ZONAS": "DAMEDZONA01",
        "HECTARES": 22109.97
      },
      "geometry": {
        "type": "Polygon",
        "coordinates": [
          [
            [
              -75.79543318650701,
              6.41248114384604
            ],
            [
              -75.7936326028214,
              6.410081181610724
            ],
            [
              -75.78153201749063,
              6.40198097168915
            ],
            [
              -75.77863277346313,
              6.397981194381611
            ],
            [
              -75.77063693724305,
              6.390980611391593
            ],
            [
              -75.7677376788288,
              6.389180987331788
            ],
            [
              -75.75903229552154,
              6.380480455013251
            ],
            [
              -75.7567358244825,
              6.371880578569298
            ],
            [
              -75.75153246205585,
              6.36198033278411
            ],
            [
              -75.73023063714858,
              6.33417977852306
            ],
            [
              -75.72733139690583,
              6.329579656750203
            ],
            [
              -75.72443225813555,
              6.309279484488284
            ],
            [
              -75.72093031930706,
              6.297779443273044
            ],
            [
              -75.7203353359474,
              6.277578946866478
            ],
            [
              -75.718633940852,
              6.274679254754327
            ],
            [
              -75.72033541422978,
              6.265378923409821
            ],
            [
              -75.7244325514359,
              6.263679005059714
            ],
            [
              -75.73013190594135,
              6.263679041612163
            ],
            [
              -75.74173658184777,
              6.268979224022858
            ],
            [
              -75.75153302952633,
              6.274179257970792
            ],
            [
              -75.76303855731709,
              6.27367960056659
            ],
            [
              -75.77343782966464,
              6.26617940628678
            ],
            [
              -75.78493577606376,
              6.25817948763801
            ],
            [
              -75.80043926768042,
              6.254179352265215
            ],
            [
              -75.8126391026271,
              6.252479485557974
            ],
            [
              -75.82123779371064,
              6.242179258078125
            ],
            [
              -75.84023574660321,
              6.226079257178283
            ],
            [
              -75.84373774920044,
              6.227779224253298
            ],
            [
              -75.84833841504985,
              6.230679411815746
            ],
            [
              -75.85873759560856,
              6.237679531335401
            ],
            [
              -75.87424106598012,
              6.237179422038063
            ],
            [
              -75.85814240502457,
              6.249779892198791
            ],
            [
              -75.85413675608734,
              6.26197989152278
            ],
            [
              -75.85703591181128,
              6.279880115054083
            ],
            [
              -75.86043863564994,
              6.296080397337384
            ],
            [
              -75.86163643289032,
              6.305280611950703
            ],
            [
              -75.86223897444171,
              6.336480924263294
            ],
            [
              -75.86163611140952,
              6.354980995192907
            ],
            [
              -75.85993458883685,
              6.371680977219055
            ],
            [
              -75.85473868539236,
              6.387881205251403
            ],
            [
              -75.8489401373617,
              6.38898124403217
            ],
            [
              -75.83923518504324,
              6.392981415993912
            ],
            [
              -75.83053733272274,
              6.399281407939713
            ],
            [
              -75.82763802439995,
              6.405081229560842
            ],
            [
              -75.81783390957757,
              6.40558137356612
            ],
            [
              -75.80803742058143,
              6.406681386005781
            ],
            [
              -75.80113256049955,
              6.409581022567739
            ],
            [
              -75.79543318650701,
              6.41248114384604
            ]
          ]
        ]
      }
    },
    {
      "type": "Feature",
      "properties": {
        "AREA": 222412886.421,
        "PERIMETER": 63639.324867,
        "WCOLGEN02_": 375,
        "WCOLGEN021": 304,
        "DPTO": "05",
        "NOMBRE_DPT": "ANTIOQUIA",
        "MPIO": "044",
        "NOMBRE_MPI": "ANZA",
        "NOMBRE_CAB": "ANZA",
        "CLASEMUN": "CM",
        "MPIOS": "05044",
        "ZONA": "ZONA01",
        "OF_REG": "DAMED",
        "REG_ZONAS": "DAMEDZONA01",
        "HECTARES": 22241.289
      },
      "geometry": {
        "type": "Polygon",
        "coordinates": [
          [
            [
              -75.8489401373617,
              6.38898124403217
            ],
            [
              -75.85473868539236,
              6.387881205251403
            ],
            [
              -75.85993458883685,
              6.371680977219055
            ],
            [
              -75.86163611140952,
              6.354980995192907
            ],
            [
              -75.86223897444171,
              6.336480924263294
            ],
            [
              -75.86163643289032,
              6.305280611950703
            ],
            [
              -75.86043863564994,
              6.296080397337384
            ],
            [
              -75.85703591181128,
              6.279880115054083
            ],
            [
              -75.85413675608734,
              6.26197989152278
            ],
            [
              -75.85814240502457,
              6.249779892198791
            ],
            [
              -75.87424106598012,
              6.237179422038063
            ],
            [
              -75.87943687085065,
              6.236079855496496
            ],
            [
              -75.884037562971,
              6.234879671302382
            ],
            [
              -75.88984373681157,
              6.234379500126891
            ],
            [
              -75.89844236979943,
              6.233279955231406
            ],
            [
              -75.90543877821892,
              6.231579578070283
            ],
            [
              -75.91634157993282,
              6.228679965885312
            ],
            [
              -75.92384155298377,
              6.22587999215337
            ],
            [
              -75.93134157052214,
              6.216079964710712
            ],
            [
              -75.94054292918793,
              6.217779968076345
            ],
            [
              -75.95384142154685,
              6.218480057933624
            ],
            [
              -75.96364553433621,
              6.218480120211107
            ],
            [
              -75.96824613853668,
              6.231180383597038
            ],
            [
              -75.97743981187226,
              6.241680523291706
            ],
            [
              -75.98204043052624,
              6.252080496949611
            ],
            [
              -75.99704026422606,
              6.264280619439652
            ],
            [
              -75.99764292996586,
              6.276380990005108
            ],
            [
              -75.99764289280995,
              6.282180830865003
            ],
            [
              -75.99534635422701,
              6.283880761270704
            ],
            [
              -75.98614490655491,
              6.295981069043898
            ],
            [
              -75.98154417722351,
              6.30288095705244
            ],
            [
              -75.97864481370324,
              6.317281118966219
            ],
            [
              -75.9786447388449,
              6.328881277831637
            ],
            [
              -75.9855418616009,
              6.342781772028679
            ],
            [
              -75.97234253883028,
              6.344481631737143
            ],
            [
              -75.9636447045254,
              6.347881465764219
            ],
            [
              -75.94584469007756,
              6.350681372234581
            ],
            [
              -75.93194340928123,
              6.356981331229362
            ],
            [
              -75.92393984049986,
              6.365581618866133
            ],
            [
              -75.9181412504611,
              6.373081367238567
            ],
            [
              -75.90604050166948,
              6.389781759454069
            ],
            [
              -75.89564120077227,
              6.401281713280068
            ],
            [
              -75.88354051201541,
              6.408781897053398
            ],
            [
              -75.8697385193681,
              6.399481461645903
            ],
            [
              -75.85824063878373,
              6.397081435871161
            ],
            [
              -75.8489401373617,
              6.38898124403217
            ]
          ]
        ]
      }
    },
    {
      "type": "Feature",
      "properties": {
        "AREA": 132045320.312,
        "PERIMETER": 59832.492631,
        "WCOLGEN02_": 376,
        "WCOLGEN021": 296,
        "DPTO": "05",
        "NOMBRE_DPT": "ANTIOQUIA",
        "MPIO": "021",
        "NOMBRE_MPI": "ALEJANDRIA",
        "NOMBRE_CAB": "ALEJANDRIA",
        "CLASEMUN": "CM",
        "MPIOS": "05021",
        "ZONA": "ZONA01",
        "OF_REG": "DAMED",
        "REG_ZONAS": "DAMEDZONA01",
        "HECTARES": 13204.532
      },
      "geometry": {
        "type": "Polygon",
        "coordinates": [
          [
            [
              -75.1532146375579,
              6.394176651219077
            ],
            [
              -75.13471272857193,
              6.394076869276686
            ],
            [
              -75.13411000899067,
              6.390576840693835
            ],
            [
              -75.12261213260162,
              6.388876344354729
            ],
            [
              -75.1128156624323,
              6.388176274973625
            ],
            [
              -75.10011229386356,
              6.387576323409798
            ],
            [
              -75.08341098005359,
              6.388076421331074
            ],
            [
              -75.06841106727022,
              6.390376134229658
            ],
            [
              -75.06151385386184,
              6.391476164572865
            ],
            [
              -75.05341115141385,
              6.393176054884337
            ],
            [
              -75.04540763451371,
              6.394875945820104
            ],
            [
              -75.03900634076905,
              6.397176192058542
            ],
            [
              -75.0361070665778,
              6.398115552750489
            ],
            [
              -75.0281112317998,
              6.39187601537025
            ],
            [
              -75.02170997243763,
              6.388975816886382
            ],
            [
              -75.00960938578847,
              6.382575556775747
            ],
            [
              -75.00040806713207,
              6.376175792766347
            ],
            [
              -74.99410598945472,
              6.373875463036714
            ],
            [
              -74.9877047118794,
              6.373775284024277
            ],
            [
              -74.9975088373664,
              6.370375461358521
            ],
            [
              -75.00210955906482,
              6.364075448300611
            ],
            [
              -75.0188108832385,
              6.361775746443611
            ],
            [
              -75.04250862469256,
              6.355575518486138
            ],
            [
              -75.05000858832686,
              6.353275756102502
            ],
            [
              -75.06780863168038,
              6.343575464960333
            ],
            [
              -75.07240934239655,
              6.338975871949394
            ],
            [
              -75.08571550994256,
              6.330875834680572
            ],
            [
              -75.09891483183375,
              6.327475556623896
            ],
            [
              -75.11161061174671,
              6.321775940443074
            ],
            [
              -75.1272132974877,
              6.314875653512378
            ],
            [
              -75.13581196485673,
              6.307475589896166
            ],
            [
              -75.13931402117262,
              6.300475564027042
            ],
            [
              -75.13991681563498,
              6.292475580549371
            ],
            [
              -75.14161061034268,
              6.290675510923174
            ],
            [
              -75.14561618161619,
              6.29017580588835
            ],
            [
              -75.14911058165934,
              6.28727567215953
            ],
            [
              -75.1537112698163,
              6.286175626192509
            ],
            [
              -75.16231752997827,
              6.28447573821151
            ],
            [
              -75.17211401229886,
              6.283375725832549
            ],
            [
              -75.17441816769694,
              6.283375740739935
            ],
            [
              -75.19171458490906,
              6.28457558852616
            ],
            [
              -75.1900131346009,
              6.290375890487858
            ],
            [
              -75.19751300202505,
              6.303076164170157
            ],
            [
              -75.1912185038982,
              6.308276091611901
            ],
            [
              -75.1866177707203,
              6.316276049637263
            ],
            [
              -75.18431357757692,
              6.322076347780654
            ],
            [
              -75.18021642359165,
              6.326676421474738
            ],
            [
              -75.17681357525049,
              6.330176423843293
            ],
            [
              -75.1727163990843,
              6.338176385111137
            ],
            [
              -75.16991624438268,
              6.349176648402024
            ],
            [
              -75.1699161763722,
              6.359576585269245
            ],
            [
              -75.16991613839478,
              6.365376421728719
            ],
            [
              -75.16351484786142,
              6.367076800455288
            ],
            [
              -75.15951689102864,
              6.36987679393745
            ],
            [
              -75.15721267463191,
              6.379176639911477
            ],
            [
              -75.1532146375579,
              6.394176651219077
            ]
          ]
        ]
      }
    },
    {
      "type": "Feature",
      "properties": {
        "AREA": 369167943.021,
        "PERIMETER": 91180.912616,
        "WCOLGEN02_": 378,
        "WCOLGEN021": 385,
        "DPTO": "05",
        "NOMBRE_DPT": "ANTIOQUIA",
        "MPIO": "667",
        "NOMBRE_MPI": "SAN RAFAEL",
        "NOMBRE_CAB": "SAN RAFAEL",
        "CLASEMUN": "CM",
        "MPIOS": "05667",
        "ZONA": "ZONA03",
        "OF_REG": "DAMED",
        "REG_ZONAS": "DAMEDZONA03",
        "HECTARES": 36916.794
      },
      "geometry": {
        "type": "Polygon",
        "coordinates": [
          [
            [
              -74.9877047118794,
              6.373775284024277
            ],
            [
              -74.98200539190674,
              6.369175623743137
            ],
            [
              -74.97101103690969,
              6.373175306393682
            ],
            [
              -74.9635110626355,
              6.377175488797563
            ],
            [
              -74.95600344690058,
              6.38297527469041
            ],
            [
              -74.95030408964915,
              6.384075312790822
            ],
            [
              -74.93820345056695,
              6.385775176550776
            ],
            [
              -74.92200570446832,
              6.385075065030385
            ],
            [
              -74.91160652349429,
              6.379875029283449
            ],
            [
              -74.89720179858077,
              6.371174943615378
            ],
            [
              -74.8880081185084,
              6.363574491207288
            ],
            [
              -74.87700619928907,
              6.357774584208595
            ],
            [
              -74.86780488180032,
              6.351374344548659
            ],
            [
              -74.85740573204681,
              6.341474073756837
            ],
            [
              -74.85050093178624,
              6.336274061884761
            ],
            [
              -74.84530518841962,
              6.328774250306912
            ],
            [
              -74.84420656437675,
              6.321774196469901
            ],
            [
              -74.84760176236954,
              6.321274010948677
            ],
            [
              -74.85630721713216,
              6.317774044441182
            ],
            [
              -74.86490585618662,
              6.314374214090424
            ],
            [
              -74.87180308306908,
              6.310973895755258
            ],
            [
              -74.88620789472853,
              6.306373890735585
            ],
            [
              -74.89490569669569,
              6.306474084283505
            ],
            [
              -74.90580846868538,
              6.306474155273306
            ],
            [
              -74.91740555405511,
              6.304174419681747
            ],
            [
              -74.92250995908476,
              6.278273802265789
            ],
            [
              -74.93170379025821,
              6.262673961718832
            ],
            [
              -74.94610862057748,
              6.255273937120347
            ],
            [
              -74.96290913275786,
              6.252373889860963
            ],
            [
              -74.97440701769062,
              6.252474100948784
            ],
            [
              -74.98421115026494,
              6.247874065108973
            ],
            [
              -74.99341251077722,
              6.247874124414075
            ],
            [
              -75.01131164087272,
              6.253174343706229
            ],
            [
              -75.01701102790192,
              6.247474205662523
            ],
            [
              -75.01131174833584,
              6.236473890327868
            ],
            [
              -75.01360834046358,
              6.226073971229408
            ],
            [
              -75.03261377835166,
              6.230173984722733
            ],
            [
              -75.04360805565494,
              6.23827417834929
            ],
            [
              -75.05621223732295,
              6.238974264167703
            ],
            [
              -75.05911158302182,
              6.226874405019062
            ],
            [
              -75.06030952369531,
              6.213574322562382
            ],
            [
              -75.05971445171605,
              6.207174139200503
            ],
            [
              -75.07060959519967,
              6.207274345832026
            ],
            [
              -75.08621222058231,
              6.209574256916063
            ],
            [
              -75.09661140366623,
              6.214874427660993
            ],
            [
              -75.11731065567307,
              6.214374352438404
            ],
            [
              -75.1231168217465,
              6.214374389611998
            ],
            [
              -75.12771745464548,
              6.221874674763733
            ],
            [
              -75.1346145977657,
              6.231774923135305
            ],
            [
              -75.1416109526628,
              6.237574803567544
            ],
            [
              -75.14961439612536,
              6.247374922534337
            ],
            [
              -75.1508121957447,
              6.256075399023697
            ],
            [
              -75.15021703446587,
              6.263575174541892
            ],
            [
              -75.147912808161,
              6.274575440141712
            ],
            [
              -75.14451756392799,
              6.282075674495569
            ],
            [
              -75.14271693209115,
              6.287275630757095
            ],
            [
              -75.14161061034268,
              6.290675510923174
            ],
            [
              -75.13991681563498,
              6.292475580549371
            ],
            [
              -75.13931402117262,
              6.300475564027042
            ],
            [
              -75.13581196485673,
              6.307475589896166
            ],
            [
              -75.1272132974877,
              6.314875653512378
            ],
            [
              -75.11161061174671,
              6.321775940443074
            ],
            [
              -75.09891483183375,
              6.327475556623896
            ],
            [
              -75.08571550994256,
              6.330875834680572
            ],
            [
              -75.07240934239655,
              6.338975871949394
            ],
            [
              -75.06780863168038,
              6.343575464960333
            ],
            [
              -75.05000858832686,
              6.353275756102502
            ],
            [
              -75.04250862469256,
              6.355575518486138
            ],
            [
              -75.0188108832385,
              6.361775746443611
            ],
            [
              -75.00210955906482,
              6.364075448300611
            ],
            [
              -74.9975088373664,
              6.370375461358521
            ],
            [
              -74.9877047118794,
              6.373775284024277
            ]
          ]
        ]
      }
    },
    {
      "type": "Feature",
      "properties": {
        "AREA": 361656565.964,
        "PERIMETER": 98913.695353,
        "WCOLGEN02_": 381,
        "WCOLGEN021": 293,
        "DPTO": "05",
        "NOMBRE_DPT": "ANTIOQUIA",
        "MPIO": "001",
        "NOMBRE_MPI": "MEDELLIN",
        "NOMBRE_CAB": "MEDELLIN",
        "CLASEMUN": "CM",
        "MPIOS": "05001",
        "ZONA": "ZONA02",
        "OF_REG": "DAMED",
        "REG_ZONAS": "DAMEDZONA02",
        "HECTARES": 36165.657
      },
      "geometry": {
        "type": "Polygon",
        "coordinates": [
          [
            [
              -75.6720313197543,
              6.378379870714743
            ],
            [
              -75.67203136088165,
              6.372079823056958
            ],
            [
              -75.66223496011213,
              6.359879735175685
            ],
            [
              -75.6587330221504,
              6.348379693890752
            ],
            [
              -75.65413238418503,
              6.341379611360939
            ],
            [
              -75.6477311917881,
              6.327479124948931
            ],
            [
              -75.63733202517292,
              6.318779060605183
            ],
            [
              -75.62472789865592,
              6.308379037715821
            ],
            [
              -75.61313086887765,
              6.30077856564735
            ],
            [
              -75.60563095726657,
              6.294378810342056
            ],
            [
              -75.59993161444116,
              6.292678352251245
            ],
            [
              -75.58783099786648,
              6.289678456366866
            ],
            [
              -75.58372624246626,
              6.289678429894178
            ],
            [
              -75.57573036210809,
              6.289678378323377
            ],
            [
              -75.5647283899746,
              6.290778383581504
            ],
            [
              -75.5595249344407,
              6.295378452006866
            ],
            [
              -75.55262769513756,
              6.29997850945842
            ],
            [
              -75.54222845512902,
              6.302778462850936
            ],
            [
              -75.54052707143205,
              6.298178349906642
            ],
            [
              -75.5347285589545,
              6.294077941735571
            ],
            [
              -75.53073063767347,
              6.291178235251072
            ],
            [
              -75.52612995871874,
              6.290577860556734
            ],
            [
              -75.52202520357847,
              6.290577834063628
            ],
            [
              -75.51802725977203,
              6.291178153252784
            ],
            [
              -75.52032383854926,
              6.283078040677867
            ],
            [
              -75.5186301069847,
              6.274977902440901
            ],
            [
              -75.51863015906233,
              6.266877775191612
            ],
            [
              -75.52202540814683,
              6.258777669814324
            ],
            [
              -75.51162627951857,
              6.244277293214364
            ],
            [
              -75.50532428320399,
              6.228677344083311
            ],
            [
              -75.50012851670071,
              6.224077209469399
            ],
            [
              -75.48802796751424,
              6.210676899271407
            ],
            [
              -75.48512870903559,
              6.208976936664921
            ],
            [
              -75.47182260744012,
              6.206076694772934
            ],
            [
              -75.47882665007322,
              6.203176582302908
            ],
            [
              -75.4886231316002,
              6.202676913564721
            ],
            [
              -75.49662661540951,
              6.206676720872181
            ],
            [
              -75.50363062067338,
              6.209677059628373
            ],
            [
              -75.51282436024898,
              6.209077250119204
            ],
            [
              -75.51393070811717,
              6.201576998603954
            ],
            [
              -75.51622724164986,
              6.20047693715096
            ],
            [
              -75.52492507209432,
              6.196976967179851
            ],
            [
              -75.53582789107618,
              6.190676990905416
            ],
            [
              -75.54732580115261,
              6.187877043644193
            ],
            [
              -75.55022508141359,
              6.186177117851456
            ],
            [
              -75.55542856229664,
              6.177477155958541
            ],
            [
              -75.55942651311533,
              6.175776760254774
            ],
            [
              -75.56182985495191,
              6.175776775478954
            ],
            [
              -75.56643053791277,
              6.175776804621355
            ],
            [
              -75.57212987310977,
              6.178676998008593
            ],
            [
              -75.5825290724775,
              6.182277226320903
            ],
            [
              -75.58773249146175,
              6.183377335436261
            ],
            [
              -75.59872682259737,
              6.184077410246982
            ],
            [
              -75.60502890087136,
              6.18697713077179
            ],
            [
              -75.61133097537422,
              6.19047719632852
            ],
            [
              -75.61883092445649,
              6.191077588917262
            ],
            [
              -75.62813147268797,
              6.191677516096725
            ],
            [
              -75.6327321337735,
              6.195177570970403
            ],
            [
              -75.6373327916956,
              6.19917783392268
            ],
            [
              -75.64483274415537,
              6.19927754170542
            ],
            [
              -75.64943343132171,
              6.198677702758938
            ],
            [
              -75.6540341584579,
              6.19177781744169
            ],
            [
              -75.65403421355693,
              6.183077821602969
            ],
            [
              -75.65693353079375,
              6.175577580514811
            ],
            [
              -75.65973362579852,
              6.173877653869029
            ],
            [
              -75.66953011289812,
              6.172777639632334
            ],
            [
              -75.67883066856432,
              6.172277490408831
            ],
            [
              -75.68743692610447,
              6.171677676645965
            ],
            [
              -75.69093133076062,
              6.168277809916446
            ],
            [
              -75.70473331585048,
              6.17867783772261
            ],
            [
              -75.70473326081995,
              6.187377833971728
            ],
            [
              -75.70823519706973,
              6.19947821834439
            ],
            [
              -75.70593097058789,
              6.210478489725919
            ],
            [
              -75.70823507574252,
              6.218578155882423
            ],
            [
              -75.71403349398499,
              6.237678607681993
            ],
            [
              -75.7244325514359,
              6.263679005059714
            ],
            [
              -75.72033541422978,
              6.265378923409821
            ],
            [
              -75.718633940852,
              6.274679254754327
            ],
            [
              -75.7203353359474,
              6.277578946866478
            ],
            [
              -75.72093031930706,
              6.297779443273044
            ],
            [
              -75.72443225813555,
              6.309279484488284
            ],
            [
              -75.72733139690583,
              6.329579656750203
            ],
            [
              -75.73023063714858,
              6.33417977852306
            ],
            [
              -75.75153246205585,
              6.36198033278411
            ],
            [
              -75.7567358244825,
              6.371880578569298
            ],
            [
              -75.74173590929028,
              6.37298055725235
            ],
            [
              -75.73133666703453,
              6.37578051075332
            ],
            [
              -75.723935883734,
              6.378080275606783
            ],
            [
              -75.71233117463241,
              6.37798006281847
            ],
            [
              -75.70483122093245,
              6.377980013834653
            ],
            [
              -75.6991318665317,
              6.377979976608423
            ],
            [
              -75.69102917062187,
              6.377880263523994
            ],
            [
              -75.68183543308064,
              6.377880203465019
            ],
            [
              -75.6720313197543,
              6.378379870714743
            ]
          ]
        ]
      }
    },
    {
      "type": "Feature",
      "properties": {
        "AREA": 205073605.544,
        "PERIMETER": 60788.871048,
        "WCOLGEN02_": 382,
        "WCOLGEN021": 386,
        "DPTO": "05",
        "NOMBRE_DPT": "ANTIOQUIA",
        "MPIO": "674",
        "NOMBRE_MPI": "SAN VICENTE",
        "NOMBRE_CAB": "SAN VICENTE",
        "CLASEMUN": "CM",
        "MPIOS": "05674",
        "ZONA": "ZONA03",
        "OF_REG": "DAMED",
        "REG_ZONAS": "DAMEDZONA03",
        "HECTARES": 20507.361
      },
      "geometry": {
        "type": "Polygon",
        "coordinates": [
          [
            [
              -75.41372178669364,
              6.359978250816172
            ],
            [
              -75.39762324427011,
              6.355277907132172
            ],
            [
              -75.38832274325709,
              6.347777587670151
            ],
            [
              -75.38321843206646,
              6.358777838458322
            ],
            [
              -75.36932479649752,
              6.363878057092498
            ],
            [
              -75.35321858335276,
              6.365577895926647
            ],
            [
              -75.32721670475517,
              6.367777877883669
            ],
            [
              -75.32441662207039,
              6.367677722592675
            ],
            [
              -75.31802295953248,
              6.369477761810276
            ],
            [
              -75.31742027371263,
              6.360777286571458
            ],
            [
              -75.30132174401845,
              6.354377476013491
            ],
            [
              -75.29901764509164,
              6.345676989966327
            ],
            [
              -75.29212045621567,
              6.342777264841256
            ],
            [
              -75.28462047968672,
              6.346776971985259
            ],
            [
              -75.27591507454439,
              6.34207715413876
            ],
            [
              -75.27191716168183,
              6.338076895220568
            ],
            [
              -75.26381447651852,
              6.336877106345333
            ],
            [
              -75.25861869362967,
              6.335076991571759
            ],
            [
              -75.25291941345003,
              6.324076672087892
            ],
            [
              -75.25401815123313,
              6.313676741856211
            ],
            [
              -75.24421412400304,
              6.301576320296363
            ],
            [
              -75.24361911192712,
              6.285975934098049
            ],
            [
              -75.25971779016977,
              6.269276056853766
            ],
            [
              -75.27471774217038,
              6.261276165356179
            ],
            [
              -75.29721766338822,
              6.250376165201712
            ],
            [
              -75.3007196934734,
              6.247476031014223
            ],
            [
              -75.30301623042676,
              6.245776101896997
            ],
            [
              -75.31332391570521,
              6.242376280327909
            ],
            [
              -75.31562044177767,
              6.242376295068431
            ],
            [
              -75.32601976497376,
              6.226176111121255
            ],
            [
              -75.33528221048635,
              6.21920806942789
            ],
            [
              -75.3404245936207,
              6.219876158795619
            ],
            [
              -75.34851964602433,
              6.221676291405964
            ],
            [
              -75.35832374506207,
              6.222876090123409
            ],
            [
              -75.36393152482462,
              6.225493038283986
            ],
            [
              -75.36582367364777,
              6.226376162924527
            ],
            [
              -75.37042431860189,
              6.232176506054485
            ],
            [
              -75.37042427442897,
              6.239076418884562
            ],
            [
              -75.37622272708838,
              6.252376550865444
            ],
            [
              -75.3802205841802,
              6.26517694049808
            ],
            [
              -75.3848212109563,
              6.273776827343305
            ],
            [
              -75.39351893163345,
              6.287177115886159
            ],
            [
              -75.39351889482514,
              6.292877293119989
            ],
            [
              -75.3952202588467,
              6.300477222602137
            ],
            [
              -75.39702082063373,
              6.306177411589917
            ],
            [
              -75.40272013891246,
              6.311477554902353
            ],
            [
              -75.41202067793938,
              6.313177559377526
            ],
            [
              -75.41892551232847,
              6.31377747225632
            ],
            [
              -75.42122201208016,
              6.31787785746296
            ],
            [
              -75.42122195562334,
              6.326577852448261
            ],
            [
              -75.42122192184137,
              6.331777822083747
            ],
            [
              -75.41952044489724,
              6.341577882233722
            ],
            [
              -75.41542325208594,
              6.351978271789646
            ],
            [
              -75.41372178669364,
              6.359978250816172
            ]
          ]
        ]
      }
    },
    {
      "type": "Feature",
      "properties": {
        "AREA": 148503938.831,
        "PERIMETER": 62513.424992,
        "WCOLGEN02_": 389,
        "WCOLGEN021": 366,
        "DPTO": "05",
        "NOMBRE_DPT": "ANTIOQUIA",
        "MPIO": "541",
        "NOMBRE_MPI": "EL PEÑOL",
        "NOMBRE_CAB": "EL PEÑOL",
        "CLASEMUN": "CM",
        "MPIOS": "05541",
        "ZONA": "ZONA03",
        "OF_REG": "DAMED",
        "REG_ZONAS": "DAMEDZONA03",
        "HECTARES": 14850.394
      },
      "geometry": {
        "type": "Polygon",
        "coordinates": [
          [
            [
              -75.25861869362967,
              6.335076991571759
            ],
            [
              -75.25401797037036,
              6.34147666641966
            ],
            [
              -75.2494172555669,
              6.346576945097031
            ],
            [
              -75.23101458248863,
              6.338476699456175
            ],
            [
              -75.22521606818752,
              6.334976636896369
            ],
            [
              -75.2154196419028,
              6.327376655671702
            ],
            [
              -75.20901839606029,
              6.322176168659689
            ],
            [
              -75.2027163318321,
              6.317576504045499
            ],
            [
              -75.20101497552065,
              6.308876023196074
            ],
            [
              -75.19751300202505,
              6.303076164170157
            ],
            [
              -75.1900131346009,
              6.290375890487858
            ],
            [
              -75.19171458490906,
              6.28457558852616
            ],
            [
              -75.1952166889838,
              6.270175442614605
            ],
            [
              -75.19751328565908,
              6.259175653307415
            ],
            [
              -75.20211405566009,
              6.245375382588682
            ],
            [
              -75.20551697045627,
              6.231475444160197
            ],
            [
              -75.20501349843947,
              6.218175348746507
            ],
            [
              -75.20211431876494,
              6.204274893481521
            ],
            [
              -75.1974145399705,
              6.190474563953454
            ],
            [
              -75.19281392871427,
              6.17947473146393
            ],
            [
              -75.19971881680716,
              6.17137465158726
            ],
            [
              -75.1806447018652,
              6.168326076271264
            ],
            [
              -75.18941881723293,
              6.16617461860899
            ],
            [
              -75.20031396659171,
              6.16557434305292
            ],
            [
              -75.21072082519254,
              6.163874465537869
            ],
            [
              -75.22451524962636,
              6.162274746397085
            ],
            [
              -75.23551724744786,
              6.156474503701483
            ],
            [
              -75.24181939230974,
              6.148474556597688
            ],
            [
              -75.24532142566142,
              6.144974554634544
            ],
            [
              -75.26081718318218,
              6.156074593086377
            ],
            [
              -75.26141986382369,
              6.165875141589538
            ],
            [
              -75.2608170843712,
              6.171674973600107
            ],
            [
              -75.26261762438907,
              6.180875185120343
            ],
            [
              -75.26721825064003,
              6.189575206753047
            ],
            [
              -75.27641951446114,
              6.205175646645123
            ],
            [
              -75.28801644871872,
              6.227175806702329
            ],
            [
              -75.29842320079999,
              6.242276047732371
            ],
            [
              -75.30301623042676,
              6.245776101896997
            ],
            [
              -75.3007196934734,
              6.247476031014223
            ],
            [
              -75.29721766338822,
              6.250376165201712
            ],
            [
              -75.27471774217038,
              6.261276165356179
            ],
            [
              -75.25971779016977,
              6.269276056853766
            ],
            [
              -75.24361911192712,
              6.285975934098049
            ],
            [
              -75.24421412400304,
              6.301576320296363
            ],
            [
              -75.25401815123313,
              6.313676741856211
            ],
            [
              -75.25291941345003,
              6.324076672087892
            ],
            [
              -75.25861869362967,
              6.335076991571759
            ]
          ]
        ]
      }
    },
    {
      "type": "Feature",
      "properties": {
        "AREA": 764739650.848,
        "PERIMETER": 129697.760069,
        "WCOLGEN02_": 393,
        "WCOLGEN021": 377,
        "DPTO": "05",
        "NOMBRE_DPT": "ANTIOQUIA",
        "MPIO": "649",
        "NOMBRE_MPI": "SAN CARLOS",
        "NOMBRE_CAB": "SAN CARLOS",
        "CLASEMUN": "CM",
        "MPIOS": "05649",
        "ZONA": "ZONA03",
        "OF_REG": "DAMED",
        "REG_ZONAS": "DAMEDZONA03",
        "HECTARES": 76473.965
      },
      "geometry": {
        "type": "Polygon",
        "coordinates": [
          [
            [
              -74.84420656437675,
              6.321774196469901
            ],
            [
              -74.81190265299503,
              6.31707374997301
            ],
            [
              -74.80380002450538,
              6.307773363124268
            ],
            [
              -74.78820518432543,
              6.282273161893348
            ],
            [
              -74.77029854480948,
              6.259072757819935
            ],
            [
              -74.76860482959292,
              6.248672815366149
            ],
            [
              -74.75940349380515,
              6.245172733184399
            ],
            [
              -74.75069814850552,
              6.231872590805146
            ],
            [
              -74.74319823963597,
              6.226072232519087
            ],
            [
              -74.7317003568268,
              6.226072158485693
            ],
            [
              -74.71840187739205,
              6.225971935964128
            ],
            [
              -74.71499905734773,
              6.225372046433248
            ],
            [
              -74.7184019185435,
              6.219572235420592
            ],
            [
              -74.72300271174468,
              6.201771741999958
            ],
            [
              -74.73279924519386,
              6.19197174195334
            ],
            [
              -74.75470404441181,
              6.180471876410643
            ],
            [
              -74.78239978877484,
              6.162672006841574
            ],
            [
              -74.8048006104716,
              6.136271775107466
            ],
            [
              -74.8175040920975,
              6.11837167241542
            ],
            [
              -74.82100623982416,
              6.09647128158728
            ],
            [
              -74.81750431056645,
              6.083671382047963
            ],
            [
              -74.81520788350561,
              6.068070995655387
            ],
            [
              -74.84570369102553,
              6.053171295994054
            ],
            [
              -74.87110288103737,
              6.040071166572624
            ],
            [
              -74.8824100914942,
              6.029238333964423
            ],
            [
              -74.8917564188391,
              6.028505962402553
            ],
            [
              -74.9034068705443,
              6.032671252410381
            ],
            [
              -74.91030407542499,
              6.032671295374521
            ],
            [
              -74.92531156323064,
              6.038571358772872
            ],
            [
              -74.92990452750007,
              6.052371680956416
            ],
            [
              -74.9397085605685,
              6.063471677963317
            ],
            [
              -74.95180914508562,
              6.070372139199524
            ],
            [
              -74.95870631716394,
              6.07567180825012
            ],
            [
              -74.96330693583432,
              6.085472377968616
            ],
            [
              -74.97491156739413,
              6.096472250479948
            ],
            [
              -74.99451213537361,
              6.097772246083726
            ],
            [
              -75.00831416865161,
              6.098972545180944
            ],
            [
              -75.02621332545124,
              6.100172870077925
            ],
            [
              -75.03831392845518,
              6.104272837155286
            ],
            [
              -75.0498117638788,
              6.112373031520984
            ],
            [
              -75.05961585616596,
              6.114173173425297
            ],
            [
              -75.06541437394567,
              6.117073365572509
            ],
            [
              -75.07461569483479,
              6.12347312580222
            ],
            [
              -75.07921632059374,
              6.132173621867048
            ],
            [
              -75.08901271778747,
              6.144373697677954
            ],
            [
              -75.09421605307756,
              6.1582736880916
            ],
            [
              -75.10231100508612,
              6.175574060873765
            ],
            [
              -75.10921575265147,
              6.189474062939496
            ],
            [
              -75.11501420419957,
              6.202774190479449
            ],
            [
              -75.1208126958876,
              6.209774752157156
            ],
            [
              -75.1231168217465,
              6.214374389611998
            ],
            [
              -75.11731065567307,
              6.214374352438404
            ],
            [
              -75.09661140366623,
              6.214874427660993
            ],
            [
              -75.08621222058231,
              6.209574256916063
            ],
            [
              -75.07060959519967,
              6.207274345832026
            ],
            [
              -75.05971445171605,
              6.207174139200503
            ],
            [
              -75.06030952369531,
              6.213574322562382
            ],
            [
              -75.05911158302182,
              6.226874405019062
            ],
            [
              -75.05621223732295,
              6.238974264167703
            ],
            [
              -75.04360805565494,
              6.23827417834929
            ],
            [
              -75.03261377835166,
              6.230173984722733
            ],
            [
              -75.01360834046358,
              6.226073971229408
            ],
            [
              -75.01131174833584,
              6.236473890327868
            ],
            [
              -75.01701102790192,
              6.247474205662523
            ],
            [
              -75.01131164087272,
              6.253174343706229
            ],
            [
              -74.99341251077722,
              6.247874124414075
            ],
            [
              -74.98421115026494,
              6.247874065108973
            ],
            [
              -74.97440701769062,
              6.252474100948784
            ],
            [
              -74.96290913275786,
              6.252373889860963
            ],
            [
              -74.94610862057748,
              6.255273937120347
            ],
            [
              -74.93170379025821,
              6.262673961718832
            ],
            [
              -74.92250995908476,
              6.278273802265789
            ],
            [
              -74.91740555405511,
              6.304174419681747
            ],
            [
              -74.90580846868538,
              6.306474155273306
            ],
            [
              -74.89490569669569,
              6.306474084283505
            ],
            [
              -74.88620789472853,
              6.306373890735585
            ],
            [
              -74.87180308306908,
              6.310973895755258
            ],
            [
              -74.86490585618662,
              6.314374214090424
            ],
            [
              -74.85630721713216,
              6.317774044441182
            ],
            [
              -74.84760176236954,
              6.321274010948677
            ],
            [
              -74.84420656437675,
              6.321774196469901
            ]
          ]
        ]
      }
    },
    {
      "type": "Feature",
      "properties": {
        "AREA": 159830696.35,
        "PERIMETER": 49298.952455,
        "WCOLGEN02_": 394,
        "WCOLGEN021": 346,
        "DPTO": "05",
        "NOMBRE_DPT": "ANTIOQUIA",
        "MPIO": "318",
        "NOMBRE_MPI": "GUARNE",
        "NOMBRE_CAB": "GUARNE",
        "CLASEMUN": "CM",
        "MPIOS": "05318",
        "ZONA": "ZONA03",
        "OF_REG": "DAMED",
        "REG_ZONAS": "DAMEDZONA03",
        "HECTARES": 15983.07
      },
      "geometry": {
        "type": "Polygon",
        "coordinates": [
          [
            [
              -75.42122201208016,
              6.31787785746296
            ],
            [
              -75.41892551232847,
              6.31377747225632
            ],
            [
              -75.41202067793938,
              6.313177559377526
            ],
            [
              -75.40272013891246,
              6.311477554902353
            ],
            [
              -75.39702082063373,
              6.306177411589917
            ],
            [
              -75.3952202588467,
              6.300477222602137
            ],
            [
              -75.39351889482514,
              6.292877293119989
            ],
            [
              -75.39351893163345,
              6.287177115886159
            ],
            [
              -75.3848212109563,
              6.273776827343305
            ],
            [
              -75.3802205841802,
              6.26517694049808
            ],
            [
              -75.37622272708838,
              6.252376550865444
            ],
            [
              -75.37042427442897,
              6.239076418884562
            ],
            [
              -75.37042431860189,
              6.232176506054485
            ],
            [
              -75.36582367364777,
              6.226376162924527
            ],
            [
              -75.37212576879827,
              6.226376203249814
            ],
            [
              -75.37962573775265,
              6.223576231328233
            ],
            [
              -75.3865229754791,
              6.218976174593797
            ],
            [
              -75.39402296365105,
              6.21317638560734
            ],
            [
              -75.4009201752887,
              6.212676221713894
            ],
            [
              -75.4142263013922,
              6.211576230670397
            ],
            [
              -75.42462552188582,
              6.211576297020604
            ],
            [
              -75.43442201753338,
              6.208776339496449
            ],
            [
              -75.44012138496683,
              6.206476563744098
            ],
            [
              -75.45222199668531,
              6.209976665950298
            ],
            [
              -75.47182260744012,
              6.206076694772934
            ],
            [
              -75.48512870903559,
              6.208976936664921
            ],
            [
              -75.48802796751424,
              6.210676899271407
            ],
            [
              -75.50012851670071,
              6.224077209469399
            ],
            [
              -75.50532428320399,
              6.228677344083311
            ],
            [
              -75.51162627951857,
              6.244277293214364
            ],
            [
              -75.52202540814683,
              6.258777669814324
            ],
            [
              -75.51863015906233,
              6.266877775191612
            ],
            [
              -75.5186301069847,
              6.274977902440901
            ],
            [
              -75.52032383854926,
              6.283078040677867
            ],
            [
              -75.51802725977203,
              6.291178153252784
            ],
            [
              -75.51342657765134,
              6.291077986581162
            ],
            [
              -75.5048279027365,
              6.299178058409077
            ],
            [
              -75.499624424828,
              6.30727815213509
            ],
            [
              -75.49092657989422,
              6.312978273752857
            ],
            [
              -75.48292306350896,
              6.314077821209478
            ],
            [
              -75.47652178207582,
              6.314077779721635
            ],
            [
              -75.47312658514684,
              6.314077757715663
            ],
            [
              -75.46792317141968,
              6.312278119585129
            ],
            [
              -75.45752395039483,
              6.312278052193424
            ],
            [
              -75.45232814762946,
              6.313377617800442
            ],
            [
              -75.44142536949047,
              6.313377547121839
            ],
            [
              -75.42982063722438,
              6.317377705266302
            ],
            [
              -75.42122201208016,
              6.31787785746296
            ]
          ]
        ]
      }
    },
    {
      "type": "Feature",
      "properties": {
        "AREA": 81471035.2745,
        "PERIMETER": 39355.521276,
        "WCOLGEN02_": 398,
        "WCOLGEN021": 347,
        "DPTO": "05",
        "NOMBRE_DPT": "ANTIOQUIA",
        "MPIO": "321",
        "NOMBRE_MPI": "GUATAPE",
        "NOMBRE_CAB": "GUATAPE",
        "CLASEMUN": "CM",
        "MPIOS": "05321",
        "ZONA": "ZONA03",
        "OF_REG": "DAMED",
        "REG_ZONAS": "DAMEDZONA03",
        "HECTARES": 8147.104
      },
      "geometry": {
        "type": "Polygon",
        "coordinates": [
          [
            [
              -75.19171458490906,
              6.28457558852616
            ],
            [
              -75.17441816769694,
              6.283375740739935
            ],
            [
              -75.17211401229886,
              6.283375725832549
            ],
            [
              -75.16231752997827,
              6.28447573821151
            ],
            [
              -75.1537112698163,
              6.286175626192509
            ],
            [
              -75.14911058165934,
              6.28727567215953
            ],
            [
              -75.14561618161619,
              6.29017580588835
            ],
            [
              -75.14161061034268,
              6.290675510923174
            ],
            [
              -75.14271693209115,
              6.287275630757095
            ],
            [
              -75.14451756392799,
              6.282075674495569
            ],
            [
              -75.147912808161,
              6.274575440141712
            ],
            [
              -75.15021703446587,
              6.263575174541892
            ],
            [
              -75.1508121957447,
              6.256075399023697
            ],
            [
              -75.14961439612536,
              6.247374922534337
            ],
            [
              -75.1416109526628,
              6.237574803567544
            ],
            [
              -75.1346145977657,
              6.231774923135305
            ],
            [
              -75.12771745464548,
              6.221874674763733
            ],
            [
              -75.1231168217465,
              6.214374389611998
            ],
            [
              -75.13061681881098,
              6.206874658807514
            ],
            [
              -75.13691136316496,
              6.194274612918313
            ],
            [
              -75.14271758093825,
              6.186174526510541
            ],
            [
              -75.15421552710785,
              6.176974400656328
            ],
            [
              -75.16571345490848,
              6.170674430721328
            ],
            [
              -75.17781410323437,
              6.167874488444688
            ],
            [
              -75.1806447018652,
              6.168326076271264
            ],
            [
              -75.19971881680716,
              6.17137465158726
            ],
            [
              -75.19281392871427,
              6.17947473146393
            ],
            [
              -75.1974145399705,
              6.190474563953454
            ],
            [
              -75.20211431876494,
              6.204274893481521
            ],
            [
              -75.20501349843947,
              6.218175348746507
            ],
            [
              -75.20551697045627,
              6.231475444160197
            ],
            [
              -75.20211405566009,
              6.245375382588682
            ],
            [
              -75.19751328565908,
              6.259175653307415
            ],
            [
              -75.1952166889838,
              6.270175442614605
            ],
            [
              -75.19171458490906,
              6.28457558852616
            ]
          ]
        ]
      }
    },
    {
      "type": "Feature",
      "properties": {
        "AREA": 255555507.144,
        "PERIMETER": 76895.208205,
        "WCOLGEN02_": 399,
        "WCOLGEN021": 313,
        "DPTO": "05",
        "NOMBRE_DPT": "ANTIOQUIA",
        "MPIO": "093",
        "NOMBRE_MPI": "BETULIA",
        "NOMBRE_CAB": "BETULIA",
        "CLASEMUN": "CM",
        "MPIOS": "05093",
        "ZONA": "ZONA06",
        "OF_REG": "DAMED",
        "REG_ZONAS": "DAMEDZONA06",
        "HECTARES": 25555.551
      },
      "geometry": {
        "type": "Polygon",
        "coordinates": [
          [
            [
              -75.99764289280995,
              6.282180830865003
            ],
            [
              -75.99764292996586,
              6.276380990005108
            ],
            [
              -75.99704026422606,
              6.264280619439652
            ],
            [
              -75.98204043052624,
              6.252080496949611
            ],
            [
              -75.97743981187226,
              6.241680523291706
            ],
            [
              -75.96824613853668,
              6.231180383597038
            ],
            [
              -75.96364553433621,
              6.218480120211107
            ],
            [
              -75.95384142154685,
              6.218480057933624
            ],
            [
              -75.94054292918793,
              6.217779968076345
            ],
            [
              -75.93134157052214,
              6.216079964710712
            ],
            [
              -75.92384155298377,
              6.22587999215337
            ],
            [
              -75.91634157993282,
              6.228679965885312
            ],
            [
              -75.90543877821892,
              6.231579578070283
            ],
            [
              -75.89844236979943,
              6.233279955231406
            ],
            [
              -75.88984373681157,
              6.234379500126891
            ],
            [
              -75.884037562971,
              6.234879671302382
            ],
            [
              -75.87943687085065,
              6.236079855496496
            ],
            [
              -75.87424106598012,
              6.237179422038063
            ],
            [
              -75.87363834137952,
              6.234279736682677
            ],
            [
              -75.87424115761142,
              6.222779244187738
            ],
            [
              -75.86613850033685,
              6.216379484590257
            ],
            [
              -75.8621406142183,
              6.207678984429588
            ],
            [
              -75.86903792096554,
              6.192678982568843
            ],
            [
              -75.86674147762496,
              6.179378867386299
            ],
            [
              -75.86273594323433,
              6.173579002630469
            ],
            [
              -75.86273598293701,
              6.167278955085668
            ],
            [
              -75.86273600497621,
              6.163778928689624
            ],
            [
              -75.86553613009342,
              6.157378761844342
            ],
            [
              -75.87013682139789,
              6.156278714395242
            ],
            [
              -75.87594297748095,
              6.15857856393846
            ],
            [
              -75.88284016352222,
              6.162678978952355
            ],
            [
              -75.89214071742856,
              6.162778697701174
            ],
            [
              -75.89554354921651,
              6.162178850835734
            ],
            [
              -75.9053400713363,
              6.155878864797025
            ],
            [
              -75.9151442124925,
              6.151278823480111
            ],
            [
              -75.92204148607725,
              6.141478792532308
            ],
            [
              -75.924940843065,
              6.12767850185903
            ],
            [
              -75.9376442692486,
              6.120778665373556
            ],
            [
              -75.95374286537944,
              6.118478952959378
            ],
            [
              -75.9670414339818,
              6.106978540033687
            ],
            [
              -75.98084356699401,
              6.09437853043147
            ],
            [
              -75.99234151788981,
              6.085778741034173
            ],
            [
              -75.99634712534952,
              6.079978449411193
            ],
            [
              -75.99874280633767,
              6.085178435656376
            ],
            [
              -76.00734138291297,
              6.093278618847628
            ],
            [
              -76.01774821010277,
              6.097978923801444
            ],
            [
              -76.02584324349482,
              6.103778814153414
            ],
            [
              -76.03734874939988,
              6.107278912642699
            ],
            [
              -76.04194943769181,
              6.106779209972356
            ],
            [
              -76.0419493841263,
              6.115379071554274
            ],
            [
              -76.04194928301197,
              6.131579332221056
            ],
            [
              -76.04194919603474,
              6.145479779799776
            ],
            [
              -76.03904217245194,
              6.165079912692062
            ],
            [
              -76.03394542460236,
              6.186480114088269
            ],
            [
              -76.03504399021168,
              6.203180114165799
            ],
            [
              -76.03624170050495,
              6.226280778060402
            ],
            [
              -76.04314642554034,
              6.244780898076081
            ],
            [
              -76.04374144661496,
              6.259281219553275
            ],
            [
              -76.03974343491969,
              6.270180870577918
            ],
            [
              -76.03164834286076,
              6.273681322998156
            ],
            [
              -76.01434423683729,
              6.279380916101728
            ],
            [
              -76.00404418149401,
              6.281581003481246
            ],
            [
              -75.99764289280995,
              6.282180830865003
            ]
          ]
        ]
      }
    },
    {
      "type": "Feature",
      "properties": {
        "AREA": 113365885.841,
        "PERIMETER": 42958.674051,
        "WCOLGEN02_": 400,
        "WCOLGEN021": 348,
        "DPTO": "05",
        "NOMBRE_DPT": "ANTIOQUIA",
        "MPIO": "347",
        "NOMBRE_MPI": "HELICONIA",
        "NOMBRE_CAB": "HELICONIA",
        "CLASEMUN": "CM",
        "MPIOS": "05347",
        "ZONA": "ZONA01",
        "OF_REG": "DAMED",
        "REG_ZONAS": "DAMEDZONA01",
        "HECTARES": 11336.589
      },
      "geometry": {
        "type": "Polygon",
        "coordinates": [
          [
            [
              -75.7244325514359,
              6.263679005059714
            ],
            [
              -75.71403349398499,
              6.237678607681993
            ],
            [
              -75.70823507574252,
              6.218578155882423
            ],
            [
              -75.70593097058789,
              6.210478489725919
            ],
            [
              -75.70823519706973,
              6.19947821834439
            ],
            [
              -75.70473326081995,
              6.187377833971728
            ],
            [
              -75.70473331585048,
              6.17867783772261
            ],
            [
              -75.71053190629064,
              6.170677883367831
            ],
            [
              -75.72783605039035,
              6.157977762455435
            ],
            [
              -75.74853525332615,
              6.167377894613471
            ],
            [
              -75.74973309892557,
              6.169077846686062
            ],
            [
              -75.75893442624951,
              6.175478088670348
            ],
            [
              -75.77503293879023,
              6.185978268843224
            ],
            [
              -75.78773629781713,
              6.18947837547338
            ],
            [
              -75.79293968815308,
              6.19527872440251
            ],
            [
              -75.80563537779959,
              6.205078878571091
            ],
            [
              -75.81373805301864,
              6.208578956380417
            ],
            [
              -75.82583866183616,
              6.213279273085622
            ],
            [
              -75.84023574660321,
              6.226079257178283
            ],
            [
              -75.82123779371064,
              6.242179258078125
            ],
            [
              -75.8126391026271,
              6.252479485557974
            ],
            [
              -75.80043926768042,
              6.254179352265215
            ],
            [
              -75.78493577606376,
              6.25817948763801
            ],
            [
              -75.77343782966464,
              6.26617940628678
            ],
            [
              -75.76303855731709,
              6.27367960056659
            ],
            [
              -75.75153302952633,
              6.274179257970792
            ],
            [
              -75.74173658184777,
              6.268979224022858
            ],
            [
              -75.73013190594135,
              6.263679041612163
            ],
            [
              -75.7244325514359,
              6.263679005059714
            ]
          ]
        ]
      }
    },
    {
      "type": "Feature",
      "properties": {
        "AREA": 543739108.193,
        "PERIMETER": 122589.711363,
        "WCOLGEN02_": 404,
        "WCOLGEN021": 1048,
        "DPTO": "05",
        "NOMBRE_DPT": "ANTIOQUIA",
        "MPIO": "585",
        "NOMBRE_MPI": "PUERTO NARE",
        "NOMBRE_CAB": "LA MAGDALENA",
        "CLASEMUN": "CM",
        "MPIOS": "05585",
        "ZONA": "ZONA05",
        "OF_REG": "DAMED",
        "REG_ZONAS": "DAMEDZONA05",
        "HECTARES": 54373.911
      },
      "geometry": {
        "type": "Polygon",
        "coordinates": [
          [
            [
              -74.62559476937774,
              6.233671386838603
            ],
            [
              -74.56339777476013,
              6.248471214615463
            ],
            [
              -74.57199648588357,
              6.233471243938543
            ],
            [
              -74.57489576342158,
              6.231771320084002
            ],
            [
              -74.58239578303933,
              6.220171227386394
            ],
            [
              -74.58929306350485,
              6.208070923268293
            ],
            [
              -74.59849450491512,
              6.19487103572927
            ],
            [
              -74.60139385669795,
              6.181570970905103
            ],
            [
              -74.60479678682638,
              6.164870547537208
            ],
            [
              -74.60479684926446,
              6.155070486319463
            ],
            [
              -74.6100003507182,
              6.142370303991571
            ],
            [
              -74.61919416931381,
              6.127970204550143
            ],
            [
              -74.62609913341883,
              6.10717039136772
            ],
            [
              -74.62669435513943,
              6.089870083412309
            ],
            [
              -74.62089590538966,
              6.076569964604078
            ],
            [
              -74.61049674823613,
              6.067869913681365
            ],
            [
              -74.60769668897566,
              6.06436987455229
            ],
            [
              -74.60359960002958,
              6.059169408150979
            ],
            [
              -74.5983961831603,
              6.058569508056969
            ],
            [
              -74.59040031856463,
              6.057369723011388
            ],
            [
              -74.58629557872388,
              6.055569618119866
            ],
            [
              -74.58399911573117,
              6.04576954381617
            ],
            [
              -74.58799708424756,
              6.040569128367287
            ],
            [
              -74.59089639390848,
              6.033669240622462
            ],
            [
              -74.5949935403364,
              6.029669037451587
            ],
            [
              -74.59779363957934,
              6.026769377841219
            ],
            [
              -74.60989421242405,
              6.034869571048867
            ],
            [
              -74.62149898040873,
              6.023369164371738
            ],
            [
              -74.6329968829205,
              6.019969351471663
            ],
            [
              -74.64450233241217,
              6.029869620285699
            ],
            [
              -74.65429877354485,
              6.034469777918452
            ],
            [
              -74.67340341900959,
              6.033969689792086
            ],
            [
              -74.67799651105331,
              6.027069812016778
            ],
            [
              -74.68950207623713,
              6.018469558045899
            ],
            [
              -74.70099995777271,
              6.01856976651083
            ],
            [
              -74.71830410357217,
              6.002469774294131
            ],
            [
              -74.72810067438019,
              5.98626959840351
            ],
            [
              -74.73730208541531,
              5.977669806427705
            ],
            [
              -74.74770130528104,
              5.97656979577703
            ],
            [
              -74.76440261265554,
              5.97606969153155
            ],
            [
              -74.77590052773006,
              5.970869798304451
            ],
            [
              -74.77940254033108,
              5.970369612447858
            ],
            [
              -74.78340044508695,
              5.975570078282464
            ],
            [
              -74.78980166812524,
              5.984270104092957
            ],
            [
              -74.79440231154045,
              5.990069964521324
            ],
            [
              -74.80130712734807,
              5.992970161714548
            ],
            [
              -74.8100048857261,
              5.999970259616922
            ],
            [
              -74.82320410644853,
              6.012070690329483
            ],
            [
              -74.83360321240912,
              6.029470728985952
            ],
            [
              -74.85030452134693,
              6.028970625490691
            ],
            [
              -74.87050782986135,
              6.030170963345988
            ],
            [
              -74.8824100914942,
              6.029238333964423
            ],
            [
              -74.87110288103737,
              6.040071166572624
            ],
            [
              -74.84570369102553,
              6.053171295994054
            ],
            [
              -74.81520788350561,
              6.068070995655387
            ],
            [
              -74.81750431056645,
              6.083671382047963
            ],
            [
              -74.82100623982416,
              6.09647128158728
            ],
            [
              -74.8175040920975,
              6.11837167241542
            ],
            [
              -74.8048006104716,
              6.136271775107466
            ],
            [
              -74.78239978877484,
              6.162672006841574
            ],
            [
              -74.75470404441181,
              6.180471876410643
            ],
            [
              -74.73279924519386,
              6.19197174195334
            ],
            [
              -74.72300271174468,
              6.201771741999958
            ],
            [
              -74.7184019185435,
              6.219572235420592
            ],
            [
              -74.71499905734773,
              6.225372046433248
            ],
            [
              -74.71789828315607,
              6.231772242524074
            ],
            [
              -74.71840178463815,
              6.240372096816538
            ],
            [
              -74.71560163595326,
              6.250772486420987
            ],
            [
              -74.70289823903703,
              6.25537250204432
            ],
            [
              -74.68670049305486,
              6.255272260332654
            ],
            [
              -74.67119716041596,
              6.23737197721869
            ],
            [
              -74.66019530294298,
              6.222271741798219
            ],
            [
              -74.6503988927509,
              6.212971347138344
            ],
            [
              -74.6376954711583,
              6.221571592445164
            ],
            [
              -74.62559476937774,
              6.233671386838603
            ]
          ]
        ]
      }
    },
    {
      "type": "Feature",
      "properties": {
        "AREA": 113818004.854,
        "PERIMETER": 51030.883024,
        "WCOLGEN02_": 407,
        "WCOLGEN021": 358,
        "DPTO": "05",
        "NOMBRE_DPT": "ANTIOQUIA",
        "MPIO": "440",
        "NOMBRE_MPI": "MARINILLA",
        "NOMBRE_CAB": "MARINILLA",
        "CLASEMUN": "CM",
        "MPIOS": "05440",
        "ZONA": "ZONA01",
        "OF_REG": "DAMED",
        "REG_ZONAS": "DAMEDZONA01",
        "HECTARES": 11381.8
      },
      "geometry": {
        "type": "Polygon",
        "coordinates": [
          [
            [
              -75.33528221048635,
              6.21920806942789
            ],
            [
              -75.32601976497376,
              6.226176111121255
            ],
            [
              -75.31562044177767,
              6.242376295068431
            ],
            [
              -75.31332391570521,
              6.242376280327909
            ],
            [
              -75.30301623042676,
              6.245776101896997
            ],
            [
              -75.29842320079999,
              6.242276047732371
            ],
            [
              -75.28801644871872,
              6.227175806702329
            ],
            [
              -75.27641951446114,
              6.205175646645123
            ],
            [
              -75.26721825064003,
              6.189575206753047
            ],
            [
              -75.26261762438907,
              6.180875185120343
            ],
            [
              -75.2608170843712,
              6.171674973600107
            ],
            [
              -75.26141986382369,
              6.165875141589538
            ],
            [
              -75.26081718318218,
              6.156074593086377
            ],
            [
              -75.26891987604215,
              6.156074644404053
            ],
            [
              -75.27931910569347,
              6.154374766591049
            ],
            [
              -75.29371627756868,
              6.152175183045692
            ],
            [
              -75.30232252790371,
              6.152175237500029
            ],
            [
              -75.3087238119157,
              6.151574933220882
            ],
            [
              -75.31391971209506,
              6.134874986127909
            ],
            [
              -75.30921992853443,
              6.121574864204512
            ],
            [
              -75.30812133802588,
              6.108874633121851
            ],
            [
              -75.30751863857252,
              6.101974717879581
            ],
            [
              -75.30062149282534,
              6.092074470077463
            ],
            [
              -75.30692358749886,
              6.092074509562442
            ],
            [
              -75.30982291001045,
              6.083474195934132
            ],
            [
              -75.3173228854976,
              6.079474487743649
            ],
            [
              -75.32882078576279,
              6.07777413915638
            ],
            [
              -75.3392199365618,
              6.088774484643249
            ],
            [
              -75.35192320682175,
              6.10557468090909
            ],
            [
              -75.35882032771352,
              6.119475161713573
            ],
            [
              -75.36802163702305,
              6.128175212309989
            ],
            [
              -75.36522151711108,
              6.133975030902115
            ],
            [
              -75.36402359951398,
              6.143775091999042
            ],
            [
              -75.3640235193386,
              6.15647531735074
            ],
            [
              -75.36171928696218,
              6.168575660280261
            ],
            [
              -75.35542477403389,
              6.176075400621374
            ],
            [
              -75.3439192251578,
              6.180675428015548
            ],
            [
              -75.3375178570112,
              6.194475688694292
            ],
            [
              -75.33461850346286,
              6.207775763854075
            ],
            [
              -75.33528221048635,
              6.21920806942789
            ]
          ]
        ]
      }
    },
    {
      "type": "Feature",
      "properties": {
        "AREA": 130856970.312,
        "PERIMETER": 51319.714484,
        "WCOLGEN02_": 408,
        "WCOLGEN021": 308,
        "DPTO": "05",
        "NOMBRE_DPT": "ANTIOQUIA",
        "MPIO": "059",
        "NOMBRE_MPI": "ARMENIA",
        "NOMBRE_CAB": "ARMENIA",
        "CLASEMUN": "CM",
        "MPIOS": "05059",
        "ZONA": "ZONA01",
        "OF_REG": "DAMED",
        "REG_ZONAS": "DAMEDZONA01",
        "HECTARES": 13085.697
      },
      "geometry": {
        "type": "Polygon",
        "coordinates": [
          [
            [
              -75.87424106598012,
              6.237179422038063
            ],
            [
              -75.85873759560856,
              6.237679531335401
            ],
            [
              -75.84833841504985,
              6.230679411815746
            ],
            [
              -75.84373774920044,
              6.227779224253298
            ],
            [
              -75.84023574660321,
              6.226079257178283
            ],
            [
              -75.82583866183616,
              6.213279273085622
            ],
            [
              -75.81373805301864,
              6.208578956380417
            ],
            [
              -75.80563537779959,
              6.205078878571091
            ],
            [
              -75.79293968815308,
              6.19527872440251
            ],
            [
              -75.78773629781713,
              6.18947837547338
            ],
            [
              -75.77503293879023,
              6.185978268843224
            ],
            [
              -75.75893442624951,
              6.175478088670348
            ],
            [
              -75.74973309892557,
              6.169077846686062
            ],
            [
              -75.74853525332615,
              6.167377894613471
            ],
            [
              -75.7577367154941,
              6.152377909393851
            ],
            [
              -75.76813598298604,
              6.145478059870784
            ],
            [
              -75.77213396346377,
              6.139178038238198
            ],
            [
              -75.77213401426035,
              6.131077910032129
            ],
            [
              -75.78883546268817,
              6.11087752433568
            ],
            [
              -75.79343621844356,
              6.099377536026495
            ],
            [
              -75.80093617268776,
              6.099377582836752
            ],
            [
              -75.81363955349389,
              6.099477799098599
            ],
            [
              -75.84013736490641,
              6.098377888119026
            ],
            [
              -75.85284074622498,
              6.09847762749704
            ],
            [
              -75.86433864221277,
              6.098477699204162
            ],
            [
              -75.86954208022206,
              6.096777787059732
            ],
            [
              -75.86784061954772,
              6.104278036912195
            ],
            [
              -75.86613913322114,
              6.11587818127198
            ],
            [
              -75.86384255587521,
              6.123878158754787
            ],
            [
              -75.85924179891235,
              6.13547828507754
            ],
            [
              -75.85983678175421,
              6.156278649556518
            ],
            [
              -75.86553613009342,
              6.157378761844342
            ],
            [
              -75.86273600497621,
              6.163778928689624
            ],
            [
              -75.86273598293701,
              6.167278955085668
            ],
            [
              -75.86273594323433,
              6.173579002630469
            ],
            [
              -75.86674147762496,
              6.179378867386299
            ],
            [
              -75.86903792096554,
              6.192678982568843
            ],
            [
              -75.8621406142183,
              6.207678984429588
            ],
            [
              -75.86613850033685,
              6.216379484590257
            ],
            [
              -75.87424115761142,
              6.222779244187738
            ],
            [
              -75.87363834137952,
              6.234279736682677
            ],
            [
              -75.87424106598012,
              6.237179422038063
            ]
          ]
        ]
      }
    },
    {
      "type": "Feature",
      "properties": {
        "AREA": 215751676.11,
        "PERIMETER": 68489.500756,
        "WCOLGEN02_": 409,
        "WCOLGEN021": 372,
        "DPTO": "05",
        "NOMBRE_DPT": "ANTIOQUIA",
        "MPIO": "615",
        "NOMBRE_MPI": "RIONEGRO",
        "NOMBRE_CAB": "RIONEGRO",
        "CLASEMUN": "CM",
        "MPIOS": "05615",
        "ZONA": "ZONA03",
        "OF_REG": "DAMED",
        "REG_ZONAS": "DAMEDZONA03",
        "HECTARES": 21575.168
      },
      "geometry": {
        "type": "Polygon",
        "coordinates": [
          [
            [
              -75.36582367364777,
              6.226376162924527
            ],
            [
              -75.36393152482462,
              6.225493038283986
            ],
            [
              -75.35832374506207,
              6.222876090123409
            ],
            [
              -75.34851964602433,
              6.221676291405964
            ],
            [
              -75.3404245936207,
              6.219876158795619
            ],
            [
              -75.33528221048635,
              6.21920806942789
            ],
            [
              -75.33461850346286,
              6.207775763854075
            ],
            [
              -75.3375178570112,
              6.194475688694292
            ],
            [
              -75.3439192251578,
              6.180675428015548
            ],
            [
              -75.35542477403389,
              6.176075400621374
            ],
            [
              -75.36171928696218,
              6.168575660280261
            ],
            [
              -75.3640235193386,
              6.15647531735074
            ],
            [
              -75.36402359951398,
              6.143775091999042
            ],
            [
              -75.36522151711108,
              6.133975030902115
            ],
            [
              -75.36802163702305,
              6.128175212309989
            ],
            [
              -75.37032583246679,
              6.1218751827403
            ],
            [
              -75.37962645426305,
              6.110375228903659
            ],
            [
              -75.38652368074308,
              6.107475115679722
            ],
            [
              -75.38882026833298,
              6.097675061562759
            ],
            [
              -75.40492650256682,
              6.092574854281957
            ],
            [
              -75.41012240584732,
              6.075275038266236
            ],
            [
              -75.40612449197319,
              6.071174644092163
            ],
            [
              -75.39802184158496,
              6.0641745447863
            ],
            [
              -75.40492668649374,
              6.063074512021537
            ],
            [
              -75.4084210723801,
              6.062474665846374
            ],
            [
              -75.42102527308812,
              6.060874937533564
            ],
            [
              -75.43952720891471,
              6.057474688314873
            ],
            [
              -75.45839538837345,
              6.050879595943371
            ],
            [
              -75.46482711807187,
              6.062175083080502
            ],
            [
              -75.46542980677542,
              6.070875079907244
            ],
            [
              -75.47062555570142,
              6.078375369512416
            ],
            [
              -75.47642396060141,
              6.09977562508468
            ],
            [
              -75.47642387734173,
              6.113075719333927
            ],
            [
              -75.47352453594928,
              6.124575714624768
            ],
            [
              -75.47812512732152,
              6.139076051072581
            ],
            [
              -75.48452635767883,
              6.147176217309391
            ],
            [
              -75.48912699991165,
              6.153576428307969
            ],
            [
              -75.49262888440556,
              6.173776458863469
            ],
            [
              -75.49722952651001,
              6.180176670213936
            ],
            [
              -75.51332800911054,
              6.194677081197743
            ],
            [
              -75.51393070811717,
              6.201576998603954
            ],
            [
              -75.51282436024898,
              6.209077250119204
            ],
            [
              -75.50363062067338,
              6.209677059628373
            ],
            [
              -75.49662661540951,
              6.206676720872181
            ],
            [
              -75.4886231316002,
              6.202676913564721
            ],
            [
              -75.47882665007322,
              6.203176582302908
            ],
            [
              -75.47182260744012,
              6.206076694772934
            ],
            [
              -75.45222199668531,
              6.209976665950298
            ],
            [
              -75.44012138496683,
              6.206476563744098
            ],
            [
              -75.43442201753338,
              6.208776339496449
            ],
            [
              -75.42462552188582,
              6.211576297020604
            ],
            [
              -75.4142263013922,
              6.211576230670397
            ],
            [
              -75.4009201752887,
              6.212676221713894
            ],
            [
              -75.39402296365105,
              6.21317638560734
            ],
            [
              -75.3865229754791,
              6.218976174593797
            ],
            [
              -75.37962573775265,
              6.223576231328233
            ],
            [
              -75.37212576879827,
              6.226376203249814
            ],
            [
              -75.36582367364777,
              6.226376162924527
            ]
          ]
        ]
      }
    },
    {
      "type": "Feature",
      "properties": {
        "AREA": 220747874.547,
        "PERIMETER": 67799.984679,
        "WCOLGEN02_": 411,
        "WCOLGEN021": 344,
        "DPTO": "05",
        "NOMBRE_DPT": "ANTIOQUIA",
        "MPIO": "313",
        "NOMBRE_MPI": "GRANADA",
        "NOMBRE_CAB": "GRANADA",
        "CLASEMUN": "CM",
        "MPIOS": "05313",
        "ZONA": "ZONA03",
        "OF_REG": "DAMED",
        "REG_ZONAS": "DAMEDZONA03",
        "HECTARES": 22074.787
      },
      "geometry": {
        "type": "Polygon",
        "coordinates": [
          [
            [
              -75.1231168217465,
              6.214374389611998
            ],
            [
              -75.1208126958876,
              6.209774752157156
            ],
            [
              -75.11501420419957,
              6.202774190479449
            ],
            [
              -75.10921575265147,
              6.189474062939496
            ],
            [
              -75.10231100508612,
              6.175574060873765
            ],
            [
              -75.09421605307756,
              6.1582736880916
            ],
            [
              -75.08901271778747,
              6.144373697677954
            ],
            [
              -75.07921632059374,
              6.132173621867048
            ],
            [
              -75.07461569483479,
              6.12347312580222
            ],
            [
              -75.06541437394567,
              6.117073365572509
            ],
            [
              -75.06541443938261,
              6.106672955593383
            ],
            [
              -75.06481177657288,
              6.093972730997315
            ],
            [
              -75.07341049604493,
              6.077872677913074
            ],
            [
              -75.07861403103756,
              6.059972523536128
            ],
            [
              -75.08091066799247,
              6.042072351193242
            ],
            [
              -75.08321490573897,
              6.028772277628502
            ],
            [
              -75.08551153468642,
              6.012072317970037
            ],
            [
              -75.08671713409394,
              5.993571794986708
            ],
            [
              -75.0918137101099,
              5.998771792559951
            ],
            [
              -75.10161776344259,
              6.006972111618757
            ],
            [
              -75.10911767645189,
              6.012772468868791
            ],
            [
              -75.11901325781692,
              6.025472273781803
            ],
            [
              -75.1305187170553,
              6.03477267956802
            ],
            [
              -75.14321440226732,
              6.044072616223203
            ],
            [
              -75.1559176991628,
              6.056273185774618
            ],
            [
              -75.17951607639986,
              6.078873280976491
            ],
            [
              -75.18761869221653,
              6.091073822992264
            ],
            [
              -75.19281444689821,
              6.097373898313025
            ],
            [
              -75.20371714931666,
              6.108974113799389
            ],
            [
              -75.21531415715657,
              6.119474258414181
            ],
            [
              -75.22572095413253,
              6.127574447548429
            ],
            [
              -75.23491460651935,
              6.140374389072694
            ],
            [
              -75.24532142566142,
              6.144974554634544
            ],
            [
              -75.24181939230974,
              6.148474556597688
            ],
            [
              -75.23551724744786,
              6.156474503701483
            ],
            [
              -75.22451524962636,
              6.162274746397085
            ],
            [
              -75.21072082519254,
              6.163874465537869
            ],
            [
              -75.20031396659171,
              6.16557434305292
            ],
            [
              -75.18941881723293,
              6.16617461860899
            ],
            [
              -75.1806447018652,
              6.168326076271264
            ],
            [
              -75.17781410323437,
              6.167874488444688
            ],
            [
              -75.16571345490848,
              6.170674430721328
            ],
            [
              -75.15421552710785,
              6.176974400656328
            ],
            [
              -75.14271758093825,
              6.186174526510541
            ],
            [
              -75.13691136316496,
              6.194274612918313
            ],
            [
              -75.13061681881098,
              6.206874658807514
            ],
            [
              -75.1231168217465,
              6.214374389611998
            ]
          ]
        ]
      }
    },
    {
      "type": "Feature",
      "properties": {
        "AREA": 267691450.795,
        "PERIMETER": 71946.566891,
        "WCOLGEN02_": 412,
        "WCOLGEN021": 371,
        "DPTO": "05",
        "NOMBRE_DPT": "ANTIOQUIA",
        "MPIO": "607",
        "NOMBRE_MPI": "RETIRO",
        "NOMBRE_CAB": "RETIRO",
        "CLASEMUN": "CM",
        "MPIOS": "05607",
        "ZONA": "ZONA03",
        "OF_REG": "DAMED",
        "REG_ZONAS": "DAMEDZONA03",
        "HECTARES": 26769.145
      },
      "geometry": {
        "type": "Polygon",
        "coordinates": [
          [
            [
              -75.55542856229664,
              6.177477155958541
            ],
            [
              -75.55022508141359,
              6.186177117851456
            ],
            [
              -75.54732580115261,
              6.187877043644193
            ],
            [
              -75.53582789107618,
              6.190676990905416
            ],
            [
              -75.52492507209432,
              6.196976967179851
            ],
            [
              -75.51622724164986,
              6.20047693715096
            ],
            [
              -75.51393070811717,
              6.201576998603954
            ],
            [
              -75.51332800911054,
              6.194677081197743
            ],
            [
              -75.49722952651001,
              6.180176670213936
            ],
            [
              -75.49262888440556,
              6.173776458863469
            ],
            [
              -75.48912699991165,
              6.153576428307969
            ],
            [
              -75.48452635767883,
              6.147176217309391
            ],
            [
              -75.47812512732152,
              6.139076051072581
            ],
            [
              -75.47352453594928,
              6.124575714624768
            ],
            [
              -75.47642387734173,
              6.113075719333927
            ],
            [
              -75.47642396060141,
              6.09977562508468
            ],
            [
              -75.47062555570142,
              6.078375369512416
            ],
            [
              -75.46542980677542,
              6.070875079907244
            ],
            [
              -75.46482711807187,
              6.062175083080502
            ],
            [
              -75.45839538837345,
              6.050879595943371
            ],
            [
              -75.45622858973397,
              6.047074855550013
            ],
            [
              -75.45912787999131,
              6.043674985974818
            ],
            [
              -75.46942800072134,
              6.029874748831768
            ],
            [
              -75.47062593879811,
              6.016574663220361
            ],
            [
              -75.48043015312223,
              5.99927439851578
            ],
            [
              -75.49073026296418,
              5.987174104963352
            ],
            [
              -75.50463158754644,
              5.972274290690499
            ],
            [
              -75.51092607891265,
              5.968174436893531
            ],
            [
              -75.51382541848707,
              5.95667396570633
            ],
            [
              -75.52533094003167,
              5.956674036042809
            ],
            [
              -75.53173222102865,
              5.956774212111658
            ],
            [
              -75.54612932945216,
              5.965474292956497
            ],
            [
              -75.55593343798688,
              5.965474352960755
            ],
            [
              -75.56682859789,
              5.963774475800651
            ],
            [
              -75.5732299218739,
              5.956874602661874
            ],
            [
              -75.58123340669017,
              5.960974544191197
            ],
            [
              -75.5847277644321,
              5.965074458215565
            ],
            [
              -75.58472764823152,
              5.984074728615777
            ],
            [
              -75.589328263801,
              5.995075039104683
            ],
            [
              -75.58703168368773,
              6.003775018538962
            ],
            [
              -75.58642886266455,
              6.016475241231041
            ],
            [
              -75.58133216316222,
              6.030875380261261
            ],
            [
              -75.57722731140045,
              6.046475738417
            ],
            [
              -75.58133197000492,
              6.062075670891011
            ],
            [
              -75.58822908587271,
              6.07717589004673
            ],
            [
              -75.58763388667154,
              6.090976189741235
            ],
            [
              -75.59173095433378,
              6.100276077866882
            ],
            [
              -75.58713026815094,
              6.100776257044613
            ],
            [
              -75.57273305524093,
              6.108876293269526
            ],
            [
              -75.56173098948463,
              6.124976340002858
            ],
            [
              -75.55423092836115,
              6.142276621700005
            ],
            [
              -75.55143071013627,
              6.163576689534314
            ],
            [
              -75.55143064440465,
              6.173976628460125
            ],
            [
              -75.55542856229664,
              6.177477155958541
            ]
          ]
        ]
      }
    },
    {
      "type": "Feature",
      "properties": {
        "AREA": 23497905.1557,
        "PERIMETER": 21863.723908,
        "WCOLGEN02_": 414,
        "WCOLGEN021": 350,
        "DPTO": "05",
        "NOMBRE_DPT": "ANTIOQUIA",
        "MPIO": "360",
        "NOMBRE_MPI": "ITAGUI",
        "NOMBRE_CAB": "ITAGUI",
        "CLASEMUN": "CM",
        "MPIOS": "05360",
        "ZONA": "ZONA05",
        "OF_REG": "DAMED",
        "REG_ZONAS": "DAMEDZONA05",
        "HECTARES": 2349.791
      },
      "geometry": {
        "type": "Polygon",
        "coordinates": [
          [
            [
              -75.58773249146175,
              6.183377335436261
            ],
            [
              -75.59173047532973,
              6.176476969949379
            ],
            [
              -75.59582760423743,
              6.17597726473839
            ],
            [
              -75.59862773257248,
              6.168977231512596
            ],
            [
              -75.60902698342295,
              6.164477332627403
            ],
            [
              -75.6173509654842,
              6.160318363094447
            ],
            [
              -75.61943386843188,
              6.15927695176481
            ],
            [
              -75.6373331052063,
              6.149577130195472
            ],
            [
              -75.64593173647579,
              6.148376971263815
            ],
            [
              -75.64593168168412,
              6.157077443560971
            ],
            [
              -75.64653436595634,
              6.166377311054683
            ],
            [
              -75.64992950534577,
              6.175577536190628
            ],
            [
              -75.65693353079375,
              6.175577580514811
            ],
            [
              -75.65403421355693,
              6.183077821602969
            ],
            [
              -75.6540341584579,
              6.19177781744169
            ],
            [
              -75.64943343132171,
              6.198677702758938
            ],
            [
              -75.64483274415537,
              6.19927754170542
            ],
            [
              -75.6373327916956,
              6.19917783392268
            ],
            [
              -75.6327321337735,
              6.195177570970403
            ],
            [
              -75.62813147268797,
              6.191677516096725
            ],
            [
              -75.61883092445649,
              6.191077588917262
            ],
            [
              -75.61133097537422,
              6.19047719632852
            ],
            [
              -75.60502890087136,
              6.18697713077179
            ],
            [
              -75.59872682259737,
              6.184077410246982
            ],
            [
              -75.58773249146175,
              6.183377335436261
            ]
          ]
        ]
      }
    },
    {
      "type": "Feature",
      "properties": {
        "AREA": 46811514.6668,
        "PERIMETER": 28567.419315,
        "WCOLGEN02_": 415,
        "WCOLGEN021": 338,
        "DPTO": "05",
        "NOMBRE_DPT": "ANTIOQUIA",
        "MPIO": "266",
        "NOMBRE_MPI": "ENVIGADO",
        "NOMBRE_CAB": "ENVIGADO",
        "CLASEMUN": "CM",
        "MPIOS": "05266",
        "ZONA": "ZONA04",
        "OF_REG": "DAMED",
        "REG_ZONAS": "DAMEDZONA04",
        "HECTARES": 4681.151
      },
      "geometry": {
        "type": "Polygon",
        "coordinates": [
          [
            [
              -75.58773249146175,
              6.183377335436261
            ],
            [
              -75.5825290724775,
              6.182277226320903
            ],
            [
              -75.57212987310977,
              6.178676998008593
            ],
            [
              -75.56643053791277,
              6.175776804621355
            ],
            [
              -75.56182985495191,
              6.175776775478954
            ],
            [
              -75.55942651311533,
              6.175776760254774
            ],
            [
              -75.55542856229664,
              6.177477155958541
            ],
            [
              -75.55143064440465,
              6.173976628460125
            ],
            [
              -75.55143071013627,
              6.163576689534314
            ],
            [
              -75.55423092836115,
              6.142276621700005
            ],
            [
              -75.56173098948463,
              6.124976340002858
            ],
            [
              -75.57273305524093,
              6.108876293269526
            ],
            [
              -75.58713026815094,
              6.100776257044613
            ],
            [
              -75.59173095433378,
              6.100276077866882
            ],
            [
              -75.60902742584719,
              6.093976140617241
            ],
            [
              -75.60673083416151,
              6.104376541875989
            ],
            [
              -75.6067307728645,
              6.114176612656578
            ],
            [
              -75.60673067508431,
              6.129776521171342
            ],
            [
              -75.61133127468212,
              6.14307664657943
            ],
            [
              -75.61593190688778,
              6.151176802569275
            ],
            [
              -75.6173509654842,
              6.160318363094447
            ],
            [
              -75.60902698342295,
              6.164477332627403
            ],
            [
              -75.59862773257248,
              6.168977231512596
            ],
            [
              -75.59582760423743,
              6.17597726473839
            ],
            [
              -75.59173047532973,
              6.176476969949379
            ],
            [
              -75.58773249146175,
              6.183377335436261
            ]
          ]
        ]
      }
    },
    {
      "type": "Feature",
      "properties": {
        "AREA": 88008821.4396,
        "PERIMETER": 39697.629872,
        "WCOLGEN02_": 417,
        "WCOLGEN021": 300,
        "DPTO": "05",
        "NOMBRE_DPT": "ANTIOQUIA",
        "MPIO": "036",
        "NOMBRE_MPI": "ANGELOPOLIS",
        "NOMBRE_CAB": "ANGELOPOLIS",
        "CLASEMUN": "CM",
        "MPIOS": "05036",
        "ZONA": "ZONA06",
        "OF_REG": "DAMED",
        "REG_ZONAS": "DAMEDZONA06",
        "HECTARES": 8800.882
      },
      "geometry": {
        "type": "Polygon",
        "coordinates": [
          [
            [
              -75.69093133076062,
              6.168277809916446
            ],
            [
              -75.68223385913974,
              6.114477019852212
            ],
            [
              -75.67933462179099,
              6.109277031854369
            ],
            [
              -75.67933466489438,
              6.102376640930328
            ],
            [
              -75.68223398902771,
              6.093676663771504
            ],
            [
              -75.68163128221951,
              6.087876822146599
            ],
            [
              -75.68683474787962,
              6.081576808742736
            ],
            [
              -75.69023757516004,
              6.081576829943057
            ],
            [
              -75.70063681219655,
              6.079376742452079
            ],
            [
              -75.70933462198256,
              6.079376796612586
            ],
            [
              -75.71503400491811,
              6.07477673039995
            ],
            [
              -75.72483812205127,
              6.073676715236014
            ],
            [
              -75.73523734204417,
              6.074276648063521
            ],
            [
              -75.74443871639191,
              6.07317710595469
            ],
            [
              -75.74733798644098,
              6.07317712398229
            ],
            [
              -75.74963456004475,
              6.065676878946656
            ],
            [
              -75.7519386882465,
              6.070276995084846
            ],
            [
              -75.75543304620163,
              6.074376910637943
            ],
            [
              -75.76063643017572,
              6.081276857449061
            ],
            [
              -75.76123912963044,
              6.088277389528063
            ],
            [
              -75.76123908293003,
              6.095777172264089
            ],
            [
              -75.766434847735,
              6.10097717491067
            ],
            [
              -75.77044041455348,
              6.101577544955719
            ],
            [
              -75.76813621096989,
              6.109077313457042
            ],
            [
              -75.76173488088264,
              6.116577533171195
            ],
            [
              -75.76523685082398,
              6.123477469884765
            ],
            [
              -75.77213401426035,
              6.131077910032129
            ],
            [
              -75.77213396346377,
              6.139178038238198
            ],
            [
              -75.76813598298604,
              6.145478059870784
            ],
            [
              -75.7577367154941,
              6.152377909393851
            ],
            [
              -75.74853525332615,
              6.167377894613471
            ],
            [
              -75.72783605039035,
              6.157977762455435
            ],
            [
              -75.71053190629064,
              6.170677883367831
            ],
            [
              -75.70473331585048,
              6.17867783772261
            ],
            [
              -75.69093133076062,
              6.168277809916446
            ]
          ]
        ]
      }
    },
    {
      "type": "Feature",
      "properties": {
        "AREA": 37075915.6714,
        "PERIMETER": 26842.088949,
        "WCOLGEN02_": 419,
        "WCOLGEN021": 300,
        "DPTO": "05",
        "NOMBRE_DPT": "ANTIOQUIA",
        "MPIO": "380",
        "NOMBRE_MPI": "LA ESTRELLA",
        "NOMBRE_CAB": "LA ESTRELLA",
        "CLASEMUN": "CM",
        "MPIOS": "05380",
        "ZONA": "ZONA02",
        "OF_REG": "DAMED",
        "REG_ZONAS": "DAMEDZONA02",
        "HECTARES": 3707.592
      },
      "geometry": {
        "type": "Polygon",
        "coordinates": [
          [
            [
              -75.69093133076062,
              6.168277809916446
            ],
            [
              -75.68743692610447,
              6.171677676645965
            ],
            [
              -75.67883066856432,
              6.172277490408831
            ],
            [
              -75.66953011289812,
              6.172777639632334
            ],
            [
              -75.65973362579852,
              6.173877653869029
            ],
            [
              -75.65693353079375,
              6.175577580514811
            ],
            [
              -75.64992950534577,
              6.175577536190628
            ],
            [
              -75.64653436595634,
              6.166377311054683
            ],
            [
              -75.64593168168412,
              6.157077443560971
            ],
            [
              -75.64593173647579,
              6.148376971263815
            ],
            [
              -75.6373331052063,
              6.149577130195472
            ],
            [
              -75.6436352348004,
              6.14437720008037
            ],
            [
              -75.64473393122441,
              6.140276836485473
            ],
            [
              -75.64303257166517,
              6.131676967470014
            ],
            [
              -75.64013336023893,
              6.122376609111344
            ],
            [
              -75.63843198989292,
              6.115476684548288
            ],
            [
              -75.63613552436918,
              6.105676599065489
            ],
            [
              -75.63383141536704,
              6.098076665843074
            ],
            [
              -75.64133136776157,
              6.098176372842746
            ],
            [
              -75.65393555033285,
              6.099976532804615
            ],
            [
              -75.66032919631908,
              6.101076648886674
            ],
            [
              -75.66723400316206,
              6.106376798750231
            ],
            [
              -75.6764353338091,
              6.112176694261423
            ],
            [
              -75.68223385913974,
              6.114477019852212
            ],
            [
              -75.69093133076062,
              6.168277809916446
            ]
          ]
        ]
      }
    },
    {
      "type": "Feature",
      "properties": {
        "AREA": 201664437.748,
        "PERIMETER": 66193.900497,
        "WCOLGEN02_": 423,
        "WCOLGEN021": 331,
        "DPTO": "05",
        "NOMBRE_DPT": "ANTIOQUIA",
        "MPIO": "209",
        "NOMBRE_MPI": "CONCORDIA",
        "NOMBRE_CAB": "CONCORDIA",
        "CLASEMUN": "CM",
        "MPIOS": "05209",
        "ZONA": "ZONA06",
        "OF_REG": "DAMED",
        "REG_ZONAS": "DAMEDZONA06",
        "HECTARES": 20166.444
      },
      "geometry": {
        "type": "Polygon",
        "coordinates": [
          [
            [
              -75.86553613009342,
              6.157378761844342
            ],
            [
              -75.85983678175421,
              6.156278649556518
            ],
            [
              -75.85924179891235,
              6.13547828507754
            ],
            [
              -75.86384255587521,
              6.123878158754787
            ],
            [
              -75.86613913322114,
              6.11587818127198
            ],
            [
              -75.86784061954772,
              6.104278036912195
            ],
            [
              -75.86954208022206,
              6.096777787059732
            ],
            [
              -75.86954211941861,
              6.090477739971253
            ],
            [
              -75.87994146635674,
              6.070877658287922
            ],
            [
              -75.88104023010533,
              6.0558776214051
            ],
            [
              -75.88104029434079,
              6.045477203408977
            ],
            [
              -75.87584461789947,
              6.02577736570193
            ],
            [
              -75.8706412476259,
              6.016476992332839
            ],
            [
              -75.86784122292507,
              6.006676902703568
            ],
            [
              -75.86263784149871,
              5.999176611076543
            ],
            [
              -75.85854078564893,
              5.987576432446126
            ],
            [
              -75.85793814148063,
              5.971376173528423
            ],
            [
              -75.86144022492392,
              5.959876178693279
            ],
            [
              -75.86894024282704,
              5.949476284408808
            ],
            [
              -75.86543827125854,
              5.942576348848323
            ],
            [
              -75.88164363837551,
              5.94727620931043
            ],
            [
              -75.88334504566264,
              5.948376295849052
            ],
            [
              -75.89314149269812,
              5.954176193707332
            ],
            [
              -75.90404425376074,
              5.957776422836957
            ],
            [
              -75.92194332180802,
              5.976277077409386
            ],
            [
              -75.92884042460214,
              5.994177320527611
            ],
            [
              -75.93584440180088,
              6.002377151986953
            ],
            [
              -75.93874361235524,
              6.012177242836402
            ],
            [
              -75.94904357477475,
              6.024877537320961
            ],
            [
              -75.95944271841704,
              6.038277838098984
            ],
            [
              -75.98024105682826,
              6.056778037746274
            ],
            [
              -75.98604717421894,
              6.065478071310235
            ],
            [
              -75.9917464763298,
              6.074178581233142
            ],
            [
              -75.99634712534952,
              6.079978449411193
            ],
            [
              -75.99234151788981,
              6.085778741034173
            ],
            [
              -75.98084356699401,
              6.09437853043147
            ],
            [
              -75.9670414339818,
              6.106978540033687
            ],
            [
              -75.95374286537944,
              6.118478952959378
            ],
            [
              -75.9376442692486,
              6.120778665373556
            ],
            [
              -75.924940843065,
              6.12767850185903
            ],
            [
              -75.92204148607725,
              6.141478792532308
            ],
            [
              -75.9151442124925,
              6.151278823480111
            ],
            [
              -75.9053400713363,
              6.155878864797025
            ],
            [
              -75.89554354921651,
              6.162178850835734
            ],
            [
              -75.89214071742856,
              6.162778697701174
            ],
            [
              -75.88284016352222,
              6.162678978952355
            ],
            [
              -75.87594297748095,
              6.15857856393846
            ],
            [
              -75.87013682139789,
              6.156278714395242
            ],
            [
              -75.86553613009342,
              6.157378761844342
            ]
          ]
        ]
      }
    },
    {
      "type": "Feature",
      "properties": {
        "AREA": 21570922.2167,
        "PERIMETER": 19196.288692,
        "WCOLGEN02_": 424,
        "WCOLGEN021": 374,
        "DPTO": "05",
        "NOMBRE_DPT": "ANTIOQUIA",
        "MPIO": "631",
        "NOMBRE_MPI": "SABANETA",
        "NOMBRE_CAB": "SABANETA",
        "CLASEMUN": "CM",
        "MPIOS": "05631",
        "ZONA": "ZONA04",
        "OF_REG": "DAMED",
        "REG_ZONAS": "DAMEDZONA04",
        "HECTARES": 2157.092
      },
      "geometry": {
        "type": "Polygon",
        "coordinates": [
          [
            [
              -75.6373331052063,
              6.149577130195472
            ],
            [
              -75.61943386843188,
              6.15927695176481
            ],
            [
              -75.6173509654842,
              6.160318363094447
            ],
            [
              -75.61593190688778,
              6.151176802569275
            ],
            [
              -75.61133127468212,
              6.14307664657943
            ],
            [
              -75.60673067508431,
              6.129776521171342
            ],
            [
              -75.6067307728645,
              6.114176612656578
            ],
            [
              -75.60673083416151,
              6.104376541875989
            ],
            [
              -75.60902742584719,
              6.093976140617241
            ],
            [
              -75.6170309073273,
              6.098576291951144
            ],
            [
              -75.62683501603257,
              6.09867649020855
            ],
            [
              -75.63383141536704,
              6.098076665843074
            ],
            [
              -75.63613552436918,
              6.105676599065489
            ],
            [
              -75.63843198989292,
              6.115476684548288
            ],
            [
              -75.64013336023893,
              6.122376609111344
            ],
            [
              -75.64303257166517,
              6.131676967470014
            ],
            [
              -75.64473393122441,
              6.140276836485473
            ],
            [
              -75.6436352348004,
              6.14437720008037
            ],
            [
              -75.6373331052063,
              6.149577130195472
            ]
          ]
        ]
      }
    },
    {
      "type": "Feature",
      "properties": {
        "AREA": 64583209.3619,
        "PERIMETER": 36488.729096,
        "WCOLGEN02_": 425,
        "WCOLGEN021": 390,
        "DPTO": "05",
        "NOMBRE_DPT": "ANTIOQUIA",
        "MPIO": "697",
        "NOMBRE_MPI": "EL SANTUARIO",
        "NOMBRE_CAB": "EL SANTUARIO",
        "CLASEMUN": "CM",
        "MPIOS": "05697",
        "ZONA": "ZONA01",
        "OF_REG": "DAMED",
        "REG_ZONAS": "DAMEDZONA01",
        "HECTARES": 6458.321
      },
      "geometry": {
        "type": "Polygon",
        "coordinates": [
          [
            [
              -75.26081718318218,
              6.156074593086377
            ],
            [
              -75.24532142566142,
              6.144974554634544
            ],
            [
              -75.23491460651935,
              6.140374389072694
            ],
            [
              -75.22572095413253,
              6.127574447548429
            ],
            [
              -75.21531415715657,
              6.119474258414181
            ],
            [
              -75.20371714931666,
              6.108974113799389
            ],
            [
              -75.19281444689821,
              6.097373898313025
            ],
            [
              -75.18761869221653,
              6.091073822992264
            ],
            [
              -75.1968200652143,
              6.089373460443738
            ],
            [
              -75.20551786298832,
              6.090573727482425
            ],
            [
              -75.21871713157958,
              6.095773777522688
            ],
            [
              -75.23831768319754,
              6.10047413697625
            ],
            [
              -75.26142028974755,
              6.098274130669553
            ],
            [
              -75.2729182106874,
              6.093174372146917
            ],
            [
              -75.28562162838415,
              6.08627406374089
            ],
            [
              -75.29132095837079,
              6.08977412349388
            ],
            [
              -75.30062149282534,
              6.092074470077463
            ],
            [
              -75.30751863857252,
              6.101974717879581
            ],
            [
              -75.30812133802588,
              6.108874633121851
            ],
            [
              -75.30921992853443,
              6.121574864204512
            ],
            [
              -75.31391971209506,
              6.134874986127909
            ],
            [
              -75.3087238119157,
              6.151574933220882
            ],
            [
              -75.30232252790371,
              6.152175237500029
            ],
            [
              -75.29371627756868,
              6.152175183045692
            ],
            [
              -75.27931910569347,
              6.154374766591049
            ],
            [
              -75.26891987604215,
              6.156074644404053
            ],
            [
              -75.26081718318218,
              6.156074593086377
            ]
          ]
        ]
      }
    },
    {
      "type": "Feature",
      "properties": {
        "AREA": 145924881.17,
        "PERIMETER": 51652.183205,
        "WCOLGEN02_": 429,
        "WCOLGEN021": 397,
        "DPTO": "05",
        "NOMBRE_DPT": "ANTIOQUIA",
        "MPIO": "809",
        "NOMBRE_MPI": "TITIRIBI",
        "NOMBRE_CAB": "TITIRIBI",
        "CLASEMUN": "CM",
        "MPIOS": "05809",
        "ZONA": "ZONA06",
        "OF_REG": "DAMED",
        "REG_ZONAS": "DAMEDZONA06",
        "HECTARES": 14592.488
      },
      "geometry": {
        "type": "Polygon",
        "coordinates": [
          [
            [
              -75.86954208022206,
              6.096777787059732
            ],
            [
              -75.86433864221277,
              6.098477699204162
            ],
            [
              -75.85284074622498,
              6.09847762749704
            ],
            [
              -75.84013736490641,
              6.098377888119026
            ],
            [
              -75.81363955349389,
              6.099477799098599
            ],
            [
              -75.80093617268776,
              6.099377582836752
            ],
            [
              -75.79343621844356,
              6.099377536026495
            ],
            [
              -75.78883546268817,
              6.11087752433568
            ],
            [
              -75.77213401426035,
              6.131077910032129
            ],
            [
              -75.76523685082398,
              6.123477469884765
            ],
            [
              -75.76173488088264,
              6.116577533171195
            ],
            [
              -75.76813621096989,
              6.109077313457042
            ],
            [
              -75.77044041455348,
              6.101577544955719
            ],
            [
              -75.766434847735,
              6.10097717491067
            ],
            [
              -75.76123908293003,
              6.095777172264089
            ],
            [
              -75.76123912963044,
              6.088277389528063
            ],
            [
              -75.76063643017572,
              6.081276857449061
            ],
            [
              -75.75543304620163,
              6.074376910637943
            ],
            [
              -75.7519386882465,
              6.070276995084846
            ],
            [
              -75.74963456004475,
              6.065676878946656
            ],
            [
              -75.75253385490113,
              6.06167666329315
            ],
            [
              -75.75713458145248,
              6.054776777553768
            ],
            [
              -75.75653950770636,
              6.04837659080307
            ],
            [
              -75.75364029816811,
              6.038576501266562
            ],
            [
              -75.76003399420678,
              6.031676626646402
            ],
            [
              -75.77033408629869,
              6.022976694811512
            ],
            [
              -75.77263829965193,
              6.013776505634945
            ],
            [
              -75.77153966449552,
              6.007976184113403
            ],
            [
              -75.77493492618176,
              5.997576265477878
            ],
            [
              -75.78243488330008,
              5.997076103514367
            ],
            [
              -75.78883618743482,
              5.993676254256701
            ],
            [
              -75.80263823208693,
              5.994876552040735
            ],
            [
              -75.81013818635202,
              5.994876598047764
            ],
            [
              -75.82683946237114,
              6.002476619975372
            ],
            [
              -75.83894010776258,
              6.001376618074029
            ],
            [
              -75.84933932161739,
              6.003176763277721
            ],
            [
              -75.85803710816316,
              6.00717705052709
            ],
            [
              -75.86784122292507,
              6.006676902703568
            ],
            [
              -75.8706412476259,
              6.016476992332839
            ],
            [
              -75.87584461789947,
              6.02577736570193
            ],
            [
              -75.88104029434079,
              6.045477203408977
            ],
            [
              -75.88104023010533,
              6.0558776214051
            ],
            [
              -75.87994146635674,
              6.070877658287922
            ],
            [
              -75.86954211941861,
              6.090477739971253
            ],
            [
              -75.86954208022206,
              6.096777787059732
            ]
          ]
        ]
      }
    },
    {
      "type": "Feature",
      "properties": {
        "AREA": 423873744.058,
        "PERIMETER": 108812.715942,
        "WCOLGEN02_": 430,
        "WCOLGEN021": 324,
        "DPTO": "05",
        "NOMBRE_DPT": "ANTIOQUIA",
        "MPIO": "148",
        "NOMBRE_MPI": "EL CARMEN DE VIBORAL",
        "NOMBRE_CAB": "EL CARMEN DE VIBORAL",
        "CLASEMUN": "CM",
        "MPIOS": "05148",
        "ZONA": "ZONA01",
        "OF_REG": "DAMED",
        "REG_ZONAS": "DAMEDZONA01",
        "HECTARES": 42387.374
      },
      "geometry": {
        "type": "Polygon",
        "coordinates": [
          [
            [
              -75.30062149282534,
              6.092074470077463
            ],
            [
              -75.29602089052105,
              6.07937421762942
            ],
            [
              -75.2931216798354,
              6.070073863164884
            ],
            [
              -75.29132114242252,
              6.060273784750351
            ],
            [
              -75.27982329303833,
              6.053874009936237
            ],
            [
              -75.26422069722658,
              6.046273520394264
            ],
            [
              -75.24462016597488,
              6.038173275387583
            ],
            [
              -75.23481609711925,
              6.032273242667261
            ],
            [
              -75.22161691028798,
              6.013773104157287
            ],
            [
              -75.21121781364047,
              5.994072771372342
            ],
            [
              -75.20252011169204,
              5.977272605453638
            ],
            [
              -75.18752031198183,
              5.9610722691852
            ],
            [
              -75.18171420254936,
              5.951771899406163
            ],
            [
              -75.1702164033225,
              5.937272005629065
            ],
            [
              -75.15461387488844,
              5.918771379895721
            ],
            [
              -75.12641475445997,
              5.905971328750091
            ],
            [
              -75.11541292147211,
              5.885070785364283
            ],
            [
              -75.12181421063651,
              5.883370881265996
            ],
            [
              -75.13271699517202,
              5.881671004426504
            ],
            [
              -75.16151900136856,
              5.870871176582125
            ],
            [
              -75.16901896451196,
              5.868570934441148
            ],
            [
              -75.18002095552148,
              5.863471171972736
            ],
            [
              -75.1932202940759,
              5.857171210455591
            ],
            [
              -75.20301679700013,
              5.852571171302684
            ],
            [
              -75.21452235264366,
              5.846271199346901
            ],
            [
              -75.22492159477166,
              5.842271031340588
            ],
            [
              -75.23412302326611,
              5.831270810152763
            ],
            [
              -75.24391955037154,
              5.822671016894716
            ],
            [
              -75.26181880114049,
              5.808870829167021
            ],
            [
              -75.27391946301934,
              5.803771072351941
            ],
            [
              -75.2814194131255,
              5.803771117138199
            ],
            [
              -75.28602001892786,
              5.816471364493816
            ],
            [
              -75.28772129367296,
              5.839571527279233
            ],
            [
              -75.29242110856983,
              5.848271545051719
            ],
            [
              -75.30042445903356,
              5.874372039338842
            ],
            [
              -75.30512420056252,
              5.895171934250797
            ],
            [
              -75.30682550504679,
              5.913072609533686
            ],
            [
              -75.30802324531297,
              5.932072403979429
            ],
            [
              -75.32762365101225,
              5.961073128581798
            ],
            [
              -75.33572631556984,
              5.965772937700964
            ],
            [
              -75.33682492580719,
              5.975573487956075
            ],
            [
              -75.33972406685419,
              5.996373375188266
            ],
            [
              -75.34262316111683,
              6.024673995652171
            ],
            [
              -75.34781887375343,
              6.03797411930081
            ],
            [
              -75.35422009283009,
              6.047874363542332
            ],
            [
              -75.36342141699697,
              6.05427412438915
            ],
            [
              -75.36912075501952,
              6.056574448261134
            ],
            [
              -75.37662070597682,
              6.056574494945798
            ],
            [
              -75.38412066010004,
              6.056074333795723
            ],
            [
              -75.39452750982387,
              6.056074398558742
            ],
            [
              -75.39802184158496,
              6.0641745447863
            ],
            [
              -75.40612449197319,
              6.071174644092163
            ],
            [
              -75.41012240584732,
              6.075275038266236
            ],
            [
              -75.40492650256682,
              6.092574854281957
            ],
            [
              -75.38882026833298,
              6.097675061562759
            ],
            [
              -75.38652368074308,
              6.107475115679722
            ],
            [
              -75.37962645426305,
              6.110375228903659
            ],
            [
              -75.37032583246679,
              6.1218751827403
            ],
            [
              -75.36802163702305,
              6.128175212309989
            ],
            [
              -75.35882032771352,
              6.119475161713573
            ],
            [
              -75.35192320682175,
              6.10557468090909
            ],
            [
              -75.3392199365618,
              6.088774484643249
            ],
            [
              -75.32882078576279,
              6.07777413915638
            ],
            [
              -75.3173228854976,
              6.079474487743649
            ],
            [
              -75.30982291001045,
              6.083474195934132
            ],
            [
              -75.30692358749886,
              6.092074509562442
            ],
            [
              -75.30062149282534,
              6.092074470077463
            ]
          ]
        ]
      }
    },
    {
      "type": "Feature",
      "properties": {
        "AREA": 443819867.837,
        "PERIMETER": 95129.761357,
        "WCOLGEN02_": 431,
        "WCOLGEN021": 382,
        "DPTO": "05",
        "NOMBRE_DPT": "ANTIOQUIA",
        "MPIO": "660",
        "NOMBRE_MPI": "SAN LUIS",
        "NOMBRE_CAB": "SAN LUIS",
        "CLASEMUN": "CM",
        "MPIOS": "05660",
        "ZONA": "ZONA03",
        "OF_REG": "DAMED",
        "REG_ZONAS": "DAMEDZONA03",
        "HECTARES": 44381.987
      },
      "geometry": {
        "type": "Polygon",
        "coordinates": [
          [
            [
              -74.8824100914942,
              6.029238333964423
            ],
            [
              -74.87050782986135,
              6.030170963345988
            ],
            [
              -74.85030452134693,
              6.028970625490691
            ],
            [
              -74.83360321240912,
              6.029470728985952
            ],
            [
              -74.82320410644853,
              6.012070690329483
            ],
            [
              -74.8100048857261,
              5.999970259616922
            ],
            [
              -74.80130712734807,
              5.992970161714548
            ],
            [
              -74.79440231154045,
              5.990069964521324
            ],
            [
              -74.78980166812524,
              5.984270104092957
            ],
            [
              -74.78340044508695,
              5.975570078282464
            ],
            [
              -74.77940254033108,
              5.970369612447858
            ],
            [
              -74.78340049130526,
              5.968069827150191
            ],
            [
              -74.79030537479836,
              5.959969751127875
            ],
            [
              -74.80300116977655,
              5.950769635705209
            ],
            [
              -74.81800874529037,
              5.942169878662241
            ],
            [
              -74.83410736406779,
              5.933069920620772
            ],
            [
              -74.85030520082852,
              5.91866986169336
            ],
            [
              -74.85540946536491,
              5.91406979602217
            ],
            [
              -74.86060528571518,
              5.909469730881853
            ],
            [
              -74.86350451103867,
              5.916369655521311
            ],
            [
              -74.87681056941474,
              5.92506972335811
            ],
            [
              -74.89980631253755,
              5.929269890585989
            ],
            [
              -74.91770543556014,
              5.935670176954863
            ],
            [
              -74.93620730136134,
              5.942070467279525
            ],
            [
              -74.95461004140284,
              5.938770354740777
            ],
            [
              -74.96150732786887,
              5.925470312183049
            ],
            [
              -74.97540862364647,
              5.913970391941841
            ],
            [
              -74.98921068838396,
              5.909970246263324
            ],
            [
              -74.99731335754895,
              5.913470318051543
            ],
            [
              -75.01051262344895,
              5.918770500682534
            ],
            [
              -75.02841169552407,
              5.933870775344491
            ],
            [
              -75.03990952175344,
              5.943670909075763
            ],
            [
              -75.06181412605768,
              5.964571519867965
            ],
            [
              -75.07451739448157,
              5.98137170780207
            ],
            [
              -75.08671713409394,
              5.993571794986708
            ],
            [
              -75.08551153468642,
              6.012072317970037
            ],
            [
              -75.08321490573897,
              6.028772277628502
            ],
            [
              -75.08091066799247,
              6.042072351193242
            ],
            [
              -75.07861403103756,
              6.059972523536128
            ],
            [
              -75.07341049604493,
              6.077872677913074
            ],
            [
              -75.06481177657288,
              6.093972730997315
            ],
            [
              -75.06541443938261,
              6.106672955593383
            ],
            [
              -75.06541437394567,
              6.117073365572509
            ],
            [
              -75.05961585616596,
              6.114173173425297
            ],
            [
              -75.0498117638788,
              6.112373031520984
            ],
            [
              -75.03831392845518,
              6.104272837155286
            ],
            [
              -75.02621332545124,
              6.100172870077925
            ],
            [
              -75.00831416865161,
              6.098972545180944
            ],
            [
              -74.99451213537361,
              6.097772246083726
            ],
            [
              -74.97491156739413,
              6.096472250479948
            ],
            [
              -74.96330693583432,
              6.085472377968616
            ],
            [
              -74.95870631716394,
              6.07567180825012
            ],
            [
              -74.95180914508562,
              6.070372139199524
            ],
            [
              -74.9397085605685,
              6.063471677963317
            ],
            [
              -74.92990452750007,
              6.052371680956416
            ],
            [
              -74.92531156323064,
              6.038571358772872
            ],
            [
              -74.91030407542499,
              6.032671295374521
            ],
            [
              -74.9034068705443,
              6.032671252410381
            ],
            [
              -74.8917564188391,
              6.028505962402553
            ],
            [
              -74.8824100914942,
              6.029238333964423
            ]
          ]
        ]
      }
    },
    {
      "type": "Feature",
      "properties": {
        "AREA": 152790205.644,
        "PERIMETER": 53659.442286,
        "WCOLGEN02_": 433,
        "WCOLGEN021": 319,
        "DPTO": "05",
        "NOMBRE_DPT": "ANTIOQUIA",
        "MPIO": "129",
        "NOMBRE_MPI": "CALDAS",
        "NOMBRE_CAB": "CALDAS",
        "CLASEMUN": "CM",
        "MPIOS": "05129",
        "ZONA": "ZONA02",
        "OF_REG": "DAMED",
        "REG_ZONAS": "DAMEDZONA02",
        "HECTARES": 15279.021
      },
      "geometry": {
        "type": "Polygon",
        "coordinates": [
          [
            [
              -75.68223385913974,
              6.114477019852212
            ],
            [
              -75.6764353338091,
              6.112176694261423
            ],
            [
              -75.66723400316206,
              6.106376798750231
            ],
            [
              -75.66032919631908,
              6.101076648886674
            ],
            [
              -75.65393555033285,
              6.099976532804615
            ],
            [
              -75.64133136776157,
              6.098176372842746
            ],
            [
              -75.63383141536704,
              6.098076665843074
            ],
            [
              -75.62683501603257,
              6.09867649020855
            ],
            [
              -75.6170309073273,
              6.098576291951144
            ],
            [
              -75.60902742584719,
              6.093976140617241
            ],
            [
              -75.59173095433378,
              6.100276077866882
            ],
            [
              -75.58763388667154,
              6.090976189741235
            ],
            [
              -75.58822908587271,
              6.07717589004673
            ],
            [
              -75.58133197000492,
              6.062075670891011
            ],
            [
              -75.57722731140045,
              6.046475738417
            ],
            [
              -75.58133216316222,
              6.030875380261261
            ],
            [
              -75.58642886266455,
              6.016475241231041
            ],
            [
              -75.58703168368773,
              6.003775018538962
            ],
            [
              -75.589328263801,
              5.995075039104683
            ],
            [
              -75.59283030080016,
              5.99107482792065
            ],
            [
              -75.59803375493983,
              5.986474759157999
            ],
            [
              -75.61413239768692,
              5.975575189333636
            ],
            [
              -75.62793447837035,
              5.970474965178983
            ],
            [
              -75.64873300119756,
              5.957774865855693
            ],
            [
              -75.65043439707819,
              5.960675033111513
            ],
            [
              -75.65393639511457,
              5.963075003469983
            ],
            [
              -75.6631301394625,
              5.961875323581491
            ],
            [
              -75.67353699881319,
              5.960775311188011
            ],
            [
              -75.68213563615339,
              5.958575211744901
            ],
            [
              -75.6792363035024,
              5.968875472012951
            ],
            [
              -75.67813761145948,
              5.972375490326887
            ],
            [
              -75.672934082948,
              5.98907544177256
            ],
            [
              -75.67523048896231,
              6.00877573352376
            ],
            [
              -75.6810366047879,
              6.017475763781745
            ],
            [
              -75.68963514317518,
              6.031376257745759
            ],
            [
              -75.69023781882599,
              6.042276408429528
            ],
            [
              -75.68393566107586,
              6.0520764403428
            ],
            [
              -75.68043355530213,
              6.067076459204412
            ],
            [
              -75.67933482686014,
              6.076376315511858
            ],
            [
              -75.68683474787962,
              6.081576808742736
            ],
            [
              -75.68163128221951,
              6.087876822146599
            ],
            [
              -75.68223398902771,
              6.093676663771504
            ],
            [
              -75.67933466489438,
              6.102376640930328
            ],
            [
              -75.67933462179099,
              6.109277031854369
            ],
            [
              -75.68223385913974,
              6.114477019852212
            ]
          ]
        ]
      }
    },
    {
      "type": "Feature",
      "properties": {
        "AREA": 448675689.638,
        "PERIMETER": 98410.394396,
        "WCOLGEN02_": 435,
        "WCOLGEN021": 375,
        "DPTO": "05",
        "NOMBRE_DPT": "ANTIOQUIA",
        "MPIO": "642",
        "NOMBRE_MPI": "SALGAR",
        "NOMBRE_CAB": "SALGAR",
        "CLASEMUN": "CM",
        "MPIOS": "05642",
        "ZONA": "ZONA06",
        "OF_REG": "DAMED",
        "REG_ZONAS": "DAMEDZONA06",
        "HECTARES": 44867.569
      },
      "geometry": {
        "type": "Polygon",
        "coordinates": [
          [
            [
              -76.04194943769181,
              6.106779209972356
            ],
            [
              -76.03734874939988,
              6.107278912642699
            ],
            [
              -76.02584324349482,
              6.103778814153414
            ],
            [
              -76.01774821010277,
              6.097978923801444
            ],
            [
              -76.00734138291297,
              6.093278618847628
            ],
            [
              -75.99874280633767,
              6.085178435656376
            ],
            [
              -75.99634712534952,
              6.079978449411193
            ],
            [
              -75.9917464763298,
              6.074178581233142
            ],
            [
              -75.98604717421894,
              6.065478071310235
            ],
            [
              -75.98024105682826,
              6.056778037746274
            ],
            [
              -75.95944271841704,
              6.038277838098984
            ],
            [
              -75.94904357477475,
              6.024877537320961
            ],
            [
              -75.93874361235524,
              6.012177242836402
            ],
            [
              -75.93584440180088,
              6.002377151986953
            ],
            [
              -75.92884042460214,
              5.994177320527611
            ],
            [
              -75.92194332180802,
              5.976277077409386
            ],
            [
              -75.90404425376074,
              5.957776422836957
            ],
            [
              -75.89314149269812,
              5.954176193707332
            ],
            [
              -75.88334504566264,
              5.948376295849052
            ],
            [
              -75.88164363837551,
              5.94727620931043
            ],
            [
              -75.86543827125854,
              5.942576348848323
            ],
            [
              -75.86774245613509,
              5.937976261084407
            ],
            [
              -75.87354104234403,
              5.930476037077749
            ],
            [
              -75.88154461387165,
              5.920676013941713
            ],
            [
              -75.8942404148369,
              5.912676100379718
            ],
            [
              -75.9000389943571,
              5.906275952370153
            ],
            [
              -75.91154460706372,
              5.891875848357795
            ],
            [
              -75.9190446623237,
              5.875175430875741
            ],
            [
              -75.92134126219027,
              5.863075560748231
            ],
            [
              -75.93114531878923,
              5.872375483069435
            ],
            [
              -75.9409417427459,
              5.882176090481757
            ],
            [
              -75.94844162477803,
              5.894376157028557
            ],
            [
              -75.96344146573641,
              5.905976400986074
            ],
            [
              -75.97904407766471,
              5.912976546895755
            ],
            [
              -75.99284611419877,
              5.915976448139376
            ],
            [
              -76.02974315969685,
              5.914376863472647
            ],
            [
              -76.04064593690192,
              5.915576665778779
            ],
            [
              -76.0614443487626,
              5.922576843791852
            ],
            [
              -76.08505047612692,
              5.929577515954715
            ],
            [
              -76.09944761015275,
              5.935477579433762
            ],
            [
              -76.11334885207648,
              5.935477663604711
            ],
            [
              -76.13864877204112,
              5.941377793412325
            ],
            [
              -76.13874789832859,
              5.95117786845718
            ],
            [
              -76.13584857076611,
              5.960478194053096
            ],
            [
              -76.12944724027707,
              5.96787780269849
            ],
            [
              -76.1283485441818,
              5.971978167814933
            ],
            [
              -76.1375498733773,
              5.978878140226691
            ],
            [
              -76.14675123367252,
              5.980678278195676
            ],
            [
              -76.15374762197466,
              5.982478402746799
            ],
            [
              -76.1606524616984,
              5.983078313215432
            ],
            [
              -76.17334820708406,
              5.984878472579316
            ],
            [
              -76.17794888921529,
              5.985478369011673
            ],
            [
              -76.184998689244,
              5.986641908701161
            ],
            [
              -76.18824892174152,
              5.987178376799569
            ],
            [
              -76.16985371670101,
              6.002178788425673
            ],
            [
              -76.16874735957887,
              6.011378988636845
            ],
            [
              -76.1652528828364,
              6.026379014572035
            ],
            [
              -76.15715012919868,
              6.035078963677541
            ],
            [
              -76.14334801928734,
              6.043679217423797
            ],
            [
              -76.12264865711083,
              6.058579000040142
            ],
            [
              -76.1041467084816,
              6.061978775572771
            ],
            [
              -76.08744532424853,
              6.071178879076863
            ],
            [
              -76.07134666602748,
              6.083179007546547
            ],
            [
              -76.05804811067298,
              6.092379131707429
            ],
            [
              -76.05054811159557,
              6.099279001693533
            ],
            [
              -76.04194943769181,
              6.106779209972356
            ]
          ]
        ]
      }
    },
    {
      "type": "Feature",
      "properties": {
        "AREA": 263019032.654,
        "PERIMETER": 87390.092316,
        "WCOLGEN02_": 438,
        "WCOLGEN021": 329,
        "DPTO": "05",
        "NOMBRE_DPT": "ANTIOQUIA",
        "MPIO": "197",
        "NOMBRE_MPI": "COCORNA",
        "NOMBRE_CAB": "COCORNA",
        "CLASEMUN": "CM",
        "MPIOS": "05197",
        "ZONA": "ZONA03",
        "OF_REG": "DAMED",
        "REG_ZONAS": "DAMEDZONA03",
        "HECTARES": 26301.903
      },
      "geometry": {
        "type": "Polygon",
        "coordinates": [
          [
            [
              -75.30062149282534,
              6.092074470077463
            ],
            [
              -75.29132095837079,
              6.08977412349388
            ],
            [
              -75.28562162838415,
              6.08627406374089
            ],
            [
              -75.2729182106874,
              6.093174372146917
            ],
            [
              -75.26142028974755,
              6.098274130669553
            ],
            [
              -75.23831768319754,
              6.10047413697625
            ],
            [
              -75.21871713157958,
              6.095773777522688
            ],
            [
              -75.20551786298832,
              6.090573727482425
            ],
            [
              -75.1968200652143,
              6.089373460443738
            ],
            [
              -75.18761869221653,
              6.091073822992264
            ],
            [
              -75.17951607639986,
              6.078873280976491
            ],
            [
              -75.1559176991628,
              6.056273185774618
            ],
            [
              -75.14321440226732,
              6.044072616223203
            ],
            [
              -75.1305187170553,
              6.03477267956802
            ],
            [
              -75.11901325781692,
              6.025472273781803
            ],
            [
              -75.10911767645189,
              6.012772468868791
            ],
            [
              -75.10161776344259,
              6.006972111618757
            ],
            [
              -75.0918137101099,
              5.998771792559951
            ],
            [
              -75.08671713409394,
              5.993571794986708
            ],
            [
              -75.07451739448157,
              5.98137170780207
            ],
            [
              -75.06181412605768,
              5.964571519867965
            ],
            [
              -75.03990952175344,
              5.943670909075763
            ],
            [
              -75.05321567418295,
              5.937370949797778
            ],
            [
              -75.06527814001458,
              5.939807211120212
            ],
            [
              -75.06759755154656,
              5.940276438181296
            ],
            [
              -75.0745176459355,
              5.940371372186236
            ],
            [
              -75.08201756277148,
              5.945571383864444
            ],
            [
              -75.09351541037876,
              5.951971632371023
            ],
            [
              -75.10331193729802,
              5.943371363739939
            ],
            [
              -75.10621124390235,
              5.937071340324868
            ],
            [
              -75.09411830081227,
              5.927771410097692
            ],
            [
              -75.08031631193387,
              5.919070860563671
            ],
            [
              -75.07741711810924,
              5.906870831962808
            ],
            [
              -75.07801227656107,
              5.899371059555429
            ],
            [
              -75.11541292147211,
              5.885070785364283
            ],
            [
              -75.12641475445997,
              5.905971328750091
            ],
            [
              -75.15461387488844,
              5.918771379895721
            ],
            [
              -75.1702164033225,
              5.937272005629065
            ],
            [
              -75.18171420254936,
              5.951771899406163
            ],
            [
              -75.18752031198183,
              5.9610722691852
            ],
            [
              -75.20252011169204,
              5.977272605453638
            ],
            [
              -75.21121781364047,
              5.994072771372342
            ],
            [
              -75.22161691028798,
              6.013773104157287
            ],
            [
              -75.23481609711925,
              6.032273242667261
            ],
            [
              -75.24462016597488,
              6.038173275387583
            ],
            [
              -75.26422069722658,
              6.046273520394264
            ],
            [
              -75.27982329303833,
              6.053874009936237
            ],
            [
              -75.29132114242252,
              6.060273784750351
            ],
            [
              -75.2931216798354,
              6.070073863164884
            ],
            [
              -75.29602089052105,
              6.07937421762942
            ],
            [
              -75.30062149282534,
              6.092074470077463
            ]
          ]
        ]
      }
    },
    {
      "type": "Feature",
      "properties": {
        "AREA": 102249809.74,
        "PERIMETER": 43020.995206,
        "WCOLGEN02_": 441,
        "WCOLGEN021": 297,
        "DPTO": "05",
        "NOMBRE_DPT": "ANTIOQUIA",
        "MPIO": "030",
        "NOMBRE_MPI": "AMAGA",
        "NOMBRE_CAB": "AMAGA",
        "CLASEMUN": "CM",
        "MPIOS": "05030",
        "ZONA": "ZONA06",
        "OF_REG": "DAMED",
        "REG_ZONAS": "DAMEDZONA06",
        "HECTARES": 10224.981
      },
      "geometry": {
        "type": "Polygon",
        "coordinates": [
          [
            [
              -75.74963456004475,
              6.065676878946656
            ],
            [
              -75.74733798644098,
              6.07317712398229
            ],
            [
              -75.74443871639191,
              6.07317710595469
            ],
            [
              -75.73523734204417,
              6.074276648063521
            ],
            [
              -75.72483812205127,
              6.073676715236014
            ],
            [
              -75.71503400491811,
              6.07477673039995
            ],
            [
              -75.70933462198256,
              6.079376796612586
            ],
            [
              -75.70063681219655,
              6.079376742452079
            ],
            [
              -75.69023757516004,
              6.081576829943057
            ],
            [
              -75.68683474787962,
              6.081576808742736
            ],
            [
              -75.67933482686014,
              6.076376315511858
            ],
            [
              -75.68043355530213,
              6.067076459204412
            ],
            [
              -75.68393566107586,
              6.0520764403428
            ],
            [
              -75.69023781882599,
              6.042276408429528
            ],
            [
              -75.68963514317518,
              6.031376257745759
            ],
            [
              -75.6810366047879,
              6.017475763781745
            ],
            [
              -75.67523048896231,
              6.00877573352376
            ],
            [
              -75.672934082948,
              5.98907544177256
            ],
            [
              -75.67813761145948,
              5.972375490326887
            ],
            [
              -75.6792363035024,
              5.968875472012951
            ],
            [
              -75.68213563615339,
              5.958575211744901
            ],
            [
              -75.70173622639118,
              5.958575331396186
            ],
            [
              -75.70813747685877,
              5.963875476606187
            ],
            [
              -75.71673605534701,
              5.97137531056503
            ],
            [
              -75.73003450613851,
              5.978375919203262
            ],
            [
              -75.74733852751284,
              5.985376075776142
            ],
            [
              -75.7611405146444,
              5.995876236559022
            ],
            [
              -75.77493492618176,
              5.997576265477878
            ],
            [
              -75.77153966449552,
              6.007976184113403
            ],
            [
              -75.77263829965193,
              6.013776505634945
            ],
            [
              -75.77033408629869,
              6.022976694811512
            ],
            [
              -75.76003399420678,
              6.031676626646402
            ],
            [
              -75.75364029816811,
              6.038576501266562
            ],
            [
              -75.75653950770636,
              6.04837659080307
            ],
            [
              -75.75713458145248,
              6.054776777553768
            ],
            [
              -75.75253385490113,
              6.06167666329315
            ],
            [
              -75.74963456004475,
              6.065676878946656
            ]
          ]
        ]
      }
    },
    {
      "type": "Feature",
      "properties": {
        "AREA": 134709367.443,
        "PERIMETER": 56847.231079,
        "WCOLGEN02_": 445,
        "WCOLGEN021": 354,
        "DPTO": "05",
        "NOMBRE_DPT": "ANTIOQUIA",
        "MPIO": "376",
        "NOMBRE_MPI": "LA CEJA",
        "NOMBRE_CAB": "LA CEJA",
        "CLASEMUN": "CM",
        "MPIOS": "05376",
        "ZONA": "ZONA03",
        "OF_REG": "DAMED",
        "REG_ZONAS": "DAMEDZONA03",
        "HECTARES": 13470.937
      },
      "geometry": {
        "type": "Polygon",
        "coordinates": [
          [
            [
              -75.39802184158496,
              6.0641745447863
            ],
            [
              -75.39452750982387,
              6.056074398558742
            ],
            [
              -75.38412066010004,
              6.056074333795723
            ],
            [
              -75.37662070597682,
              6.056574494945798
            ],
            [
              -75.36912075501952,
              6.056574448261134
            ],
            [
              -75.36912080160266,
              6.049074191990697
            ],
            [
              -75.3778263452826,
              6.031773922080618
            ],
            [
              -75.38532644943386,
              6.006973865489163
            ],
            [
              -75.3933224062505,
              5.994273691075612
            ],
            [
              -75.41122159109128,
              5.992074126733169
            ],
            [
              -75.42792299151273,
              5.978273929800287
            ],
            [
              -75.43772716927643,
              5.966773978676375
            ],
            [
              -75.44062650195188,
              5.956373584080003
            ],
            [
              -75.43252383278815,
              5.952273642520816
            ],
            [
              -75.43882599166388,
              5.941873268861459
            ],
            [
              -75.4383301127452,
              5.933873278966888
            ],
            [
              -75.43132611755263,
              5.929173476516161
            ],
            [
              -75.43132617342653,
              5.919973277230971
            ],
            [
              -75.43652970330531,
              5.902672986105043
            ],
            [
              -75.44402961657791,
              5.908973074708908
            ],
            [
              -75.45152950804113,
              5.918873324403783
            ],
            [
              -75.46192869354633,
              5.924673223164818
            ],
            [
              -75.47402931667975,
              5.926473377317726
            ],
            [
              -75.4867250670902,
              5.92597372359509
            ],
            [
              -75.4930271592626,
              5.926573629845132
            ],
            [
              -75.49823057432906,
              5.928273605153208
            ],
            [
              -75.50452497735012,
              5.938674056200923
            ],
            [
              -75.5109262198639,
              5.945073799111005
            ],
            [
              -75.51382541848707,
              5.95667396570633
            ],
            [
              -75.51092607891265,
              5.968174436893531
            ],
            [
              -75.50463158754644,
              5.972274290690499
            ],
            [
              -75.49073026296418,
              5.987174104963352
            ],
            [
              -75.48043015312223,
              5.99927439851578
            ],
            [
              -75.47062593879811,
              6.016574663220361
            ],
            [
              -75.46942800072134,
              6.029874748831768
            ],
            [
              -75.45912787999131,
              6.043674985974818
            ],
            [
              -75.45622858973397,
              6.047074855550013
            ],
            [
              -75.45839538837345,
              6.050879595943371
            ],
            [
              -75.43952720891471,
              6.057474688314873
            ],
            [
              -75.42102527308812,
              6.060874937533564
            ],
            [
              -75.4084210723801,
              6.062474665846374
            ],
            [
              -75.40492668649374,
              6.063074512021537
            ],
            [
              -75.39802184158496,
              6.0641745447863
            ]
          ]
        ]
      }
    },
    {
      "type": "Feature",
      "properties": {
        "AREA": 201108101.005,
        "PERIMETER": 67646.855057,
        "WCOLGEN02_": 448,
        "WCOLGEN021": 355,
        "DPTO": "05",
        "NOMBRE_DPT": "ANTIOQUIA",
        "MPIO": "400",
        "NOMBRE_MPI": "LA UNION",
        "NOMBRE_CAB": "LA UNION",
        "CLASEMUN": "CM",
        "MPIOS": "05400",
        "ZONA": "ZONA03",
        "OF_REG": "DAMED",
        "REG_ZONAS": "DAMEDZONA03",
        "HECTARES": 20110.81
      },
      "geometry": {
        "type": "Polygon",
        "coordinates": [
          [
            [
              -75.36912075501952,
              6.056574448261134
            ],
            [
              -75.36342141699697,
              6.05427412438915
            ],
            [
              -75.35422009283009,
              6.047874363542332
            ],
            [
              -75.34781887375343,
              6.03797411930081
            ],
            [
              -75.34262316111683,
              6.024673995652171
            ],
            [
              -75.33972406685419,
              5.996373375188266
            ],
            [
              -75.33682492580719,
              5.975573487956075
            ],
            [
              -75.33572631556984,
              5.965772937700964
            ],
            [
              -75.32762365101225,
              5.961073128581798
            ],
            [
              -75.30802324531297,
              5.932072403979429
            ],
            [
              -75.30682550504679,
              5.913072609533686
            ],
            [
              -75.30512420056252,
              5.895171934250797
            ],
            [
              -75.30042445903356,
              5.874372039338842
            ],
            [
              -75.29242110856983,
              5.848271545051719
            ],
            [
              -75.28772129367296,
              5.839571527279233
            ],
            [
              -75.29412256288218,
              5.841371645780957
            ],
            [
              -75.30452175366814,
              5.846071466992279
            ],
            [
              -75.31832379148148,
              5.847271762331192
            ],
            [
              -75.33732155467749,
              5.860071757753987
            ],
            [
              -75.35292411505851,
              5.873972285676949
            ],
            [
              -75.3627205810904,
              5.875772425070767
            ],
            [
              -75.3777281052215,
              5.876972251328242
            ],
            [
              -75.38752454014246,
              5.883972357837685
            ],
            [
              -75.40192168861336,
              5.885772525219003
            ],
            [
              -75.41752433732552,
              5.885172751738176
            ],
            [
              -75.43422559329105,
              5.895073056473404
            ],
            [
              -75.43652970330531,
              5.902672986105043
            ],
            [
              -75.43132617342653,
              5.919973277230971
            ],
            [
              -75.43132611755263,
              5.929173476516161
            ],
            [
              -75.4383301127452,
              5.933873278966888
            ],
            [
              -75.43882599166388,
              5.941873268861459
            ],
            [
              -75.43252383278815,
              5.952273642520816
            ],
            [
              -75.44062650195188,
              5.956373584080003
            ],
            [
              -75.43772716927643,
              5.966773978676375
            ],
            [
              -75.42792299151273,
              5.978273929800287
            ],
            [
              -75.41122159109128,
              5.992074126733169
            ],
            [
              -75.3933224062505,
              5.994273691075612
            ],
            [
              -75.38532644943386,
              6.006973865489163
            ],
            [
              -75.3778263452826,
              6.031773922080618
            ],
            [
              -75.36912080160266,
              6.049074191990697
            ],
            [
              -75.36912075501952,
              6.056574448261134
            ]
          ]
        ]
      }
    },
    {
      "type": "Feature",
      "properties": {
        "AREA": 354359933.562,
        "PERIMETER": 87335.602114,
        "WCOLGEN02_": 452,
        "WCOLGEN021": 369,
        "DPTO": "05",
        "NOMBRE_DPT": "ANTIOQUIA",
        "MPIO": "591",
        "NOMBRE_MPI": "PUERTO TRIUNFO",
        "NOMBRE_CAB": "PUERTO TRIUNFO",
        "CLASEMUN": "CM",
        "MPIOS": "05591",
        "ZONA": "ZONA05",
        "OF_REG": "DAMED",
        "REG_ZONAS": "DAMEDZONA05",
        "HECTARES": 35435.993
      },
      "geometry": {
        "type": "Polygon",
        "coordinates": [
          [
            [
              -74.59779363957934,
              6.026769377841219
            ],
            [
              -74.6012956951698,
              6.019269149579862
            ],
            [
              -74.60239441127167,
              6.011768906357762
            ],
            [
              -74.59899925722691,
              6.005369186881294
            ],
            [
              -74.5897979545932,
              5.996668668143865
            ],
            [
              -74.5857008759016,
              5.989768737158614
            ],
            [
              -74.58399952175772,
              5.980468874750311
            ],
            [
              -74.58399954277755,
              5.977068513620337
            ],
            [
              -74.58739477974991,
              5.970068492390576
            ],
            [
              -74.5983967612372,
              5.965568601360237
            ],
            [
              -74.60759813949039,
              5.962068637049029
            ],
            [
              -74.61509810175727,
              5.959268666414596
            ],
            [
              -74.62259807884233,
              5.954068749333791
            ],
            [
              -74.6219954502212,
              5.935568225119753
            ],
            [
              -74.62199550293296,
              5.926968377640178
            ],
            [
              -74.61799762739126,
              5.917068157319388
            ],
            [
              -74.61390056205676,
              5.907867940770172
            ],
            [
              -74.60469930778122,
              5.89106778405018
            ],
            [
              -74.60579800887646,
              5.885867827845177
            ],
            [
              -74.62019519488818,
              5.879567877958822
            ],
            [
              -74.63229585301748,
              5.873867781294092
            ],
            [
              -74.63980345573786,
              5.869267731305471
            ],
            [
              -74.64789853118346,
              5.866368103730713
            ],
            [
              -74.65709996454221,
              5.853767607287935
            ],
            [
              -74.65649726816049,
              5.846167694429643
            ],
            [
              -74.6594347202804,
              5.840017402975644
            ],
            [
              -74.67090206676843,
              5.842767897483563
            ],
            [
              -74.68940392465007,
              5.84976805144083
            ],
            [
              -74.72459943854251,
              5.859768120668002
            ],
            [
              -74.75510268729177,
              5.874968602630205
            ],
            [
              -74.7932050832179,
              5.887769185340864
            ],
            [
              -74.81680356684505,
              5.891969354949704
            ],
            [
              -74.84330893098574,
              5.89896955987784
            ],
            [
              -74.85540951261399,
              5.906315387909534
            ],
            [
              -74.86060528571518,
              5.909469730881853
            ],
            [
              -74.85540946536491,
              5.91406979602217
            ],
            [
              -74.85030520082852,
              5.91866986169336
            ],
            [
              -74.83410736406779,
              5.933069920620772
            ],
            [
              -74.81800874529037,
              5.942169878662241
            ],
            [
              -74.80300116977655,
              5.950769635705209
            ],
            [
              -74.79030537479836,
              5.959969751127875
            ],
            [
              -74.78340049130526,
              5.968069827150191
            ],
            [
              -74.77940254033108,
              5.970369612447858
            ],
            [
              -74.77590052773006,
              5.970869798304451
            ],
            [
              -74.76440261265554,
              5.97606969153155
            ],
            [
              -74.74770130528104,
              5.97656979577703
            ],
            [
              -74.73730208541531,
              5.977669806427705
            ],
            [
              -74.72810067438019,
              5.98626959840351
            ],
            [
              -74.71830410357217,
              6.002469774294131
            ],
            [
              -74.70099995777271,
              6.01856976651083
            ],
            [
              -74.68950207623713,
              6.018469558045899
            ],
            [
              -74.67799651105331,
              6.027069812016778
            ],
            [
              -74.67340341900959,
              6.033969689792086
            ],
            [
              -74.65429877354485,
              6.034469777918452
            ],
            [
              -74.64450233241217,
              6.029869620285699
            ],
            [
              -74.6329968829205,
              6.019969351471663
            ],
            [
              -74.62149898040873,
              6.023369164371738
            ],
            [
              -74.60989421242405,
              6.034869571048867
            ],
            [
              -74.59779363957934,
              6.026769377841219
            ]
          ]
        ]
      }
    },
    {
      "type": "Feature",
      "properties": {
        "AREA": 144773410.314,
        "PERIMETER": 55753.202696,
        "WCOLGEN02_": 455,
        "WCOLGEN021": 405,
        "DPTO": "05",
        "NOMBRE_DPT": "ANTIOQUIA",
        "MPIO": "861",
        "NOMBRE_MPI": "VENECIA",
        "NOMBRE_CAB": "VENECIA",
        "CLASEMUN": "CM",
        "MPIOS": "05861",
        "ZONA": "ZONA06",
        "OF_REG": "DAMED",
        "REG_ZONAS": "DAMEDZONA06",
        "HECTARES": 14477.341
      },
      "geometry": {
        "type": "Polygon",
        "coordinates": [
          [
            [
              -75.86784122292507,
              6.006676902703568
            ],
            [
              -75.85803710816316,
              6.00717705052709
            ],
            [
              -75.84933932161739,
              6.003176763277721
            ],
            [
              -75.83894010776258,
              6.001376618074029
            ],
            [
              -75.82683946237114,
              6.002476619975372
            ],
            [
              -75.81013818635202,
              5.994876598047764
            ],
            [
              -75.80263823208693,
              5.994876552040735
            ],
            [
              -75.78883618743482,
              5.993676254256701
            ],
            [
              -75.78243488330008,
              5.997076103514367
            ],
            [
              -75.77493492618176,
              5.997576265477878
            ],
            [
              -75.7611405146444,
              5.995876236559022
            ],
            [
              -75.74733852751284,
              5.985376075776142
            ],
            [
              -75.73003450613851,
              5.978375919203262
            ],
            [
              -75.71673605534701,
              5.97137531056503
            ],
            [
              -75.70813747685877,
              5.963875476606187
            ],
            [
              -75.70173622639118,
              5.958575331396186
            ],
            [
              -75.70633695195495,
              5.951675446278634
            ],
            [
              -75.71213555804498,
              5.940775335443394
            ],
            [
              -75.74323407425952,
              5.935675215521918
            ],
            [
              -75.75883672789591,
              5.935175579228041
            ],
            [
              -75.7732416162699,
              5.919675418834625
            ],
            [
              -75.77493549157248,
              5.904575252395842
            ],
            [
              -75.77663699569653,
              5.889574746300307
            ],
            [
              -75.77953633851497,
              5.877474881429952
            ],
            [
              -75.77663709960619,
              5.872274894904884
            ],
            [
              -75.79564253268707,
              5.879874927427331
            ],
            [
              -75.8089409647395,
              5.890274946064268
            ],
            [
              -75.82394080289902,
              5.90197532535586
            ],
            [
              -75.83894062426191,
              5.916475725457684
            ],
            [
              -75.84463993761524,
              5.923375673873124
            ],
            [
              -75.85963975901231,
              5.937876074907844
            ],
            [
              -75.86543827125854,
              5.942576348848323
            ],
            [
              -75.86894024282704,
              5.949476284408808
            ],
            [
              -75.86144022492392,
              5.959876178693279
            ],
            [
              -75.85793814148063,
              5.971376173528423
            ],
            [
              -75.85854078564893,
              5.987576432446126
            ],
            [
              -75.86263784149871,
              5.999176611076543
            ],
            [
              -75.86784122292507,
              6.006676902703568
            ]
          ]
        ]
      }
    },
    {
      "type": "Feature",
      "properties": {
        "AREA": 207355764.682,
        "PERIMETER": 74287.764187,
        "WCOLGEN02_": 459,
        "WCOLGEN021": 387,
        "DPTO": "05",
        "NOMBRE_DPT": "ANTIOQUIA",
        "MPIO": "679",
        "NOMBRE_MPI": "SANTA BARBARA",
        "NOMBRE_CAB": "SANTA BARBARA",
        "CLASEMUN": "CM",
        "MPIOS": "05679",
        "ZONA": "ZONA06",
        "OF_REG": "DAMED",
        "REG_ZONAS": "DAMEDZONA06",
        "HECTARES": 20735.576
      },
      "geometry": {
        "type": "Polygon",
        "coordinates": [
          [
            [
              -75.64873300119756,
              5.957774865855693
            ],
            [
              -75.62793447837035,
              5.970474965178983
            ],
            [
              -75.61413239768692,
              5.975575189333636
            ],
            [
              -75.59803375493983,
              5.986474759157999
            ],
            [
              -75.59283030080016,
              5.99107482792065
            ],
            [
              -75.589328263801,
              5.995075039104683
            ],
            [
              -75.58472764823152,
              5.984074728615777
            ],
            [
              -75.5847277644321,
              5.965074458215565
            ],
            [
              -75.58123340669017,
              5.960974544191197
            ],
            [
              -75.5732299218739,
              5.956874602661874
            ],
            [
              -75.56453220838226,
              5.941274167612951
            ],
            [
              -75.56053432792201,
              5.931474074675922
            ],
            [
              -75.56163312453941,
              5.910673731767921
            ],
            [
              -75.55993178789889,
              5.897973973618457
            ],
            [
              -75.55582707857762,
              5.890373555369037
            ],
            [
              -75.54603071774291,
              5.870773360439363
            ],
            [
              -75.54082735516837,
              5.860273256603064
            ],
            [
              -75.53792815469819,
              5.848773228057992
            ],
            [
              -75.54023235936543,
              5.840673118023203
            ],
            [
              -75.54943384546704,
              5.820472693655621
            ],
            [
              -75.55462974793359,
              5.802572533725812
            ],
            [
              -75.56212986724184,
              5.774372589665182
            ],
            [
              -75.56322865043816,
              5.755272193366408
            ],
            [
              -75.56383148503743,
              5.739671818267649
            ],
            [
              -75.56443425489951,
              5.735071722433072
            ],
            [
              -75.57193432551996,
              5.714871765615676
            ],
            [
              -75.57883153793937,
              5.714371598296823
            ],
            [
              -75.58923073589592,
              5.71847202773643
            ],
            [
              -75.60133134798875,
              5.722471853494554
            ],
            [
              -75.60389491124063,
              5.722713150839517
            ],
            [
              -75.59774530820846,
              5.739723993774219
            ],
            [
              -75.59722637001289,
              5.760389390987239
            ],
            [
              -75.59774511658458,
              5.772271832515763
            ],
            [
              -75.59981267415792,
              5.78570402157417
            ],
            [
              -75.5956773451278,
              5.795003379842358
            ],
            [
              -75.599293728839,
              5.807402260699145
            ],
            [
              -75.6116918535591,
              5.818767876427636
            ],
            [
              -75.62254121336368,
              5.820834576755241
            ],
            [
              -75.6308651905444,
              5.817234465177461
            ],
            [
              -75.63073545817159,
              5.821973325669932
            ],
            [
              -75.63483239413337,
              5.8537735036988
            ],
            [
              -75.63943289005294,
              5.884974294938617
            ],
            [
              -75.63943276825567,
              5.905174300805808
            ],
            [
              -75.6464365553444,
              5.944474757403547
            ],
            [
              -75.64873300119756,
              5.957774865855693
            ]
          ]
        ]
      }
    },
    {
      "type": "Feature",
      "properties": {
        "AREA": 80171680.5765,
        "PERIMETER": 37380.744531,
        "WCOLGEN02_": 465,
        "WCOLGEN021": 359,
        "DPTO": "05",
        "NOMBRE_DPT": "ANTIOQUIA",
        "MPIO": "467",
        "NOMBRE_MPI": "MONTEBELLO",
        "NOMBRE_CAB": "MONTEBELLO",
        "CLASEMUN": "CM",
        "MPIOS": "05467",
        "ZONA": "ZONA06",
        "OF_REG": "DAMED",
        "REG_ZONAS": "DAMEDZONA06",
        "HECTARES": 8017.168
      },
      "geometry": {
        "type": "Polygon",
        "coordinates": [
          [
            [
              -75.51382541848707,
              5.95667396570633
            ],
            [
              -75.5109262198639,
              5.945073799111005
            ],
            [
              -75.50452497735012,
              5.938674056200923
            ],
            [
              -75.49823057432906,
              5.928273605153208
            ],
            [
              -75.4930271592626,
              5.926573629845132
            ],
            [
              -75.4867250670902,
              5.92597372359509
            ],
            [
              -75.47972871510827,
              5.91897363272791
            ],
            [
              -75.48323080771803,
              5.905673562331038
            ],
            [
              -75.48722879940469,
              5.897073254870782
            ],
            [
              -75.49412609163909,
              5.883272997301566
            ],
            [
              -75.50052748791546,
              5.864173109085372
            ],
            [
              -75.50622688598112,
              5.856672887558104
            ],
            [
              -75.52703296783034,
              5.85507320598111
            ],
            [
              -75.53792815469819,
              5.848773228057992
            ],
            [
              -75.54082735516837,
              5.860273256603064
            ],
            [
              -75.54603071774291,
              5.870773360439363
            ],
            [
              -75.55582707857762,
              5.890373555369037
            ],
            [
              -75.55993178789889,
              5.897973973618457
            ],
            [
              -75.56163312453941,
              5.910673731767921
            ],
            [
              -75.56053432792201,
              5.931474074675922
            ],
            [
              -75.56453220838226,
              5.941274167612951
            ],
            [
              -75.5732299218739,
              5.956874602661874
            ],
            [
              -75.56682859789,
              5.963774475800651
            ],
            [
              -75.55593343798688,
              5.965474352960755
            ],
            [
              -75.54612932945216,
              5.965474292956497
            ],
            [
              -75.53173222102865,
              5.956774212111658
            ],
            [
              -75.52533094003167,
              5.956674036042809
            ],
            [
              -75.51382541848707,
              5.95667396570633
            ]
          ]
        ]
      }
    },
    {
      "type": "Feature",
      "properties": {
        "AREA": 225906371.247,
        "PERIMETER": 65195.437071,
        "WCOLGEN02_": 466,
        "WCOLGEN021": 339,
        "DPTO": "05",
        "NOMBRE_DPT": "ANTIOQUIA",
        "MPIO": "282",
        "NOMBRE_MPI": "FREDONIA",
        "NOMBRE_CAB": "FREDONIA",
        "CLASEMUN": "CM",
        "MPIOS": "05282",
        "ZONA": "ZONA06",
        "OF_REG": "DAMED",
        "REG_ZONAS": "DAMEDZONA06",
        "HECTARES": 22590.637
      },
      "geometry": {
        "type": "Polygon",
        "coordinates": [
          [
            [
              -75.70173622639118,
              5.958575331396186
            ],
            [
              -75.68213563615339,
              5.958575211744901
            ],
            [
              -75.67353699881319,
              5.960775311188011
            ],
            [
              -75.6631301394625,
              5.961875323581491
            ],
            [
              -75.65393639511457,
              5.963075003469983
            ],
            [
              -75.65043439707819,
              5.960675033111513
            ],
            [
              -75.64873300119756,
              5.957774865855693
            ],
            [
              -75.6464365553444,
              5.944474757403547
            ],
            [
              -75.63943276825567,
              5.905174300805808
            ],
            [
              -75.63943289005294,
              5.884974294938617
            ],
            [
              -75.63483239413337,
              5.8537735036988
            ],
            [
              -75.63073545817159,
              5.821973325669932
            ],
            [
              -75.6308651905444,
              5.817234465177461
            ],
            [
              -75.63133069800332,
              5.800673249505752
            ],
            [
              -75.63533640172774,
              5.778072844402201
            ],
            [
              -75.63933441990757,
              5.764872913139853
            ],
            [
              -75.64075359717292,
              5.754504934484552
            ],
            [
              -75.64683438636591,
              5.762572669093276
            ],
            [
              -75.6543342815454,
              5.772372781202642
            ],
            [
              -75.65663840376742,
              5.778173107508163
            ],
            [
              -75.6590340611494,
              5.787472981874854
            ],
            [
              -75.66823541062568,
              5.790373192864473
            ],
            [
              -75.67223330662902,
              5.797873473185758
            ],
            [
              -75.68723315431762,
              5.807773290892677
            ],
            [
              -75.70393445322178,
              5.811373551758585
            ],
            [
              -75.71953706208333,
              5.818274033780202
            ],
            [
              -75.73053896607277,
              5.82877417341591
            ],
            [
              -75.7385347992001,
              5.836874346551672
            ],
            [
              -75.75063538770728,
              5.845074204558064
            ],
            [
              -75.76453656603987,
              5.854874357491667
            ],
            [
              -75.77442456457183,
              5.861287950256386
            ],
            [
              -75.77437877205936,
              5.863720324295215
            ],
            [
              -75.77663709960619,
              5.872274894904884
            ],
            [
              -75.77953633851497,
              5.877474881429952
            ],
            [
              -75.77663699569653,
              5.889574746300307
            ],
            [
              -75.77493549157248,
              5.904575252395842
            ],
            [
              -75.7732416162699,
              5.919675418834625
            ],
            [
              -75.75883672789591,
              5.935175579228041
            ],
            [
              -75.74323407425952,
              5.935675215521918
            ],
            [
              -75.71213555804498,
              5.940775335443394
            ],
            [
              -75.70633695195495,
              5.951675446278634
            ],
            [
              -75.70173622639118,
              5.958575331396186
            ]
          ]
        ]
      }
    },
    {
      "type": "Feature",
      "properties": {
        "AREA": 356977353.309,
        "PERIMETER": 99929.064482,
        "WCOLGEN02_": 468,
        "WCOLGEN021": 378,
        "DPTO": "05",
        "NOMBRE_DPT": "ANTIOQUIA",
        "MPIO": "652",
        "NOMBRE_MPI": "SAN FRANCISCO",
        "NOMBRE_CAB": "SAN FRANCISCO",
        "CLASEMUN": "CM",
        "MPIOS": "05652",
        "ZONA": "ZONA03",
        "OF_REG": "DAMED",
        "REG_ZONAS": "DAMEDZONA03",
        "HECTARES": 35697.735
      },
      "geometry": {
        "type": "Polygon",
        "coordinates": [
          [
            [
              -75.03990952175344,
              5.943670909075763
            ],
            [
              -75.02841169552407,
              5.933870775344491
            ],
            [
              -75.01051262344895,
              5.918770500682534
            ],
            [
              -74.99731335754895,
              5.913470318051543
            ],
            [
              -74.98921068838396,
              5.909970246263324
            ],
            [
              -74.97540862364647,
              5.913970391941841
            ],
            [
              -74.96150732786887,
              5.925470312183049
            ],
            [
              -74.95461004140284,
              5.938770354740777
            ],
            [
              -74.93620730136134,
              5.942070467279525
            ],
            [
              -74.91770543556014,
              5.935670176954863
            ],
            [
              -74.89980631253755,
              5.929269890585989
            ],
            [
              -74.87681056941474,
              5.92506972335811
            ],
            [
              -74.86350451103867,
              5.916369655521311
            ],
            [
              -74.86060528571518,
              5.909469730881853
            ],
            [
              -74.85540951261399,
              5.906315387909534
            ],
            [
              -74.85540953237293,
              5.903069522965273
            ],
            [
              -74.86010943568763,
              5.896769512310735
            ],
            [
              -74.8606054613421,
              5.880569278166531
            ],
            [
              -74.86180341461089,
              5.864369048528926
            ],
            [
              -74.86690772781344,
              5.851668864411337
            ],
            [
              -74.88080906645585,
              5.832668694349341
            ],
            [
              -74.88880503748574,
              5.81656864281509
            ],
            [
              -74.90501046102943,
              5.809168626186065
            ],
            [
              -74.92341320764677,
              5.80456911673522
            ],
            [
              -74.93900826310862,
              5.796568751716197
            ],
            [
              -74.95511454709278,
              5.781568822844449
            ],
            [
              -74.97581388741055,
              5.765568982925049
            ],
            [
              -74.99491094706434,
              5.75866871290467
            ],
            [
              -75.01391644765064,
              5.752368786447213
            ],
            [
              -75.03061015682152,
              5.747269057932542
            ],
            [
              -75.05651286676014,
              5.740468964388969
            ],
            [
              -75.06581334165058,
              5.752569368091499
            ],
            [
              -75.06401268207368,
              5.762969286736846
            ],
            [
              -75.05771051018317,
              5.776269333211217
            ],
            [
              -75.0560166345246,
              5.791869694246592
            ],
            [
              -75.04391586127602,
              5.816069843307663
            ],
            [
              -75.03701101570873,
              5.817769744543153
            ],
            [
              -75.03471445921728,
              5.822969695603961
            ],
            [
              -75.04281697645527,
              5.851870200682611
            ],
            [
              -75.04621207410848,
              5.868070460951394
            ],
            [
              -75.05601604447403,
              5.890070593419273
            ],
            [
              -75.05831255958395,
              5.891770550187151
            ],
            [
              -75.06811666254573,
              5.891870746630468
            ],
            [
              -75.07451794111611,
              5.891870785514491
            ],
            [
              -75.08201790729275,
              5.888970676096262
            ],
            [
              -75.09291306840595,
              5.886170724125376
            ],
            [
              -75.10221361523053,
              5.886170780551499
            ],
            [
              -75.11541292147211,
              5.885070785364283
            ],
            [
              -75.07801227656107,
              5.899371059555429
            ],
            [
              -75.07741711810924,
              5.906870831962808
            ],
            [
              -75.08031631193387,
              5.919070860563671
            ],
            [
              -75.09411830081227,
              5.927771410097692
            ],
            [
              -75.10621124390235,
              5.937071340324868
            ],
            [
              -75.10331193729802,
              5.943371363739939
            ],
            [
              -75.09351541037876,
              5.951971632371023
            ],
            [
              -75.08201756277148,
              5.945571383864444
            ],
            [
              -75.0745176459355,
              5.940371372186236
            ],
            [
              -75.06759755154656,
              5.940276438181296
            ],
            [
              -75.06527814001458,
              5.939807211120212
            ],
            [
              -75.05321567418295,
              5.937370949797778
            ],
            [
              -75.03990952175344,
              5.943670909075763
            ]
          ]
        ]
      }
    },
    {
      "type": "Feature",
      "properties": {
        "AREA": 140113940.501,
        "PERIMETER": 49656.08929,
        "WCOLGEN02_": 472,
        "WCOLGEN021": 396,
        "DPTO": "05",
        "NOMBRE_DPT": "ANTIOQUIA",
        "MPIO": "792",
        "NOMBRE_MPI": "TARSO",
        "NOMBRE_CAB": "TARSO",
        "CLASEMUN": "CM",
        "MPIOS": "05792",
        "ZONA": "ZONA06",
        "OF_REG": "DAMED",
        "REG_ZONAS": "DAMEDZONA06",
        "HECTARES": 14011.394
      },
      "geometry": {
        "type": "Polygon",
        "coordinates": [
          [
            [
              -75.86543827125854,
              5.942576348848323
            ],
            [
              -75.85963975901231,
              5.937876074907844
            ],
            [
              -75.84463993761524,
              5.923375673873124
            ],
            [
              -75.83894062426191,
              5.916475725457684
            ],
            [
              -75.82394080289902,
              5.90197532535586
            ],
            [
              -75.8089409647395,
              5.890274946064268
            ],
            [
              -75.79564253268707,
              5.879874927427331
            ],
            [
              -75.77663709960619,
              5.872274894904884
            ],
            [
              -75.77437877205936,
              5.863720324295215
            ],
            [
              -75.77442456457183,
              5.861287950256386
            ],
            [
              -75.77483669047975,
              5.840474248515255
            ],
            [
              -75.77714093302036,
              5.826074091757218
            ],
            [
              -75.78123812483227,
              5.815074310538339
            ],
            [
              -75.78813536611744,
              5.809974042891299
            ],
            [
              -75.79903816498468,
              5.807073950868835
            ],
            [
              -75.81174160064569,
              5.797874301501073
            ],
            [
              -75.81403808993524,
              5.804274020071055
            ],
            [
              -75.8267414434468,
              5.808974333415061
            ],
            [
              -75.84003992768262,
              5.810774493444026
            ],
            [
              -75.85214053194765,
              5.816574402588079
            ],
            [
              -75.85903770546219,
              5.822974625826747
            ],
            [
              -75.86543889282868,
              5.839174916828272
            ],
            [
              -75.86884167596898,
              5.846675195626487
            ],
            [
              -75.88614574185887,
              5.846774959206527
            ],
            [
              -75.8959422103577,
              5.849075306923347
            ],
            [
              -75.90404486655956,
              5.856075406205283
            ],
            [
              -75.91264347155621,
              5.8595754831449
            ],
            [
              -75.91724415966347,
              5.858975642573306
            ],
            [
              -75.92134126219027,
              5.863075560748231
            ],
            [
              -75.9190446623237,
              5.875175430875741
            ],
            [
              -75.91154460706372,
              5.891875848357795
            ],
            [
              -75.9000389943571,
              5.906275952370153
            ],
            [
              -75.8942404148369,
              5.912676100379718
            ],
            [
              -75.88154461387165,
              5.920676013941713
            ],
            [
              -75.87354104234403,
              5.930476037077749
            ],
            [
              -75.86774245613509,
              5.937976261084407
            ],
            [
              -75.86543827125854,
              5.942576348848323
            ]
          ]
        ]
      }
    },
    {
      "type": "Feature",
      "properties": {
        "AREA": 410257343.928,
        "PERIMETER": 81020.864512,
        "WCOLGEN02_": 474,
        "WCOLGEN021": 314,
        "DPTO": "05",
        "NOMBRE_DPT": "ANTIOQUIA",
        "MPIO": "101",
        "NOMBRE_MPI": "CIUDAD BOLIVAR",
        "NOMBRE_CAB": "CIUDAD BOLIVAR",
        "CLASEMUN": "CM",
        "MPIOS": "05101",
        "ZONA": "ZONA06",
        "OF_REG": "DAMED",
        "REG_ZONAS": "DAMEDZONA06",
        "HECTARES": 41025.734
      },
      "geometry": {
        "type": "Polygon",
        "coordinates": [
          [
            [
              -76.13864877204112,
              5.941377793412325
            ],
            [
              -76.11334885207648,
              5.935477663604711
            ],
            [
              -76.09944761015275,
              5.935477579433762
            ],
            [
              -76.08505047612692,
              5.929577515954715
            ],
            [
              -76.0614443487626,
              5.922576843791852
            ],
            [
              -76.04064593690192,
              5.915576665778779
            ],
            [
              -76.02974315969685,
              5.914376863472647
            ],
            [
              -75.99284611419877,
              5.915976448139376
            ],
            [
              -75.97904407766471,
              5.912976546895755
            ],
            [
              -75.96344146573641,
              5.905976400986074
            ],
            [
              -75.94844162477803,
              5.894376157028557
            ],
            [
              -75.9409417427459,
              5.882176090481757
            ],
            [
              -75.93114531878923,
              5.872375483069435
            ],
            [
              -75.92134126219027,
              5.863075560748231
            ],
            [
              -75.92424057395422,
              5.856175664069183
            ],
            [
              -75.92654481397497,
              5.842275236057069
            ],
            [
              -75.92304293768805,
              5.81917504748192
            ],
            [
              -75.92304299578497,
              5.809374976517637
            ],
            [
              -75.92824642342887,
              5.809375007414975
            ],
            [
              -75.9426435936379,
              5.808874884905875
            ],
            [
              -75.95584293532116,
              5.803674993590862
            ],
            [
              -75.9795484029043,
              5.784175128473342
            ],
            [
              -75.99564702860332,
              5.776775101594618
            ],
            [
              -76.02444905191518,
              5.767074860090488
            ],
            [
              -76.04755172676761,
              5.756174848277428
            ],
            [
              -76.06884615553363,
              5.748174982907932
            ],
            [
              -76.08554751208843,
              5.743075247829776
            ],
            [
              -76.12585503921309,
              5.737975173928856
            ],
            [
              -76.12535145123304,
              5.743175141192999
            ],
            [
              -76.12825066797375,
              5.752475499310671
            ],
            [
              -76.13745193410507,
              5.770375753970875
            ],
            [
              -76.1443490829882,
              5.781376080619093
            ],
            [
              -76.1564495987427,
              5.802876039780942
            ],
            [
              -76.15595356199542,
              5.821276446884935
            ],
            [
              -76.15184869104165,
              5.840376838078888
            ],
            [
              -76.15135263628949,
              5.861676926993977
            ],
            [
              -76.14904836814497,
              5.880176984393539
            ],
            [
              -76.14614899328318,
              5.897477301894678
            ],
            [
              -76.14275370398794,
              5.912477326724496
            ],
            [
              -76.14614881943109,
              5.926377793106138
            ],
            [
              -76.14675152404183,
              5.932777504705083
            ],
            [
              -76.13864877204112,
              5.941377793412325
            ]
          ]
        ]
      }
    },
    {
      "type": "Feature",
      "properties": {
        "AREA": 507921042.843,
        "PERIMETER": 98055.601554,
        "WCOLGEN02_": 476,
        "WCOLGEN021": 294,
        "DPTO": "05",
        "NOMBRE_DPT": "ANTIOQUIA",
        "MPIO": "002",
        "NOMBRE_MPI": "ABEJORRAL",
        "NOMBRE_CAB": "ABEJORRAL",
        "CLASEMUN": "CM",
        "MPIOS": "05002",
        "ZONA": "ZONA03",
        "OF_REG": "DAMED",
        "REG_ZONAS": "DAMEDZONA03",
        "HECTARES": 50792.104
      },
      "geometry": {
        "type": "Polygon",
        "coordinates": [
          [
            [
              -75.4867250670902,
              5.92597372359509
            ],
            [
              -75.47402931667975,
              5.926473377317726
            ],
            [
              -75.46192869354633,
              5.924673223164818
            ],
            [
              -75.45152950804113,
              5.918873324403783
            ],
            [
              -75.44402961657791,
              5.908973074708908
            ],
            [
              -75.43652970330531,
              5.902672986105043
            ],
            [
              -75.43422559329105,
              5.895073056473404
            ],
            [
              -75.41752433732552,
              5.885172751738176
            ],
            [
              -75.40192168861336,
              5.885772525219003
            ],
            [
              -75.38752454014246,
              5.883972357837685
            ],
            [
              -75.3777281052215,
              5.876972251328242
            ],
            [
              -75.3627205810904,
              5.875772425070767
            ],
            [
              -75.35292411505851,
              5.873972285676949
            ],
            [
              -75.33732155467749,
              5.860071757753987
            ],
            [
              -75.31832379148148,
              5.847271762331192
            ],
            [
              -75.30452175366814,
              5.846071466992279
            ],
            [
              -75.29412256288218,
              5.841371645780957
            ],
            [
              -75.28772129367296,
              5.839571527279233
            ],
            [
              -75.28602001892786,
              5.816471364493816
            ],
            [
              -75.2952214399056,
              5.806771014959451
            ],
            [
              -75.30562070351725,
              5.799271300066212
            ],
            [
              -75.31942277586306,
              5.79467128388136
            ],
            [
              -75.32582410713522,
              5.786070992731695
            ],
            [
              -75.33042487777367,
              5.771070989239786
            ],
            [
              -75.35512214813808,
              5.757871184784148
            ],
            [
              -75.37302898178415,
              5.752171116813097
            ],
            [
              -75.3851220120717,
              5.747571089715082
            ],
            [
              -75.40822467137578,
              5.736771222569747
            ],
            [
              -75.43012947283621,
              5.726370941891585
            ],
            [
              -75.43762947452237,
              5.717771133175229
            ],
            [
              -75.44562546805392,
              5.698171049902911
            ],
            [
              -75.4502262307707,
              5.68437078094419
            ],
            [
              -75.45253041060188,
              5.680270903473825
            ],
            [
              -75.46643167972805,
              5.673970465936794
            ],
            [
              -75.48133246058124,
              5.663070889098012
            ],
            [
              -75.4952260835278,
              5.659670606683438
            ],
            [
              -75.50442746186883,
              5.657370849206157
            ],
            [
              -75.51072951018314,
              5.66557066796935
            ],
            [
              -75.52233420019829,
              5.668470891075993
            ],
            [
              -75.5338320815438,
              5.670271038143412
            ],
            [
              -75.53963056973988,
              5.678971062115761
            ],
            [
              -75.54763404892533,
              5.684171075593508
            ],
            [
              -75.55572908693827,
              5.688871358827106
            ],
            [
              -75.55862830626536,
              5.697471706240717
            ],
            [
              -75.55983374823003,
              5.704971491466449
            ],
            [
              -75.56322891146101,
              5.710771823058009
            ],
            [
              -75.56963017627751,
              5.713671539611783
            ],
            [
              -75.57193432551996,
              5.714871765615676
            ],
            [
              -75.56443425489951,
              5.735071722433072
            ],
            [
              -75.56383148503743,
              5.739671818267649
            ],
            [
              -75.56322865043816,
              5.755272193366408
            ],
            [
              -75.56212986724184,
              5.774372589665182
            ],
            [
              -75.55462974793359,
              5.802572533725812
            ],
            [
              -75.54943384546704,
              5.820472693655621
            ],
            [
              -75.54023235936543,
              5.840673118023203
            ],
            [
              -75.53792815469819,
              5.848773228057992
            ],
            [
              -75.52703296783034,
              5.85507320598111
            ],
            [
              -75.50622688598112,
              5.856672887558104
            ],
            [
              -75.50052748791546,
              5.864173109085372
            ],
            [
              -75.49412609163909,
              5.883272997301566
            ],
            [
              -75.48722879940469,
              5.897073254870782
            ],
            [
              -75.48323080771803,
              5.905673562331038
            ],
            [
              -75.47972871510827,
              5.91897363272791
            ],
            [
              -75.4867250670902,
              5.92597372359509
            ]
          ]
        ]
      }
    },
    {
      "type": "Feature",
      "properties": {
        "AREA": 1303276496.41,
        "PERIMETER": 287356.806304,
        "WCOLGEN02_": 477,
        "WCOLGEN021": 392,
        "DPTO": "05",
        "NOMBRE_DPT": "ANTIOQUIA",
        "MPIO": "756",
        "NOMBRE_MPI": "SONSON",
        "NOMBRE_CAB": "SONSON",
        "CLASEMUN": "CM",
        "MPIOS": "05756",
        "ZONA": "ZONA03",
        "OF_REG": "DAMED",
        "REG_ZONAS": "DAMEDZONA03",
        "HECTARES": 130327.65
      },
      "geometry": {
        "type": "Polygon",
        "coordinates": [
          [
            [
              -74.85540951261399,
              5.906315387909534
            ],
            [
              -74.84330893098574,
              5.89896955987784
            ],
            [
              -74.81680356684505,
              5.891969354949704
            ],
            [
              -74.7932050832179,
              5.887769185340864
            ],
            [
              -74.75510268729177,
              5.874968602630205
            ],
            [
              -74.72459943854251,
              5.859768120668002
            ],
            [
              -74.68940392465007,
              5.84976805144083
            ],
            [
              -74.67090206676843,
              5.842767897483563
            ],
            [
              -74.6594347202804,
              5.840017402975644
            ],
            [
              -74.66060207140596,
              5.837567872242538
            ],
            [
              -74.6599993953581,
              5.826567598624727
            ],
            [
              -74.66399738694982,
              5.81736743167886
            ],
            [
              -74.66980368864036,
              5.794267329243464
            ],
            [
              -74.67090246508016,
              5.776367161599957
            ],
            [
              -74.67090256809784,
              5.759066854995991
            ],
            [
              -74.67090258890111,
              5.755566834348383
            ],
            [
              -74.67319911338156,
              5.755566848030905
            ],
            [
              -74.68130184506464,
              5.748166784490472
            ],
            [
              -74.69160186186609,
              5.749866787700292
            ],
            [
              -74.69510381579516,
              5.759167136090236
            ],
            [
              -74.7014059028364,
              5.759767040970538
            ],
            [
              -74.71180511539315,
              5.759767102952238
            ],
            [
              -74.71930507776676,
              5.756967130988838
            ],
            [
              -74.7303071354616,
              5.73966688920068
            ],
            [
              -74.73770033130307,
              5.728667140192998
            ],
            [
              -74.74410169909822,
              5.713166949857586
            ],
            [
              -74.75160170982276,
              5.702166724572811
            ],
            [
              -74.75440187949005,
              5.687166720392162
            ],
            [
              -74.76190186596709,
              5.680266859918982
            ],
            [
              -74.76650254792577,
              5.679766679627434
            ],
            [
              -74.77460524988359,
              5.677466917955257
            ],
            [
              -74.78670588514659,
              5.675766570186209
            ],
            [
              -74.7948085802419,
              5.674666543081417
            ],
            [
              -74.80340718571583,
              5.676466672364404
            ],
            [
              -74.81840703761519,
              5.683466802191808
            ],
            [
              -74.82420555506621,
              5.686366989848914
            ],
            [
              -74.8317054916786,
              5.688066975997789
            ],
            [
              -74.8386103050352,
              5.691567037600173
            ],
            [
              -74.8501081781846,
              5.693367184181242
            ],
            [
              -74.85531157599239,
              5.697467580101696
            ],
            [
              -74.85760805038201,
              5.706067441159401
            ],
            [
              -74.85990454412523,
              5.711367554854194
            ],
            [
              -74.86050724945294,
              5.717667596530991
            ],
            [
              -74.86340649264089,
              5.721767502260766
            ],
            [
              -74.86920499020738,
              5.728067574783513
            ],
            [
              -74.87380565204921,
              5.731067892730781
            ],
            [
              -74.88241190847029,
              5.729368001453187
            ],
            [
              -74.88991186554675,
              5.727668103598808
            ],
            [
              -74.89800694254832,
              5.724767997555946
            ],
            [
              -74.9049117833995,
              5.723667963545082
            ],
            [
              -74.91010758299515,
              5.722467782565106
            ],
            [
              -74.91470827275623,
              5.720767867480678
            ],
            [
              -74.92281084980237,
              5.739868304933628
            ],
            [
              -74.96720782543198,
              5.734268533388716
            ],
            [
              -75.00411249825441,
              5.726368430196643
            ],
            [
              -75.03521098697149,
              5.721868653947759
            ],
            [
              -75.04671650209623,
              5.721968858713882
            ],
            [
              -75.06981147011197,
              5.72026905244555
            ],
            [
              -75.09801821360166,
              5.734269307105568
            ],
            [
              -75.12051799149206,
              5.745869581800521
            ],
            [
              -75.14071366538947,
              5.74886951613433
            ],
            [
              -75.15862044726614,
              5.75126956941856
            ],
            [
              -75.18102112605874,
              5.748469684156841
            ],
            [
              -75.21562165871153,
              5.739369830318836
            ],
            [
              -75.24102082334687,
              5.731369996802937
            ],
            [
              -75.25192376080021,
              5.703769951051539
            ],
            [
              -75.2346197472694,
              5.696669667631864
            ],
            [
              -75.2265171594321,
              5.678769437442972
            ],
            [
              -75.2300192107153,
              5.671869073221758
            ],
            [
              -75.23291850243764,
              5.667869337081031
            ],
            [
              -75.24732329243643,
              5.667269553524951
            ],
            [
              -75.26172044892577,
              5.667369297542593
            ],
            [
              -75.27501897610406,
              5.660469467011916
            ],
            [
              -75.2807260374559,
              5.646669207294928
            ],
            [
              -75.28652473123627,
              5.619568863046691
            ],
            [
              -75.29342204167084,
              5.601668720440555
            ],
            [
              -75.28822632001065,
              5.588968950220696
            ],
            [
              -75.27492030617277,
              5.570968555237288
            ],
            [
              -75.28302310096781,
              5.553068420283149
            ],
            [
              -75.27722461958791,
              5.543268325323732
            ],
            [
              -75.28352682228928,
              5.524167968454712
            ],
            [
              -75.29042413709982,
              5.505167751948603
            ],
            [
              -75.29392620026647,
              5.495967577795325
            ],
            [
              -75.29622279429095,
              5.483867719292401
            ],
            [
              -75.29732152291537,
              5.473467319803798
            ],
            [
              -75.31002498749395,
              5.457367290590345
            ],
            [
              -75.31982147991448,
              5.454467668042598
            ],
            [
              -75.33312760008128,
              5.45396753520145
            ],
            [
              -75.3365227896349,
              5.455167766136706
            ],
            [
              -75.34062750854763,
              5.461467828742991
            ],
            [
              -75.34402264658264,
              5.471867777029481
            ],
            [
              -75.34632674390927,
              5.482267719346858
            ],
            [
              -75.34632667248162,
              5.494967935834782
            ],
            [
              -75.3475245017822,
              5.499668176710056
            ],
            [
              -75.35042368929163,
              5.514068352545312
            ],
            [
              -75.36312697217267,
              5.530368324045985
            ],
            [
              -75.3642255181123,
              5.552268742733969
            ],
            [
              -75.36712471118042,
              5.565568844561506
            ],
            [
              -75.37182454204314,
              5.571969048825449
            ],
            [
              -75.37062661706807,
              5.584069392307281
            ],
            [
              -75.37062657068758,
              5.592169035791687
            ],
            [
              -75.37352582291646,
              5.595069207416599
            ],
            [
              -75.3827271666816,
              5.59856928297299
            ],
            [
              -75.38912844721406,
              5.598569319811324
            ],
            [
              -75.39832982094838,
              5.596869429858007
            ],
            [
              -75.40582973864998,
              5.602669783140851
            ],
            [
              -75.39942837179329,
              5.617669775620919
            ],
            [
              -75.39602546552301,
              5.631569710202736
            ],
            [
              -75.38972327393573,
              5.648270123173606
            ],
            [
              -75.39022681785492,
              5.650569936750496
            ],
            [
              -75.39312605317433,
              5.656370263974033
            ],
            [
              -75.40182382983963,
              5.661570280475687
            ],
            [
              -75.40872864397382,
              5.66567021131126
            ],
            [
              -75.41622854452157,
              5.674370244064878
            ],
            [
              -75.42253060255847,
              5.680770459225697
            ],
            [
              -75.43062566687469,
              5.680770506473669
            ],
            [
              -75.43812559776242,
              5.684270573383188
            ],
            [
              -75.4502262307707,
              5.68437078094419
            ],
            [
              -75.44562546805392,
              5.698171049902911
            ],
            [
              -75.43762947452237,
              5.717771133175229
            ],
            [
              -75.43012947283621,
              5.726370941891585
            ],
            [
              -75.40822467137578,
              5.736771222569747
            ],
            [
              -75.3851220120717,
              5.747571089715082
            ],
            [
              -75.37302898178415,
              5.752171116813097
            ],
            [
              -75.35512214813808,
              5.757871184784148
            ],
            [
              -75.33042487777367,
              5.771070989239786
            ],
            [
              -75.32582410713522,
              5.786070992731695
            ],
            [
              -75.31942277586306,
              5.79467128388136
            ],
            [
              -75.30562070351725,
              5.799271300066212
            ],
            [
              -75.2952214399056,
              5.806771014959451
            ],
            [
              -75.28602001892786,
              5.816471364493816
            ],
            [
              -75.2814194131255,
              5.803771117138199
            ],
            [
              -75.27391946301934,
              5.803771072351941
            ],
            [
              -75.26181880114049,
              5.808870829167021
            ],
            [
              -75.24391955037154,
              5.822671016894716
            ],
            [
              -75.23412302326611,
              5.831270810152763
            ],
            [
              -75.22492159477166,
              5.842271031340588
            ],
            [
              -75.21452235264366,
              5.846271199346901
            ],
            [
              -75.20301679700013,
              5.852571171302684
            ],
            [
              -75.1932202940759,
              5.857171210455591
            ],
            [
              -75.18002095552148,
              5.863471171972736
            ],
            [
              -75.16901896451196,
              5.868570934441148
            ],
            [
              -75.16151900136856,
              5.870871176582125
            ],
            [
              -75.13271699517202,
              5.881671004426504
            ],
            [
              -75.12181421063651,
              5.883370881265996
            ],
            [
              -75.11541292147211,
              5.885070785364283
            ],
            [
              -75.10221361523053,
              5.886170780551499
            ],
            [
              -75.09291306840595,
              5.886170724125376
            ],
            [
              -75.08201790729275,
              5.888970676096262
            ],
            [
              -75.07451794111611,
              5.891870785514491
            ],
            [
              -75.06811666254573,
              5.891870746630468
            ],
            [
              -75.05831255958395,
              5.891770550187151
            ],
            [
              -75.05601604447403,
              5.890070593419273
            ],
            [
              -75.04621207410848,
              5.868070460951394
            ],
            [
              -75.04281697645527,
              5.851870200682611
            ],
            [
              -75.03471445921728,
              5.822969695603961
            ],
            [
              -75.03701101570873,
              5.817769744543153
            ],
            [
              -75.04391586127602,
              5.816069843307663
            ],
            [
              -75.0560166345246,
              5.791869694246592
            ],
            [
              -75.05771051018317,
              5.776269333211217
            ],
            [
              -75.06401268207368,
              5.762969286736846
            ],
            [
              -75.06581334165058,
              5.752569368091499
            ],
            [
              -75.05651286676014,
              5.740468964388969
            ],
            [
              -75.03061015682152,
              5.747269057932542
            ],
            [
              -75.01391644765064,
              5.752368786447213
            ],
            [
              -74.99491094706434,
              5.75866871290467
            ],
            [
              -74.97581388741055,
              5.765568982925049
            ],
            [
              -74.95511454709278,
              5.781568822844449
            ],
            [
              -74.93900826310862,
              5.796568751716197
            ],
            [
              -74.92341320764677,
              5.80456911673522
            ],
            [
              -74.90501046102943,
              5.809168626186065
            ],
            [
              -74.88880503748574,
              5.81656864281509
            ],
            [
              -74.88080906645585,
              5.832668694349341
            ],
            [
              -74.86690772781344,
              5.851668864411337
            ],
            [
              -74.86180341461089,
              5.864369048528926
            ],
            [
              -74.8606054613421,
              5.880569278166531
            ],
            [
              -74.86010943568763,
              5.896769512310735
            ],
            [
              -74.85540953237293,
              5.903069522965273
            ],
            [
              -74.85540951261399,
              5.906315387909534
            ]
          ]
        ]
      }
    },
    {
      "type": "Feature",
      "properties": {
        "AREA": 117035349.102,
        "PERIMETER": 44949.748235,
        "WCOLGEN02_": 481,
        "WCOLGEN021": 368,
        "DPTO": "05",
        "NOMBRE_DPT": "ANTIOQUIA",
        "MPIO": "576",
        "NOMBRE_MPI": "PUEBLORRICO",
        "NOMBRE_CAB": "PUEBLORRICO",
        "CLASEMUN": "CM",
        "MPIOS": "05576",
        "ZONA": "ZONA06",
        "OF_REG": "DAMED",
        "REG_ZONAS": "DAMEDZONA06",
        "HECTARES": 11703.535
      },
      "geometry": {
        "type": "Polygon",
        "coordinates": [
          [
            [
              -75.92134126219027,
              5.863075560748231
            ],
            [
              -75.91724415966347,
              5.858975642573306
            ],
            [
              -75.91264347155621,
              5.8595754831449
            ],
            [
              -75.90404486655956,
              5.856075406205283
            ],
            [
              -75.8959422103577,
              5.849075306923347
            ],
            [
              -75.88614574185887,
              5.846774959206527
            ],
            [
              -75.86884167596898,
              5.846675195626487
            ],
            [
              -75.86543889282868,
              5.839174916828272
            ],
            [
              -75.85903770546219,
              5.822974625826747
            ],
            [
              -75.85214053194765,
              5.816574402588079
            ],
            [
              -75.84003992768262,
              5.810774493444026
            ],
            [
              -75.8267414434468,
              5.808974333415061
            ],
            [
              -75.81403808993524,
              5.804274020071055
            ],
            [
              -75.81174160064569,
              5.797874301501073
            ],
            [
              -75.81064299132989,
              5.787473880493348
            ],
            [
              -75.81403824716104,
              5.777673831044511
            ],
            [
              -75.81693761216695,
              5.761573734080155
            ],
            [
              -75.82094323749067,
              5.752273419385387
            ],
            [
              -75.82494121900804,
              5.745373530346268
            ],
            [
              -75.8319376732663,
              5.73557350216261
            ],
            [
              -75.84113908185537,
              5.728673643590584
            ],
            [
              -75.85204183658702,
              5.733373468297089
            ],
            [
              -75.86073962003596,
              5.738073757024869
            ],
            [
              -75.87454164238947,
              5.743273806910691
            ],
            [
              -75.88323942600192,
              5.747974095869856
            ],
            [
              -75.89184565083396,
              5.753174115483597
            ],
            [
              -75.90804341646344,
              5.753274347719285
            ],
            [
              -75.91313999474438,
              5.759074214929765
            ],
            [
              -75.91724469380294,
              5.768874309496336
            ],
            [
              -75.91954116648658,
              5.778174662442304
            ],
            [
              -75.92074658778539,
              5.789174476363576
            ],
            [
              -75.92074652634261,
              5.799574892037805
            ],
            [
              -75.92074649558057,
              5.804774861495201
            ],
            [
              -75.92304299578497,
              5.809374976517637
            ],
            [
              -75.92304293768805,
              5.81917504748192
            ],
            [
              -75.92654481397497,
              5.842275236057069
            ],
            [
              -75.92424057395422,
              5.856175664069183
            ],
            [
              -75.92134126219027,
              5.863075560748231
            ]
          ]
        ]
      }
    },
    {
      "type": "Feature",
      "properties": {
        "AREA": 178098389.591,
        "PERIMETER": 66334.916064,
        "WCOLGEN02_": 482,
        "WCOLGEN021": 353,
        "DPTO": "05",
        "NOMBRE_DPT": "ANTIOQUIA",
        "MPIO": "368",
        "NOMBRE_MPI": "JERICO",
        "NOMBRE_CAB": "JERICO",
        "CLASEMUN": "CM",
        "MPIOS": "05368",
        "ZONA": "ZONA06",
        "OF_REG": "DAMED",
        "REG_ZONAS": "DAMEDZONA06",
        "HECTARES": 17809.839
      },
      "geometry": {
        "type": "Polygon",
        "coordinates": [
          [
            [
              -75.77442456457183,
              5.861287950256386
            ],
            [
              -75.76453656603987,
              5.854874357491667
            ],
            [
              -75.75063538770728,
              5.845074204558064
            ],
            [
              -75.7385347992001,
              5.836874346551672
            ],
            [
              -75.73053896607277,
              5.82877417341591
            ],
            [
              -75.71953706208333,
              5.818274033780202
            ],
            [
              -75.70393445322178,
              5.811373551758585
            ],
            [
              -75.68723315431762,
              5.807773290892677
            ],
            [
              -75.67223330662902,
              5.797873473185758
            ],
            [
              -75.66823541062568,
              5.790373192864473
            ],
            [
              -75.6785354716778,
              5.786373021761546
            ],
            [
              -75.69353539826368,
              5.782973223216298
            ],
            [
              -75.70794021885675,
              5.778373208297657
            ],
            [
              -75.71833950649041,
              5.767473125540615
            ],
            [
              -75.733934638626,
              5.748472948601668
            ],
            [
              -75.75353533397802,
              5.730673007653779
            ],
            [
              -75.77593617795783,
              5.701872801512728
            ],
            [
              -75.7892424822404,
              5.6707727304188
            ],
            [
              -75.79494184675173,
              5.669072342943019
            ],
            [
              -75.8013431502583,
              5.66557235570406
            ],
            [
              -75.80763765474784,
              5.659272348305137
            ],
            [
              -75.81973835577881,
              5.648372274278058
            ],
            [
              -75.82784104957533,
              5.648972665897895
            ],
            [
              -75.82723825984453,
              5.657072787058961
            ],
            [
              -75.82844368580871,
              5.667472730482526
            ],
            [
              -75.83183875697023,
              5.689373176151224
            ],
            [
              -75.8388427225138,
              5.699873290766432
            ],
            [
              -75.83933858979276,
              5.71027323067521
            ],
            [
              -75.83884260484491,
              5.720073296905449
            ],
            [
              -75.84113908185537,
              5.728673643590584
            ],
            [
              -75.8319376732663,
              5.73557350216261
            ],
            [
              -75.82494121900804,
              5.745373530346268
            ],
            [
              -75.82094323749067,
              5.752273419385387
            ],
            [
              -75.81693761216695,
              5.761573734080155
            ],
            [
              -75.81403824716104,
              5.777673831044511
            ],
            [
              -75.81064299132989,
              5.787473880493348
            ],
            [
              -75.81174160064569,
              5.797874301501073
            ],
            [
              -75.79903816498468,
              5.807073950868835
            ],
            [
              -75.78813536611744,
              5.809974042891299
            ],
            [
              -75.78123812483227,
              5.815074310538339
            ],
            [
              -75.77714093302036,
              5.826074091757218
            ],
            [
              -75.77483669047975,
              5.840474248515255
            ],
            [
              -75.77442456457183,
              5.861287950256386
            ]
          ]
        ]
      }
    },
    {
      "type": "Feature",
      "properties": {
        "AREA": 73327171.1853,
        "PERIMETER": 43945.209069,
        "WCOLGEN02_": 489,
        "WCOLGEN021": 1067,
        "DPTO": "05",
        "NOMBRE_DPT": "ANTIOQUIA",
        "MPIO": "390",
        "NOMBRE_MPI": "LA PINTADA",
        "NOMBRE_CAB": "LA PINTADA",
        "CLASEMUN": "CM",
        "MPIOS": "05390",
        "ZONA": "ZONA06",
        "OF_REG": "DAMED",
        "REG_ZONAS": "DAMEDZONA06",
        "HECTARES": 7332.717
      },
      "geometry": {
        "type": "Polygon",
        "coordinates": [
          [
            [
              -75.6308651905444,
              5.817234465177461
            ],
            [
              -75.62254121336368,
              5.820834576755241
            ],
            [
              -75.6116918535591,
              5.818767876427636
            ],
            [
              -75.599293728839,
              5.807402260699145
            ],
            [
              -75.5956773451278,
              5.795003379842358
            ],
            [
              -75.59981267415792,
              5.78570402157417
            ],
            [
              -75.59774511658458,
              5.772271832515763
            ],
            [
              -75.59722637001289,
              5.760389390987239
            ],
            [
              -75.59774530820846,
              5.739723993774219
            ],
            [
              -75.60389491124063,
              5.722713150839517
            ],
            [
              -75.6151333894974,
              5.72377228397712
            ],
            [
              -75.62177119738588,
              5.722675585188237
            ],
            [
              -75.62263339658158,
              5.71447199192818
            ],
            [
              -75.61913147801333,
              5.69837186159612
            ],
            [
              -75.61513361232528,
              5.685571478691426
            ],
            [
              -75.61393580616047,
              5.676971617678491
            ],
            [
              -75.6197343923294,
              5.66887152834017
            ],
            [
              -75.62292361572491,
              5.664240452792914
            ],
            [
              -75.6297750682231,
              5.660680863523559
            ],
            [
              -75.6364891693287,
              5.660164005247898
            ],
            [
              -75.64475969958596,
              5.663264006203688
            ],
            [
              -75.64992491755805,
              5.673596259174652
            ],
            [
              -75.65302243227737,
              5.695294518090536
            ],
            [
              -75.65405993003613,
              5.718542980560017
            ],
            [
              -75.65508987027516,
              5.729392107509872
            ],
            [
              -75.65818748989874,
              5.733008499376905
            ],
            [
              -75.66165897546172,
              5.734451922094397
            ],
            [
              -75.65833241841884,
              5.738972369663164
            ],
            [
              -75.6527627430528,
              5.743341168093187
            ],
            [
              -75.64552979472967,
              5.749023657841488
            ],
            [
              -75.64075359717292,
              5.754504934484552
            ],
            [
              -75.63933441990757,
              5.764872913139853
            ],
            [
              -75.63533640172774,
              5.778072844402201
            ],
            [
              -75.63133069800332,
              5.800673249505752
            ],
            [
              -75.6308651905444,
              5.817234465177461
            ]
          ]
        ]
      }
    },
    {
      "type": "Feature",
      "properties": {
        "AREA": 45679591.7087,
        "PERIMETER": 30151.915229,
        "WCOLGEN02_": 494,
        "WCOLGEN021": 349,
        "DPTO": "05",
        "NOMBRE_DPT": "ANTIOQUIA",
        "MPIO": "353",
        "NOMBRE_MPI": "HISPANIA",
        "NOMBRE_CAB": "HISPANIA",
        "CLASEMUN": "CM",
        "MPIOS": "05353",
        "ZONA": "ZONA06",
        "OF_REG": "DAMED",
        "REG_ZONAS": "DAMEDZONA06",
        "HECTARES": 4567.959
      },
      "geometry": {
        "type": "Polygon",
        "coordinates": [
          [
            [
              -75.92304299578497,
              5.809374976517637
            ],
            [
              -75.92074649558057,
              5.804774861495201
            ],
            [
              -75.92074652634261,
              5.799574892037805
            ],
            [
              -75.92074658778539,
              5.789174476363576
            ],
            [
              -75.91954116648658,
              5.778174662442304
            ],
            [
              -75.91724469380294,
              5.768874309496336
            ],
            [
              -75.91313999474438,
              5.759074214929765
            ],
            [
              -75.90804341646344,
              5.753274347719285
            ],
            [
              -75.93224479626633,
              5.736074298445711
            ],
            [
              -75.94024840000087,
              5.720473961024399
            ],
            [
              -75.9460470150967,
              5.707773767726258
            ],
            [
              -75.95464558366417,
              5.717674025098217
            ],
            [
              -75.95524824918358,
              5.730974124137925
            ],
            [
              -75.95704876813637,
              5.744774438369563
            ],
            [
              -75.96214531977154,
              5.755174407083249
            ],
            [
              -75.96394590241745,
              5.75807457486119
            ],
            [
              -75.97144573849528,
              5.778374766022864
            ],
            [
              -75.9795484029043,
              5.784175128473342
            ],
            [
              -75.95584293532116,
              5.803674993590862
            ],
            [
              -75.9426435936379,
              5.808874884905875
            ],
            [
              -75.92824642342887,
              5.809375007414975
            ],
            [
              -75.92304299578497,
              5.809374976517637
            ]
          ]
        ]
      }
    },
    {
      "type": "Feature",
      "properties": {
        "AREA": 252747210.14,
        "PERIMETER": 75639.02967,
        "WCOLGEN02_": 497,
        "WCOLGEN021": 394,
        "DPTO": "05",
        "NOMBRE_DPT": "ANTIOQUIA",
        "MPIO": "789",
        "NOMBRE_MPI": "TAMESIS",
        "NOMBRE_CAB": "TAMESIS",
        "CLASEMUN": "CM",
        "MPIOS": "05789",
        "ZONA": "ZONA06",
        "OF_REG": "DAMED",
        "REG_ZONAS": "DAMEDZONA06",
        "HECTARES": 25274.721
      },
      "geometry": {
        "type": "Polygon",
        "coordinates": [
          [
            [
              -75.66823541062568,
              5.790373192864473
            ],
            [
              -75.6590340611494,
              5.787472981874854
            ],
            [
              -75.65663840376742,
              5.778173107508163
            ],
            [
              -75.6543342815454,
              5.772372781202642
            ],
            [
              -75.64683438636591,
              5.762572669093276
            ],
            [
              -75.64075359717292,
              5.754504934484552
            ],
            [
              -75.64552979472967,
              5.749023657841488
            ],
            [
              -75.6527627430528,
              5.743341168093187
            ],
            [
              -75.65833241841884,
              5.738972369663164
            ],
            [
              -75.66165897546172,
              5.734451922094397
            ],
            [
              -75.66643517883716,
              5.727972613942089
            ],
            [
              -75.66813666666782,
              5.715272400234225
            ],
            [
              -75.67223389001525,
              5.698571968812286
            ],
            [
              -75.6721348155066,
              5.679472041626686
            ],
            [
              -75.67273767197982,
              5.659871911115512
            ],
            [
              -75.67673569902071,
              5.644871423222062
            ],
            [
              -75.6813364923338,
              5.625771524101042
            ],
            [
              -75.69173582430261,
              5.606771318564809
            ],
            [
              -75.69293375316079,
              5.594071103004738
            ],
            [
              -75.694040122543,
              5.581970754875716
            ],
            [
              -75.68823400911081,
              5.572170655427544
            ],
            [
              -75.69573401177529,
              5.563470707586034
            ],
            [
              -75.69923605689476,
              5.5577705528158
            ],
            [
              -75.70493545694053,
              5.549670462459812
            ],
            [
              -75.71184033943516,
              5.542170723568857
            ],
            [
              -75.72223959830416,
              5.535870740059659
            ],
            [
              -75.7309374339797,
              5.531270690176664
            ],
            [
              -75.7407415830469,
              5.524370835305071
            ],
            [
              -75.74644094358905,
              5.523270791992268
            ],
            [
              -75.75104163681794,
              5.521570874633272
            ],
            [
              -75.75453602686277,
              5.520370681909018
            ],
            [
              -75.7608381208754,
              5.520970585360909
            ],
            [
              -75.74473945144953,
              5.537170740211733
            ],
            [
              -75.74763866257383,
              5.547570690967244
            ],
            [
              -75.75513840601327,
              5.584571326368203
            ],
            [
              -75.76553742847364,
              5.619771899911336
            ],
            [
              -75.7765392585246,
              5.643572127550238
            ],
            [
              -75.78863979649199,
              5.660872521853455
            ],
            [
              -75.7892424822404,
              5.6707727304188
            ],
            [
              -75.77593617795783,
              5.701872801512728
            ],
            [
              -75.75353533397802,
              5.730673007653779
            ],
            [
              -75.733934638626,
              5.748472948601668
            ],
            [
              -75.71833950649041,
              5.767473125540615
            ],
            [
              -75.70794021885675,
              5.778373208297657
            ],
            [
              -75.69353539826368,
              5.782973223216298
            ],
            [
              -75.6785354716778,
              5.786373021761546
            ],
            [
              -75.66823541062568,
              5.790373192864473
            ]
          ]
        ]
      }
    },
    {
      "type": "Feature",
      "properties": {
        "AREA": 225996151.802,
        "PERIMETER": 79910.91635,
        "WCOLGEN02_": 498,
        "WCOLGEN021": 312,
        "DPTO": "05",
        "NOMBRE_DPT": "ANTIOQUIA",
        "MPIO": "091",
        "NOMBRE_MPI": "BETANIA",
        "NOMBRE_CAB": "BETANIA",
        "CLASEMUN": "CM",
        "MPIOS": "05091",
        "ZONA": "ZONA06",
        "OF_REG": "DAMED",
        "REG_ZONAS": "DAMEDZONA06",
        "HECTARES": 22599.615
      },
      "geometry": {
        "type": "Polygon",
        "coordinates": [
          [
            [
              -75.9795484029043,
              5.784175128473342
            ],
            [
              -75.97144573849528,
              5.778374766022864
            ],
            [
              -75.96394590241745,
              5.75807457486119
            ],
            [
              -75.96214531977154,
              5.755174407083249
            ],
            [
              -75.95704876813637,
              5.744774438369563
            ],
            [
              -75.95524824918358,
              5.730974124137925
            ],
            [
              -75.95464558366417,
              5.717674025098217
            ],
            [
              -75.9460470150967,
              5.707773767726258
            ],
            [
              -75.94024840000087,
              5.720473961024399
            ],
            [
              -75.93224479626633,
              5.736074298445711
            ],
            [
              -75.90804341646344,
              5.753274347719285
            ],
            [
              -75.90334359392823,
              5.745174194003339
            ],
            [
              -75.90334365128518,
              5.735374123979534
            ],
            [
              -75.90164233890525,
              5.717973649345379
            ],
            [
              -75.89934586511906,
              5.708773434232837
            ],
            [
              -75.89704179876104,
              5.693173514406226
            ],
            [
              -75.90454176057652,
              5.691973345185346
            ],
            [
              -75.92754519574336,
              5.689773327136283
            ],
            [
              -75.96854697735725,
              5.691173575575055
            ],
            [
              -75.98344777964338,
              5.677873566856873
            ],
            [
              -75.99614354270248,
              5.676273833374419
            ],
            [
              -76.03304820375702,
              5.676974052358164
            ],
            [
              -76.04164695355787,
              5.655674016737951
            ],
            [
              -76.06245308642899,
              5.647073802325991
            ],
            [
              -76.07745300844637,
              5.645373944620301
            ],
            [
              -76.09525300232251,
              5.646074052240755
            ],
            [
              -76.11955346802492,
              5.64667406034857
            ],
            [
              -76.12934994556824,
              5.64787432987613
            ],
            [
              -76.12585554770926,
              5.650174122122941
            ],
            [
              -76.1264506210029,
              5.657174176538766
            ],
            [
              -76.1247491369531,
              5.669274527431473
            ],
            [
              -76.1252526177873,
              5.682574627503103
            ],
            [
              -76.12014827805785,
              5.699274583840617
            ],
            [
              -76.11955310416894,
              5.709674997200499
            ],
            [
              -76.13565158732051,
              5.727075082770509
            ],
            [
              -76.12585503921309,
              5.737975173928856
            ],
            [
              -76.08554751208843,
              5.743075247829776
            ],
            [
              -76.06884615553363,
              5.748174982907932
            ],
            [
              -76.04755172676761,
              5.756174848277428
            ],
            [
              -76.02444905191518,
              5.767074860090488
            ],
            [
              -75.99564702860332,
              5.776775101594618
            ],
            [
              -75.9795484029043,
              5.784175128473342
            ]
          ]
        ]
      }
    },
    {
      "type": "Feature",
      "properties": {
        "AREA": 540716118.017,
        "PERIMETER": 114750.57067,
        "WCOLGEN02_": 507,
        "WCOLGEN021": 299,
        "DPTO": "05",
        "NOMBRE_DPT": "ANTIOQUIA",
        "MPIO": "034",
        "NOMBRE_MPI": "ANDES",
        "NOMBRE_CAB": "ANDES",
        "CLASEMUN": "CM",
        "MPIOS": "05034",
        "ZONA": "ZONA06",
        "OF_REG": "DAMED",
        "REG_ZONAS": "DAMEDZONA06",
        "HECTARES": 54071.612
      },
      "geometry": {
        "type": "Polygon",
        "coordinates": [
          [
            [
              -75.90804341646344,
              5.753274347719285
            ],
            [
              -75.89184565083396,
              5.753174115483597
            ],
            [
              -75.88323942600192,
              5.747974095869856
            ],
            [
              -75.87454164238947,
              5.743273806910691
            ],
            [
              -75.86073962003596,
              5.738073757024869
            ],
            [
              -75.85204183658702,
              5.733373468297089
            ],
            [
              -75.84113908185537,
              5.728673643590584
            ],
            [
              -75.83884260484491,
              5.720073296905449
            ],
            [
              -75.83933858979276,
              5.71027323067521
            ],
            [
              -75.8388427225138,
              5.699873290766432
            ],
            [
              -75.83183875697023,
              5.689373176151224
            ],
            [
              -75.82844368580871,
              5.667472730482526
            ],
            [
              -75.82723825984453,
              5.657072787058961
            ],
            [
              -75.82784104957533,
              5.648972665897895
            ],
            [
              -75.83354045110647,
              5.640872574211038
            ],
            [
              -75.85604039014486,
              5.627672271208495
            ],
            [
              -75.87684647244114,
              5.627172659955066
            ],
            [
              -75.89004578518836,
              5.626672528045529
            ],
            [
              -75.89814102837707,
              5.596072155814308
            ],
            [
              -75.8980420723972,
              5.555671669229823
            ],
            [
              -75.8992476856457,
              5.533171383669616
            ],
            [
              -75.89634094474397,
              5.504871239735157
            ],
            [
              -75.90844178067886,
              5.469670792774885
            ],
            [
              -75.9164453024874,
              5.46797089395744
            ],
            [
              -75.93034654142154,
              5.467970971668329
            ],
            [
              -75.93604589629078,
              5.468071140456474
            ],
            [
              -75.95164854285585,
              5.469270963480651
            ],
            [
              -75.97414841800278,
              5.467571145561129
            ],
            [
              -75.98334978687582,
              5.467671333901079
            ],
            [
              -76.00064620919082,
              5.470571586963834
            ],
            [
              -76.01395234476288,
              5.46897137766666
            ],
            [
              -76.01965168119212,
              5.472471433961255
            ],
            [
              -76.0248474182677,
              5.483471744372605
            ],
            [
              -76.0340487753487,
              5.485771607677147
            ],
            [
              -76.04334931474179,
              5.488671816401132
            ],
            [
              -76.06065325749555,
              5.511272345403783
            ],
            [
              -76.06294969426403,
              5.527472609292871
            ],
            [
              -76.06414747942611,
              5.540172842436041
            ],
            [
              -76.06185089301844,
              5.550572767123483
            ],
            [
              -76.0664514701136,
              5.569673201800263
            ],
            [
              -76.07455410698714,
              5.580673054041546
            ],
            [
              -76.08664708237556,
              5.587073305061181
            ],
            [
              -76.09185046475288,
              5.59517346104527
            ],
            [
              -76.10334828741449,
              5.608473622548196
            ],
            [
              -76.11775301020096,
              5.621873938172324
            ],
            [
              -76.12355148597187,
              5.633474123697102
            ],
            [
              -76.12934994556824,
              5.64787432987613
            ],
            [
              -76.11955346802492,
              5.64667406034857
            ],
            [
              -76.09525300232251,
              5.646074052240755
            ],
            [
              -76.07745300844637,
              5.645373944620301
            ],
            [
              -76.06245308642899,
              5.647073802325991
            ],
            [
              -76.04164695355787,
              5.655674016737951
            ],
            [
              -76.03304820375702,
              5.676974052358164
            ],
            [
              -75.99614354270248,
              5.676273833374419
            ],
            [
              -75.98344777964338,
              5.677873566856873
            ],
            [
              -75.96854697735725,
              5.691173575575055
            ],
            [
              -75.92754519574336,
              5.689773327136283
            ],
            [
              -75.90454176057652,
              5.691973345185346
            ],
            [
              -75.89704179876104,
              5.693173514406226
            ],
            [
              -75.89934586511906,
              5.708773434232837
            ],
            [
              -75.90164233890525,
              5.717973649345379
            ],
            [
              -75.90334365128518,
              5.735374123979534
            ],
            [
              -75.90334359392823,
              5.745174194003339
            ],
            [
              -75.90804341646344,
              5.753274347719285
            ]
          ]
        ]
      }
    },
    {
      "type": "Feature",
      "properties": {
        "AREA": 233839175.999,
        "PERIMETER": 87506.865938,
        "WCOLGEN02_": 508,
        "WCOLGEN021": 307,
        "DPTO": "05",
        "NOMBRE_DPT": "ANTIOQUIA",
        "MPIO": "055",
        "NOMBRE_MPI": "ARGELIA",
        "NOMBRE_CAB": "ARGELIA",
        "CLASEMUN": "CM",
        "MPIOS": "05055",
        "ZONA": "ZONA03",
        "OF_REG": "DAMED",
        "REG_ZONAS": "DAMEDZONA03",
        "HECTARES": 23383.918
      },
      "geometry": {
        "type": "Polygon",
        "coordinates": [
          [
            [
              -74.91470827275623,
              5.720767867480678
            ],
            [
              -74.94010741535159,
              5.715167983152984
            ],
            [
              -74.95220805628614,
              5.712868244777918
            ],
            [
              -74.962012165145,
              5.711768227706436
            ],
            [
              -74.97241138693967,
              5.710668214116027
            ],
            [
              -74.98221549952227,
              5.708968329528624
            ],
            [
              -74.99251553311436,
              5.708368522742994
            ],
            [
              -75.00581403650594,
              5.704968239417832
            ],
            [
              -75.01331399740616,
              5.702768133688641
            ],
            [
              -75.01585473504403,
              5.691936201446033
            ],
            [
              -75.01671690720256,
              5.688268336406464
            ],
            [
              -75.02311061299272,
              5.678468313302278
            ],
            [
              -75.03171690095343,
              5.671567980427866
            ],
            [
              -75.04441266858969,
              5.667068094947484
            ],
            [
              -75.05711605961152,
              5.6636682843462
            ],
            [
              -75.06631744377106,
              5.659668108893033
            ],
            [
              -75.07611393450155,
              5.656768011800405
            ],
            [
              -75.08761948377942,
              5.651068384038597
            ],
            [
              -75.09111386470661,
              5.651068404396761
            ],
            [
              -75.09401307925918,
              5.660268138006965
            ],
            [
              -75.11011928210074,
              5.659268293850512
            ],
            [
              -75.11932063009813,
              5.661568634403862
            ],
            [
              -75.13261911464585,
              5.661668848863769
            ],
            [
              -75.145818420865,
              5.660568850829217
            ],
            [
              -75.16201619783837,
              5.656568715719409
            ],
            [
              -75.18212034075763,
              5.655468757788211
            ],
            [
              -75.1977229681695,
              5.657868795758781
            ],
            [
              -75.21272291066366,
              5.650369108000804
            ],
            [
              -75.22651727696928,
              5.658568967966739
            ],
            [
              -75.23291850243764,
              5.667869337081031
            ],
            [
              -75.2300192107153,
              5.671869073221758
            ],
            [
              -75.2265171594321,
              5.678769437442972
            ],
            [
              -75.2346197472694,
              5.696669667631864
            ],
            [
              -75.25192376080021,
              5.703769951051539
            ],
            [
              -75.24102082334687,
              5.731369996802937
            ],
            [
              -75.21562165871153,
              5.739369830318836
            ],
            [
              -75.18102112605874,
              5.748469684156841
            ],
            [
              -75.15862044726614,
              5.75126956941856
            ],
            [
              -75.14071366538947,
              5.74886951613433
            ],
            [
              -75.12051799149206,
              5.745869581800521
            ],
            [
              -75.09801821360166,
              5.734269307105568
            ],
            [
              -75.06981147011197,
              5.72026905244555
            ],
            [
              -75.04671650209623,
              5.721968858713882
            ],
            [
              -75.03521098697149,
              5.721868653947759
            ],
            [
              -75.00411249825441,
              5.726368430196643
            ],
            [
              -74.96720782543198,
              5.734268533388716
            ],
            [
              -74.92281084980237,
              5.739868304933628
            ],
            [
              -74.91470827275623,
              5.720767867480678
            ]
          ]
        ]
      }
    },
    {
      "type": "Feature",
      "properties": {
        "AREA": 87492980.5765,
        "PERIMETER": 48422.239093,
        "WCOLGEN02_": 512,
        "WCOLGEN021": 403,
        "DPTO": "05",
        "NOMBRE_DPT": "ANTIOQUIA",
        "MPIO": "856",
        "NOMBRE_MPI": "VALPARAISO",
        "NOMBRE_CAB": "VALPARAISO",
        "CLASEMUN": "CM",
        "MPIOS": "05856",
        "ZONA": "ZONA06",
        "OF_REG": "DAMED",
        "REG_ZONAS": "DAMEDZONA06",
        "HECTARES": 8749.298
      },
      "geometry": {
        "type": "Polygon",
        "coordinates": [
          [
            [
              -75.62292361572491,
              5.664240452792914
            ],
            [
              -75.62373236612049,
              5.663071716594355
            ],
            [
              -75.62083317977407,
              5.648671534141777
            ],
            [
              -75.61623258321467,
              5.633670997507968
            ],
            [
              -75.61853685282702,
              5.613970741890728
            ],
            [
              -75.62313763158278,
              5.597270792367421
            ],
            [
              -75.62313764474013,
              5.594970504448865
            ],
            [
              -75.62483146799325,
              5.588070604116228
            ],
            [
              -75.62713562779089,
              5.587470749535505
            ],
            [
              -75.63633704023697,
              5.5793706797612
            ],
            [
              -75.63873275194729,
              5.579470830377662
            ],
            [
              -75.64963558136108,
              5.570770425580346
            ],
            [
              -75.65593769118145,
              5.568470650479656
            ],
            [
              -75.66173624650894,
              5.565670664758096
            ],
            [
              -75.67783483626044,
              5.563370468621708
            ],
            [
              -75.68823405858511,
              5.563470664828144
            ],
            [
              -75.69573401177529,
              5.563470707586034
            ],
            [
              -75.68823400911081,
              5.572170655427544
            ],
            [
              -75.694040122543,
              5.581970754875716
            ],
            [
              -75.69293375316079,
              5.594071103004738
            ],
            [
              -75.69173582430261,
              5.606771318564809
            ],
            [
              -75.6813364923338,
              5.625771524101042
            ],
            [
              -75.67673569902071,
              5.644871423222062
            ],
            [
              -75.67273767197982,
              5.659871911115512
            ],
            [
              -75.6721348155066,
              5.679472041626686
            ],
            [
              -75.67223389001525,
              5.698571968812286
            ],
            [
              -75.66813666666782,
              5.715272400234225
            ],
            [
              -75.66643517883716,
              5.727972613942089
            ],
            [
              -75.66165897546172,
              5.734451922094397
            ],
            [
              -75.65818748989874,
              5.733008499376905
            ],
            [
              -75.65508987027516,
              5.729392107509872
            ],
            [
              -75.65405993003613,
              5.718542980560017
            ],
            [
              -75.65302243227737,
              5.695294518090536
            ],
            [
              -75.64992491755805,
              5.673596259174652
            ],
            [
              -75.64475969958596,
              5.663264006203688
            ],
            [
              -75.6364891693287,
              5.660164005247898
            ],
            [
              -75.6297750682231,
              5.660680863523559
            ],
            [
              -75.62292361572491,
              5.664240452792914
            ]
          ]
        ]
      }
    },
    {
      "type": "Feature",
      "properties": {
        "AREA": 237869492.86,
        "PERIMETER": 67657.657469,
        "WCOLGEN02_": 525,
        "WCOLGEN021": 352,
        "DPTO": "05",
        "NOMBRE_DPT": "ANTIOQUIA",
        "MPIO": "364",
        "NOMBRE_MPI": "JARDIN",
        "NOMBRE_CAB": "JARDIN",
        "CLASEMUN": "CM",
        "MPIOS": "05364",
        "ZONA": "ZONA06",
        "OF_REG": "DAMED",
        "REG_ZONAS": "DAMEDZONA06",
        "HECTARES": 23786.949
      },
      "geometry": {
        "type": "Polygon",
        "coordinates": [
          [
            [
              -75.82784104957533,
              5.648972665897895
            ],
            [
              -75.81973835577881,
              5.648372274278058
            ],
            [
              -75.80763765474784,
              5.659272348305137
            ],
            [
              -75.8013431502583,
              5.66557235570406
            ],
            [
              -75.79494184675173,
              5.669072342943019
            ],
            [
              -75.7892424822404,
              5.6707727304188
            ],
            [
              -75.78863979649199,
              5.660872521853455
            ],
            [
              -75.7765392585246,
              5.643572127550238
            ],
            [
              -75.76553742847364,
              5.619771899911336
            ],
            [
              -75.75513840601327,
              5.584571326368203
            ],
            [
              -75.74763866257383,
              5.547570690967244
            ],
            [
              -75.74473945144953,
              5.537170740211733
            ],
            [
              -75.7608381208754,
              5.520970585360909
            ],
            [
              -75.76894081082028,
              5.522170843671642
            ],
            [
              -75.78333799124576,
              5.519370906037844
            ],
            [
              -75.79373723437556,
              5.515970601056232
            ],
            [
              -75.80694419857069,
              5.511371052998188
            ],
            [
              -75.81963994940483,
              5.511470784693742
            ],
            [
              -75.83124465643385,
              5.512071194851755
            ],
            [
              -75.83753912803299,
              5.511470885646116
            ],
            [
              -75.84844196115105,
              5.502370884787601
            ],
            [
              -75.85654469725348,
              5.495471019370749
            ],
            [
              -75.86524251147932,
              5.494871200395846
            ],
            [
              -75.87904461226748,
              5.486270946448942
            ],
            [
              -75.88194391502226,
              5.480471127285719
            ],
            [
              -75.88314944666848,
              5.472308544028776
            ],
            [
              -75.88934474156576,
              5.47017089374669
            ],
            [
              -75.89284676168002,
              5.468970700747489
            ],
            [
              -75.89864530189703,
              5.469070870104785
            ],
            [
              -75.90844178067886,
              5.469670792774885
            ],
            [
              -75.89634094474397,
              5.504871239735157
            ],
            [
              -75.8992476856457,
              5.533171383669616
            ],
            [
              -75.8980420723972,
              5.555671669229823
            ],
            [
              -75.89814102837707,
              5.596072155814308
            ],
            [
              -75.89004578518836,
              5.626672528045529
            ],
            [
              -75.87684647244114,
              5.627172659955066
            ],
            [
              -75.85604039014486,
              5.627672271208495
            ],
            [
              -75.83354045110647,
              5.640872574211038
            ],
            [
              -75.82784104957533,
              5.648972665897895
            ]
          ]
        ]
      }
    },
    {
      "type": "Feature",
      "properties": {
        "AREA": 304105725.8,
        "PERIMETER": 84662.928679,
        "WCOLGEN02_": 526,
        "WCOLGEN021": 362,
        "DPTO": "05",
        "NOMBRE_DPT": "ANTIOQUIA",
        "MPIO": "483",
        "NOMBRE_MPI": "NARI¥O",
        "NOMBRE_CAB": "NARI¥O",
        "CLASEMUN": "CM",
        "MPIOS": "05483",
        "ZONA": "ZONA03",
        "OF_REG": "DAMED",
        "REG_ZONAS": "DAMEDZONA03",
        "HECTARES": 30410.573
      },
      "geometry": {
        "type": "Polygon",
        "coordinates": [
          [
            [
              -75.23291850243764,
              5.667869337081031
            ],
            [
              -75.22651727696928,
              5.658568967966739
            ],
            [
              -75.21272291066366,
              5.650369108000804
            ],
            [
              -75.1977229681695,
              5.657868795758781
            ],
            [
              -75.18212034075763,
              5.655468757788211
            ],
            [
              -75.16201619783837,
              5.656568715719409
            ],
            [
              -75.145818420865,
              5.660568850829217
            ],
            [
              -75.13261911464585,
              5.661668848863769
            ],
            [
              -75.11932063009813,
              5.661568634403862
            ],
            [
              -75.11011928210074,
              5.659268293850512
            ],
            [
              -75.09401307925918,
              5.660268138006965
            ],
            [
              -75.09111386470661,
              5.651068404396761
            ],
            [
              -75.10781520129802,
              5.646468404874643
            ],
            [
              -75.11241588834294,
              5.645368356667022
            ],
            [
              -75.11641386297246,
              5.63906834061888
            ],
            [
              -75.11761941180177,
              5.628068074710224
            ],
            [
              -75.11932088101604,
              5.618268023591352
            ],
            [
              -75.12331886932067,
              5.609568060765504
            ],
            [
              -75.1216175395989,
              5.59516789346596
            ],
            [
              -75.12101483378615,
              5.588767714113733
            ],
            [
              -75.12101489630533,
              5.577867578585203
            ],
            [
              -75.12731702912674,
              5.570967708401929
            ],
            [
              -75.13661759269826,
              5.568067607617964
            ],
            [
              -75.14351481562781,
              5.565167493000189
            ],
            [
              -75.1498169347889,
              5.560667569391037
            ],
            [
              -75.15331899521385,
              5.551967603724855
            ],
            [
              -75.15561557321712,
              5.542767423737564
            ],
            [
              -75.15791977453749,
              5.534667318745911
            ],
            [
              -75.16361916124929,
              5.528367312342525
            ],
            [
              -75.16821986200391,
              5.524867316934176
            ],
            [
              -75.17632258269312,
              5.51976753590086
            ],
            [
              -75.18901833890585,
              5.517467321372036
            ],
            [
              -75.20111898229999,
              5.515167580241441
            ],
            [
              -75.2161188874182,
              5.514067590480757
            ],
            [
              -75.23162236913504,
              5.509567718611262
            ],
            [
              -75.24372312018403,
              5.488267245955218
            ],
            [
              -75.25122317051532,
              5.470367109018809
            ],
            [
              -75.27082379971253,
              5.461767370265473
            ],
            [
              -75.28292445681596,
              5.457167341531041
            ],
            [
              -75.28462587919469,
              5.455467408627882
            ],
            [
              -75.29962576925784,
              5.457267572178876
            ],
            [
              -75.31002498749395,
              5.457367290590345
            ],
            [
              -75.29732152291537,
              5.473467319803798
            ],
            [
              -75.29622279429095,
              5.483867719292401
            ],
            [
              -75.29392620026647,
              5.495967577795325
            ],
            [
              -75.29042413709982,
              5.505167751948603
            ],
            [
              -75.28352682228928,
              5.524167968454712
            ],
            [
              -75.27722461958791,
              5.543268325323732
            ],
            [
              -75.28302310096781,
              5.553068420283149
            ],
            [
              -75.27492030617277,
              5.570968555237288
            ],
            [
              -75.28822632001065,
              5.588968950220696
            ],
            [
              -75.29342204167084,
              5.601668720440555
            ],
            [
              -75.28652473123627,
              5.619568863046691
            ],
            [
              -75.2807260374559,
              5.646669207294928
            ],
            [
              -75.27501897610406,
              5.660469467011916
            ],
            [
              -75.26172044892577,
              5.667369297542593
            ],
            [
              -75.24732329243643,
              5.667269553524951
            ],
            [
              -75.23291850243764,
              5.667869337081031
            ]
          ]
        ]
      }
    },
    {
      "type": "Feature",
      "properties": {
        "AREA": 78939298.2798,
        "PERIMETER": 41838.071655,
        "WCOLGEN02_": 544,
        "WCOLGEN021": 412,
        "DPTO": "05",
        "NOMBRE_DPT": "ANTIOQUIA",
        "MPIO": "145",
        "NOMBRE_MPI": "CARAMANTA",
        "NOMBRE_CAB": "CARAMANTA",
        "CLASEMUN": "CM",
        "MPIOS": "05145",
        "ZONA": "ZONA06",
        "OF_REG": "DAMED",
        "REG_ZONAS": "DAMEDZONA06",
        "HECTARES": 7893.93
      },
      "geometry": {
        "type": "Polygon",
        "coordinates": [
          [
            [
              -75.69573401177529,
              5.563470707586034
            ],
            [
              -75.68823405858511,
              5.563470664828144
            ],
            [
              -75.67783483626044,
              5.563370468621708
            ],
            [
              -75.66173624650894,
              5.565670664758096
            ],
            [
              -75.65593769118145,
              5.568470650479656
            ],
            [
              -75.64963558136108,
              5.570770425580346
            ],
            [
              -75.63873275194729,
              5.579470830377662
            ],
            [
              -75.63633704023697,
              5.5793706797612
            ],
            [
              -75.62713562779089,
              5.587470749535505
            ],
            [
              -75.62483146799325,
              5.588070604116228
            ],
            [
              -75.62313764474013,
              5.594970504448865
            ],
            [
              -75.61393641388699,
              5.571270429364004
            ],
            [
              -75.6121359172322,
              5.553270094727445
            ],
            [
              -75.61333384817263,
              5.540070149993599
            ],
            [
              -75.61333391378595,
              5.528470004865494
            ],
            [
              -75.61213610679759,
              5.519770008539053
            ],
            [
              -75.61093829297535,
              5.512269747765422
            ],
            [
              -75.62023122728232,
              5.510069649491002
            ],
            [
              -75.6305388609736,
              5.515870018694519
            ],
            [
              -75.64903314262583,
              5.517069858795698
            ],
            [
              -75.65593798505988,
              5.516570166998555
            ],
            [
              -75.66463580372792,
              5.514870272962623
            ],
            [
              -75.66693997651626,
              5.511970130398153
            ],
            [
              -75.67673646928868,
              5.509669897900718
            ],
            [
              -75.69053852886455,
              5.507970032580412
            ],
            [
              -75.702639181207,
              5.505170082113609
            ],
            [
              -75.70614121026703,
              5.502269946190632
            ],
            [
              -75.70894130073125,
              5.501170363325321
            ],
            [
              -75.71354198082761,
              5.501770257040157
            ],
            [
              -75.72513905019544,
              5.503570402624332
            ],
            [
              -75.73203622808997,
              5.509370276190984
            ],
            [
              -75.734935465368,
              5.515170604128371
            ],
            [
              -75.73723960904091,
              5.517470428301734
            ],
            [
              -75.74074160221427,
              5.520970471729813
            ],
            [
              -75.7407415830469,
              5.524370835305071
            ],
            [
              -75.7309374339797,
              5.531270690176664
            ],
            [
              -75.72223959830416,
              5.535870740059659
            ],
            [
              -75.71184033943516,
              5.542170723568857
            ],
            [
              -75.70493545694053,
              5.549670462459812
            ],
            [
              -75.69923605689476,
              5.5577705528158
            ],
            [
              -75.69573401177529,
              5.563470707586034
            ]
          ]
        ]
      }
    },
    {
      "type": "Feature",
      "properties": {
        "AREA": 1333941290.11,
        "PERIMETER": 211788.556842,
        "WCOLGEN02_": 1122,
        "WCOLGEN021": 361,
        "DPTO": "05",
        "NOMBRE_DPT": "ANTIOQUIA",
        "MPIO": "480",
        "NOMBRE_MPI": "MUTATA",
        "NOMBRE_CAB": "MUTATA",
        "CLASEMUN": "CM",
        "MPIOS": "05480",
        "ZONA": "ZONA02",
        "OF_REG": "DAMED",
        "REG_ZONAS": "DAMEDZONA02",
        "HECTARES": 133394.129
      },
      "geometry": {
        "type": "Polygon",
        "coordinates": [
          [
            [
              -76.74920984680134,
              7.466927910412767
            ],
            [
              -76.6442485271845,
              7.467151233351379
            ],
            [
              -76.62763881452575,
              7.457982354118861
            ],
            [
              -76.6161790831289,
              7.454509413801581
            ],
            [
              -76.60663431486546,
              7.461976239339546
            ],
            [
              -76.58631637849228,
              7.480034638500808
            ],
            [
              -76.57502436925527,
              7.493751919525208
            ],
            [
              -76.55925368960668,
              7.514901254448782
            ],
            [
              -76.55355421019884,
              7.530501157400352
            ],
            [
              -76.54145340694883,
              7.550601463711295
            ],
            [
              -76.52645343246543,
              7.557501279303607
            ],
            [
              -76.52295126509804,
              7.577101442180697
            ],
            [
              -76.51035459950052,
              7.588601865434634
            ],
            [
              -76.49935257411762,
              7.594901841719412
            ],
            [
              -76.48435278794679,
              7.577501217407623
            ],
            [
              -76.478554394103,
              7.557900983957217
            ],
            [
              -76.47395390256712,
              7.532400771807432
            ],
            [
              -76.46295197094128,
              7.526600359644329
            ],
            [
              -76.45265206585017,
              7.508100172276325
            ],
            [
              -76.44274892522563,
              7.486699824829945
            ],
            [
              -76.43244901582992,
              7.468699371279727
            ],
            [
              -76.42604782428634,
              7.455999066206393
            ],
            [
              -76.42204996389223,
              7.444999204417836
            ],
            [
              -76.40705023324458,
              7.420098788306734
            ],
            [
              -76.40125177640421,
              7.408498567497412
            ],
            [
              -76.39314913005818,
              7.400998231825387
            ],
            [
              -76.3949497526042,
              7.398098081942233
            ],
            [
              -76.38224655453836,
              7.37259781627553
            ],
            [
              -76.35854899360594,
              7.349397286827986
            ],
            [
              -76.33495062287615,
              7.325596890455983
            ],
            [
              -76.31294684732944,
              7.302396376886558
            ],
            [
              -76.29334637251452,
              7.284995731360594
            ],
            [
              -76.27954442004375,
              7.270495769214572
            ],
            [
              -76.26564325603617,
              7.259495361927726
            ],
            [
              -76.24664550784745,
              7.244395016558655
            ],
            [
              -76.22874639282158,
              7.234494658890883
            ],
            [
              -76.21784366509533,
              7.2263944374571
            ],
            [
              -76.19304744263536,
              7.201994172323126
            ],
            [
              -76.18434207023776,
              7.192194020806805
            ],
            [
              -76.15664655954187,
              7.170093553087739
            ],
            [
              -76.14343970432843,
              7.157892939683093
            ],
            [
              -76.13068300753434,
              7.144550289961797
            ],
            [
              -76.14574396371917,
              7.143992969599291
            ],
            [
              -76.16824383127658,
              7.144693139558981
            ],
            [
              -76.19644304817857,
              7.146593566029889
            ],
            [
              -76.2316462959509,
              7.148493566676593
            ],
            [
              -76.25004901626986,
              7.151993731943896
            ],
            [
              -76.2702446609133,
              7.161894104175318
            ],
            [
              -76.30194578632901,
              7.178794624113117
            ],
            [
              -76.32674976084637,
              7.186994607139552
            ],
            [
              -76.35674957483928,
              7.189995126168374
            ],
            [
              -76.38784806132132,
              7.192995176506846
            ],
            [
              -76.41615409621461,
              7.195395814132241
            ],
            [
              -76.42765202902869,
              7.191395657061662
            ],
            [
              -76.43795237416295,
              7.150494948324255
            ],
            [
              -76.44665040118582,
              7.12159495150922
            ],
            [
              -76.465053350775,
              7.093994423734538
            ],
            [
              -76.48345618390901,
              7.082494519372657
            ],
            [
              -76.50135543417439,
              7.074494643056603
            ],
            [
              -76.5301574085295,
              7.075794725536361
            ],
            [
              -76.52615939797907,
              7.084994917420954
            ],
            [
              -76.5175530533278,
              7.096494892882742
            ],
            [
              -76.51156366509619,
              7.110543616288164
            ],
            [
              -76.51115928599138,
              7.111494916386048
            ],
            [
              -76.50315567591592,
              7.124195111502791
            ],
            [
              -76.49965356411529,
              7.13739554815303
            ],
            [
              -76.5071534232471,
              7.151295594358673
            ],
            [
              -76.51295190932422,
              7.159395779362489
            ],
            [
              -76.51875781744836,
              7.195896295908454
            ],
            [
              -76.52275555845813,
              7.223596650871489
            ],
            [
              -76.5389531319698,
              7.251397233801057
            ],
            [
              -76.55445655050563,
              7.259597629140428
            ],
            [
              -76.56873911070049,
              7.282942572574167
            ],
            [
              -76.5837083845423,
              7.300355109249318
            ],
            [
              -76.61566132531732,
              7.313498590470394
            ],
            [
              -76.63777965535719,
              7.322961242440881
            ],
            [
              -76.65489289538681,
              7.336402642360509
            ],
            [
              -76.66894667376161,
              7.345261551097878
            ],
            [
              -76.68177207832774,
              7.353815270957273
            ],
            [
              -76.7034631139052,
              7.367868020338607
            ],
            [
              -76.71690646674296,
              7.383753219787488
            ],
            [
              -76.72423845215783,
              7.400249211126895
            ],
            [
              -76.73431706659778,
              7.423466338103647
            ],
            [
              -76.74920984680134,
              7.466927910412767
            ]
          ]
        ]
      }
    }
  ]
}